{
  "login": ["abhizz"],
  "id": [19489011],
  "node_id": ["MDQ6VXNlcjE5NDg5MDEx"],
  "avatar_url": ["https://avatars2.githubusercontent.com/u/19489011?v=4"],
  "gravatar_id": [""],
  "url": ["https://api.github.com/users/abhizz"],
  "html_url": ["https://github.com/abhizz"],
  "followers_url": ["https://api.github.com/users/abhizz/followers"],
  "following_url": ["https://api.github.com/users/abhizz/following{/other_user}"],
  "gists_url": ["https://api.github.com/users/abhizz/gists{/gist_id}"],
  "starred_url": ["https://api.github.com/users/abhizz/starred{/owner}{/repo}"],
  "subscriptions_url": ["https://api.github.com/users/abhizz/subscriptions"],
  "organizations_url": ["https://api.github.com/users/abhizz/orgs"],
  "repos_url": ["https://api.github.com/users/abhizz/repos"],
  "events_url": ["https://api.github.com/users/abhizz/events{/privacy}"],
  "received_events_url": ["https://api.github.com/users/abhizz/received_events"],
  "type": ["User"],
  "site_admin": [false]
}
