{
  "login": ["adam-gruer"],
  "id": [681265],
  "node_id": ["MDQ6VXNlcjY4MTI2NQ=="],
  "avatar_url": ["https://avatars2.githubusercontent.com/u/681265?v=4"],
  "gravatar_id": [""],
  "url": ["https://api.github.com/users/adam-gruer"],
  "html_url": ["https://github.com/adam-gruer"],
  "followers_url": ["https://api.github.com/users/adam-gruer/followers"],
  "following_url": ["https://api.github.com/users/adam-gruer/following{/other_user}"],
  "gists_url": ["https://api.github.com/users/adam-gruer/gists{/gist_id}"],
  "starred_url": ["https://api.github.com/users/adam-gruer/starred{/owner}{/repo}"],
  "subscriptions_url": ["https://api.github.com/users/adam-gruer/subscriptions"],
  "organizations_url": ["https://api.github.com/users/adam-gruer/orgs"],
  "repos_url": ["https://api.github.com/users/adam-gruer/repos"],
  "events_url": ["https://api.github.com/users/adam-gruer/events{/privacy}"],
  "received_events_url": ["https://api.github.com/users/adam-gruer/received_events"],
  "type": ["User"],
  "site_admin": [false]
}
