{
  "login": ["apmulapmu"],
  "id": [46646516],
  "node_id": ["MDQ6VXNlcjQ2NjQ2NTE2"],
  "avatar_url": ["https://avatars2.githubusercontent.com/u/46646516?v=4"],
  "gravatar_id": [""],
  "url": ["https://api.github.com/users/apmulapmu"],
  "html_url": ["https://github.com/apmulapmu"],
  "followers_url": ["https://api.github.com/users/apmulapmu/followers"],
  "following_url": ["https://api.github.com/users/apmulapmu/following{/other_user}"],
  "gists_url": ["https://api.github.com/users/apmulapmu/gists{/gist_id}"],
  "starred_url": ["https://api.github.com/users/apmulapmu/starred{/owner}{/repo}"],
  "subscriptions_url": ["https://api.github.com/users/apmulapmu/subscriptions"],
  "organizations_url": ["https://api.github.com/users/apmulapmu/orgs"],
  "repos_url": ["https://api.github.com/users/apmulapmu/repos"],
  "events_url": ["https://api.github.com/users/apmulapmu/events{/privacy}"],
  "received_events_url": ["https://api.github.com/users/apmulapmu/received_events"],
  "type": ["User"],
  "site_admin": [false]
}
