{
  "login": ["asifzubair"],
  "id": [5473114],
  "node_id": ["MDQ6VXNlcjU0NzMxMTQ="],
  "avatar_url": ["https://avatars0.githubusercontent.com/u/5473114?v=4"],
  "gravatar_id": [""],
  "url": ["https://api.github.com/users/asifzubair"],
  "html_url": ["https://github.com/asifzubair"],
  "followers_url": ["https://api.github.com/users/asifzubair/followers"],
  "following_url": ["https://api.github.com/users/asifzubair/following{/other_user}"],
  "gists_url": ["https://api.github.com/users/asifzubair/gists{/gist_id}"],
  "starred_url": ["https://api.github.com/users/asifzubair/starred{/owner}{/repo}"],
  "subscriptions_url": ["https://api.github.com/users/asifzubair/subscriptions"],
  "organizations_url": ["https://api.github.com/users/asifzubair/orgs"],
  "repos_url": ["https://api.github.com/users/asifzubair/repos"],
  "events_url": ["https://api.github.com/users/asifzubair/events{/privacy}"],
  "received_events_url": ["https://api.github.com/users/asifzubair/received_events"],
  "type": ["User"],
  "site_admin": [false]
}
