{
  "login": ["ateucher"],
  "id": [2816635],
  "node_id": ["MDQ6VXNlcjI4MTY2MzU="],
  "avatar_url": ["https://avatars2.githubusercontent.com/u/2816635?v=4"],
  "gravatar_id": [""],
  "url": ["https://api.github.com/users/ateucher"],
  "html_url": ["https://github.com/ateucher"],
  "followers_url": ["https://api.github.com/users/ateucher/followers"],
  "following_url": ["https://api.github.com/users/ateucher/following{/other_user}"],
  "gists_url": ["https://api.github.com/users/ateucher/gists{/gist_id}"],
  "starred_url": ["https://api.github.com/users/ateucher/starred{/owner}{/repo}"],
  "subscriptions_url": ["https://api.github.com/users/ateucher/subscriptions"],
  "organizations_url": ["https://api.github.com/users/ateucher/orgs"],
  "repos_url": ["https://api.github.com/users/ateucher/repos"],
  "events_url": ["https://api.github.com/users/ateucher/events{/privacy}"],
  "received_events_url": ["https://api.github.com/users/ateucher/received_events"],
  "type": ["User"],
  "site_admin": [false]
}
