{
  "login": ["blewis49"],
  "id": [34959959],
  "node_id": ["MDQ6VXNlcjM0OTU5OTU5"],
  "avatar_url": ["https://avatars1.githubusercontent.com/u/34959959?v=4"],
  "gravatar_id": [""],
  "url": ["https://api.github.com/users/blewis49"],
  "html_url": ["https://github.com/blewis49"],
  "followers_url": ["https://api.github.com/users/blewis49/followers"],
  "following_url": ["https://api.github.com/users/blewis49/following{/other_user}"],
  "gists_url": ["https://api.github.com/users/blewis49/gists{/gist_id}"],
  "starred_url": ["https://api.github.com/users/blewis49/starred{/owner}{/repo}"],
  "subscriptions_url": ["https://api.github.com/users/blewis49/subscriptions"],
  "organizations_url": ["https://api.github.com/users/blewis49/orgs"],
  "repos_url": ["https://api.github.com/users/blewis49/repos"],
  "events_url": ["https://api.github.com/users/blewis49/events{/privacy}"],
  "received_events_url": ["https://api.github.com/users/blewis49/received_events"],
  "type": ["User"],
  "site_admin": [false]
}
