{
  "login": ["bmchorse"],
  "id": [20344778],
  "node_id": ["MDQ6VXNlcjIwMzQ0Nzc4"],
  "avatar_url": ["https://avatars1.githubusercontent.com/u/20344778?v=4"],
  "gravatar_id": [""],
  "url": ["https://api.github.com/users/bmchorse"],
  "html_url": ["https://github.com/bmchorse"],
  "followers_url": ["https://api.github.com/users/bmchorse/followers"],
  "following_url": ["https://api.github.com/users/bmchorse/following{/other_user}"],
  "gists_url": ["https://api.github.com/users/bmchorse/gists{/gist_id}"],
  "starred_url": ["https://api.github.com/users/bmchorse/starred{/owner}{/repo}"],
  "subscriptions_url": ["https://api.github.com/users/bmchorse/subscriptions"],
  "organizations_url": ["https://api.github.com/users/bmchorse/orgs"],
  "repos_url": ["https://api.github.com/users/bmchorse/repos"],
  "events_url": ["https://api.github.com/users/bmchorse/events{/privacy}"],
  "received_events_url": ["https://api.github.com/users/bmchorse/received_events"],
  "type": ["User"],
  "site_admin": [false]
}
