{
  "login": ["brunaw"],
  "id": [18500161],
  "node_id": ["MDQ6VXNlcjE4NTAwMTYx"],
  "avatar_url": ["https://avatars3.githubusercontent.com/u/18500161?v=4"],
  "gravatar_id": [""],
  "url": ["https://api.github.com/users/brunaw"],
  "html_url": ["https://github.com/brunaw"],
  "followers_url": ["https://api.github.com/users/brunaw/followers"],
  "following_url": ["https://api.github.com/users/brunaw/following{/other_user}"],
  "gists_url": ["https://api.github.com/users/brunaw/gists{/gist_id}"],
  "starred_url": ["https://api.github.com/users/brunaw/starred{/owner}{/repo}"],
  "subscriptions_url": ["https://api.github.com/users/brunaw/subscriptions"],
  "organizations_url": ["https://api.github.com/users/brunaw/orgs"],
  "repos_url": ["https://api.github.com/users/brunaw/repos"],
  "events_url": ["https://api.github.com/users/brunaw/events{/privacy}"],
  "received_events_url": ["https://api.github.com/users/brunaw/received_events"],
  "type": ["User"],
  "site_admin": [false]
}
