{
  "login": ["cbarlow6"],
  "id": [22360712],
  "node_id": ["MDQ6VXNlcjIyMzYwNzEy"],
  "avatar_url": ["https://avatars0.githubusercontent.com/u/22360712?v=4"],
  "gravatar_id": [""],
  "url": ["https://api.github.com/users/cbarlow6"],
  "html_url": ["https://github.com/cbarlow6"],
  "followers_url": ["https://api.github.com/users/cbarlow6/followers"],
  "following_url": ["https://api.github.com/users/cbarlow6/following{/other_user}"],
  "gists_url": ["https://api.github.com/users/cbarlow6/gists{/gist_id}"],
  "starred_url": ["https://api.github.com/users/cbarlow6/starred{/owner}{/repo}"],
  "subscriptions_url": ["https://api.github.com/users/cbarlow6/subscriptions"],
  "organizations_url": ["https://api.github.com/users/cbarlow6/orgs"],
  "repos_url": ["https://api.github.com/users/cbarlow6/repos"],
  "events_url": ["https://api.github.com/users/cbarlow6/events{/privacy}"],
  "received_events_url": ["https://api.github.com/users/cbarlow6/received_events"],
  "type": ["User"],
  "site_admin": [false]
}
