{
  "login": ["dab414"],
  "id": [22179795],
  "node_id": ["MDQ6VXNlcjIyMTc5Nzk1"],
  "avatar_url": ["https://avatars0.githubusercontent.com/u/22179795?v=4"],
  "gravatar_id": [""],
  "url": ["https://api.github.com/users/dab414"],
  "html_url": ["https://github.com/dab414"],
  "followers_url": ["https://api.github.com/users/dab414/followers"],
  "following_url": ["https://api.github.com/users/dab414/following{/other_user}"],
  "gists_url": ["https://api.github.com/users/dab414/gists{/gist_id}"],
  "starred_url": ["https://api.github.com/users/dab414/starred{/owner}{/repo}"],
  "subscriptions_url": ["https://api.github.com/users/dab414/subscriptions"],
  "organizations_url": ["https://api.github.com/users/dab414/orgs"],
  "repos_url": ["https://api.github.com/users/dab414/repos"],
  "events_url": ["https://api.github.com/users/dab414/events{/privacy}"],
  "received_events_url": ["https://api.github.com/users/dab414/received_events"],
  "type": ["User"],
  "site_admin": [false]
}
