{
  "login": ["dfalbel"],
  "id": [4706822],
  "node_id": ["MDQ6VXNlcjQ3MDY4MjI="],
  "avatar_url": ["https://avatars3.githubusercontent.com/u/4706822?v=4"],
  "gravatar_id": [""],
  "url": ["https://api.github.com/users/dfalbel"],
  "html_url": ["https://github.com/dfalbel"],
  "followers_url": ["https://api.github.com/users/dfalbel/followers"],
  "following_url": ["https://api.github.com/users/dfalbel/following{/other_user}"],
  "gists_url": ["https://api.github.com/users/dfalbel/gists{/gist_id}"],
  "starred_url": ["https://api.github.com/users/dfalbel/starred{/owner}{/repo}"],
  "subscriptions_url": ["https://api.github.com/users/dfalbel/subscriptions"],
  "organizations_url": ["https://api.github.com/users/dfalbel/orgs"],
  "repos_url": ["https://api.github.com/users/dfalbel/repos"],
  "events_url": ["https://api.github.com/users/dfalbel/events{/privacy}"],
  "received_events_url": ["https://api.github.com/users/dfalbel/received_events"],
  "type": ["User"],
  "site_admin": [false]
}
