{
  "login": ["dmullen17"],
  "id": [15136438],
  "node_id": ["MDQ6VXNlcjE1MTM2NDM4"],
  "avatar_url": ["https://avatars1.githubusercontent.com/u/15136438?v=4"],
  "gravatar_id": [""],
  "url": ["https://api.github.com/users/dmullen17"],
  "html_url": ["https://github.com/dmullen17"],
  "followers_url": ["https://api.github.com/users/dmullen17/followers"],
  "following_url": ["https://api.github.com/users/dmullen17/following{/other_user}"],
  "gists_url": ["https://api.github.com/users/dmullen17/gists{/gist_id}"],
  "starred_url": ["https://api.github.com/users/dmullen17/starred{/owner}{/repo}"],
  "subscriptions_url": ["https://api.github.com/users/dmullen17/subscriptions"],
  "organizations_url": ["https://api.github.com/users/dmullen17/orgs"],
  "repos_url": ["https://api.github.com/users/dmullen17/repos"],
  "events_url": ["https://api.github.com/users/dmullen17/events{/privacy}"],
  "received_events_url": ["https://api.github.com/users/dmullen17/received_events"],
  "type": ["User"],
  "site_admin": [false]
}
