{
  "login": ["doug-friedman"],
  "id": [316741],
  "node_id": ["MDQ6VXNlcjMxNjc0MQ=="],
  "avatar_url": ["https://avatars0.githubusercontent.com/u/316741?v=4"],
  "gravatar_id": [""],
  "url": ["https://api.github.com/users/doug-friedman"],
  "html_url": ["https://github.com/doug-friedman"],
  "followers_url": ["https://api.github.com/users/doug-friedman/followers"],
  "following_url": ["https://api.github.com/users/doug-friedman/following{/other_user}"],
  "gists_url": ["https://api.github.com/users/doug-friedman/gists{/gist_id}"],
  "starred_url": ["https://api.github.com/users/doug-friedman/starred{/owner}{/repo}"],
  "subscriptions_url": ["https://api.github.com/users/doug-friedman/subscriptions"],
  "organizations_url": ["https://api.github.com/users/doug-friedman/orgs"],
  "repos_url": ["https://api.github.com/users/doug-friedman/repos"],
  "events_url": ["https://api.github.com/users/doug-friedman/events{/privacy}"],
  "received_events_url": ["https://api.github.com/users/doug-friedman/received_events"],
  "type": ["User"],
  "site_admin": [false]
}
