{
  "login": ["dpseidel"],
  "id": [16724456],
  "node_id": ["MDQ6VXNlcjE2NzI0NDU2"],
  "avatar_url": ["https://avatars1.githubusercontent.com/u/16724456?v=4"],
  "gravatar_id": [""],
  "url": ["https://api.github.com/users/dpseidel"],
  "html_url": ["https://github.com/dpseidel"],
  "followers_url": ["https://api.github.com/users/dpseidel/followers"],
  "following_url": ["https://api.github.com/users/dpseidel/following{/other_user}"],
  "gists_url": ["https://api.github.com/users/dpseidel/gists{/gist_id}"],
  "starred_url": ["https://api.github.com/users/dpseidel/starred{/owner}{/repo}"],
  "subscriptions_url": ["https://api.github.com/users/dpseidel/subscriptions"],
  "organizations_url": ["https://api.github.com/users/dpseidel/orgs"],
  "repos_url": ["https://api.github.com/users/dpseidel/repos"],
  "events_url": ["https://api.github.com/users/dpseidel/events{/privacy}"],
  "received_events_url": ["https://api.github.com/users/dpseidel/received_events"],
  "type": ["User"],
  "site_admin": [false]
}
