{
  "login": ["EvaMaeRey"],
  "id": [10491910],
  "node_id": ["MDQ6VXNlcjEwNDkxOTEw"],
  "avatar_url": ["https://avatars2.githubusercontent.com/u/10491910?v=4"],
  "gravatar_id": [""],
  "url": ["https://api.github.com/users/EvaMaeRey"],
  "html_url": ["https://github.com/EvaMaeRey"],
  "followers_url": ["https://api.github.com/users/EvaMaeRey/followers"],
  "following_url": ["https://api.github.com/users/EvaMaeRey/following{/other_user}"],
  "gists_url": ["https://api.github.com/users/EvaMaeRey/gists{/gist_id}"],
  "starred_url": ["https://api.github.com/users/EvaMaeRey/starred{/owner}{/repo}"],
  "subscriptions_url": ["https://api.github.com/users/EvaMaeRey/subscriptions"],
  "organizations_url": ["https://api.github.com/users/EvaMaeRey/orgs"],
  "repos_url": ["https://api.github.com/users/EvaMaeRey/repos"],
  "events_url": ["https://api.github.com/users/EvaMaeRey/events{/privacy}"],
  "received_events_url": ["https://api.github.com/users/EvaMaeRey/received_events"],
  "type": ["User"],
  "site_admin": [false]
}
