{
  "login": ["fbchow"],
  "id": [7958676],
  "node_id": ["MDQ6VXNlcjc5NTg2NzY="],
  "avatar_url": ["https://avatars2.githubusercontent.com/u/7958676?v=4"],
  "gravatar_id": [""],
  "url": ["https://api.github.com/users/fbchow"],
  "html_url": ["https://github.com/fbchow"],
  "followers_url": ["https://api.github.com/users/fbchow/followers"],
  "following_url": ["https://api.github.com/users/fbchow/following{/other_user}"],
  "gists_url": ["https://api.github.com/users/fbchow/gists{/gist_id}"],
  "starred_url": ["https://api.github.com/users/fbchow/starred{/owner}{/repo}"],
  "subscriptions_url": ["https://api.github.com/users/fbchow/subscriptions"],
  "organizations_url": ["https://api.github.com/users/fbchow/orgs"],
  "repos_url": ["https://api.github.com/users/fbchow/repos"],
  "events_url": ["https://api.github.com/users/fbchow/events{/privacy}"],
  "received_events_url": ["https://api.github.com/users/fbchow/received_events"],
  "type": ["User"],
  "site_admin": [false]
}
