{
  "login": ["fdrennan"],
  "id": [15859281],
  "node_id": ["MDQ6VXNlcjE1ODU5Mjgx"],
  "avatar_url": ["https://avatars1.githubusercontent.com/u/15859281?v=4"],
  "gravatar_id": [""],
  "url": ["https://api.github.com/users/fdrennan"],
  "html_url": ["https://github.com/fdrennan"],
  "followers_url": ["https://api.github.com/users/fdrennan/followers"],
  "following_url": ["https://api.github.com/users/fdrennan/following{/other_user}"],
  "gists_url": ["https://api.github.com/users/fdrennan/gists{/gist_id}"],
  "starred_url": ["https://api.github.com/users/fdrennan/starred{/owner}{/repo}"],
  "subscriptions_url": ["https://api.github.com/users/fdrennan/subscriptions"],
  "organizations_url": ["https://api.github.com/users/fdrennan/orgs"],
  "repos_url": ["https://api.github.com/users/fdrennan/repos"],
  "events_url": ["https://api.github.com/users/fdrennan/events{/privacy}"],
  "received_events_url": ["https://api.github.com/users/fdrennan/received_events"],
  "type": ["User"],
  "site_admin": [false]
}
