{
  "login": ["Frank-Sw"],
  "id": [28422161],
  "node_id": ["MDQ6VXNlcjI4NDIyMTYx"],
  "avatar_url": ["https://avatars2.githubusercontent.com/u/28422161?v=4"],
  "gravatar_id": [""],
  "url": ["https://api.github.com/users/Frank-Sw"],
  "html_url": ["https://github.com/Frank-Sw"],
  "followers_url": ["https://api.github.com/users/Frank-Sw/followers"],
  "following_url": ["https://api.github.com/users/Frank-Sw/following{/other_user}"],
  "gists_url": ["https://api.github.com/users/Frank-Sw/gists{/gist_id}"],
  "starred_url": ["https://api.github.com/users/Frank-Sw/starred{/owner}{/repo}"],
  "subscriptions_url": ["https://api.github.com/users/Frank-Sw/subscriptions"],
  "organizations_url": ["https://api.github.com/users/Frank-Sw/orgs"],
  "repos_url": ["https://api.github.com/users/Frank-Sw/repos"],
  "events_url": ["https://api.github.com/users/Frank-Sw/events{/privacy}"],
  "received_events_url": ["https://api.github.com/users/Frank-Sw/received_events"],
  "type": ["User"],
  "site_admin": [false]
}
