{
  "login": ["Hellengeremias"],
  "id": [22616401],
  "node_id": ["MDQ6VXNlcjIyNjE2NDAx"],
  "avatar_url": ["https://avatars2.githubusercontent.com/u/22616401?v=4"],
  "gravatar_id": [""],
  "url": ["https://api.github.com/users/Hellengeremias"],
  "html_url": ["https://github.com/Hellengeremias"],
  "followers_url": ["https://api.github.com/users/Hellengeremias/followers"],
  "following_url": ["https://api.github.com/users/Hellengeremias/following{/other_user}"],
  "gists_url": ["https://api.github.com/users/Hellengeremias/gists{/gist_id}"],
  "starred_url": ["https://api.github.com/users/Hellengeremias/starred{/owner}{/repo}"],
  "subscriptions_url": ["https://api.github.com/users/Hellengeremias/subscriptions"],
  "organizations_url": ["https://api.github.com/users/Hellengeremias/orgs"],
  "repos_url": ["https://api.github.com/users/Hellengeremias/repos"],
  "events_url": ["https://api.github.com/users/Hellengeremias/events{/privacy}"],
  "received_events_url": ["https://api.github.com/users/Hellengeremias/received_events"],
  "type": ["User"],
  "site_admin": [false]
}
