{
  "login": ["henchc"],
  "id": [14077472],
  "node_id": ["MDQ6VXNlcjE0MDc3NDcy"],
  "avatar_url": ["https://avatars2.githubusercontent.com/u/14077472?v=4"],
  "gravatar_id": [""],
  "url": ["https://api.github.com/users/henchc"],
  "html_url": ["https://github.com/henchc"],
  "followers_url": ["https://api.github.com/users/henchc/followers"],
  "following_url": ["https://api.github.com/users/henchc/following{/other_user}"],
  "gists_url": ["https://api.github.com/users/henchc/gists{/gist_id}"],
  "starred_url": ["https://api.github.com/users/henchc/starred{/owner}{/repo}"],
  "subscriptions_url": ["https://api.github.com/users/henchc/subscriptions"],
  "organizations_url": ["https://api.github.com/users/henchc/orgs"],
  "repos_url": ["https://api.github.com/users/henchc/repos"],
  "events_url": ["https://api.github.com/users/henchc/events{/privacy}"],
  "received_events_url": ["https://api.github.com/users/henchc/received_events"],
  "type": ["User"],
  "site_admin": [false]
}
