{
  "login": ["idgoodman"],
  "id": [37655994],
  "node_id": ["MDQ6VXNlcjM3NjU1OTk0"],
  "avatar_url": ["https://avatars0.githubusercontent.com/u/37655994?v=4"],
  "gravatar_id": [""],
  "url": ["https://api.github.com/users/idgoodman"],
  "html_url": ["https://github.com/idgoodman"],
  "followers_url": ["https://api.github.com/users/idgoodman/followers"],
  "following_url": ["https://api.github.com/users/idgoodman/following{/other_user}"],
  "gists_url": ["https://api.github.com/users/idgoodman/gists{/gist_id}"],
  "starred_url": ["https://api.github.com/users/idgoodman/starred{/owner}{/repo}"],
  "subscriptions_url": ["https://api.github.com/users/idgoodman/subscriptions"],
  "organizations_url": ["https://api.github.com/users/idgoodman/orgs"],
  "repos_url": ["https://api.github.com/users/idgoodman/repos"],
  "events_url": ["https://api.github.com/users/idgoodman/events{/privacy}"],
  "received_events_url": ["https://api.github.com/users/idgoodman/received_events"],
  "type": ["User"],
  "site_admin": [false]
}
