{
  "login": ["IndrajeetPatil"],
  "id": [11330453],
  "node_id": ["MDQ6VXNlcjExMzMwNDUz"],
  "avatar_url": ["https://avatars1.githubusercontent.com/u/11330453?v=4"],
  "gravatar_id": [""],
  "url": ["https://api.github.com/users/IndrajeetPatil"],
  "html_url": ["https://github.com/IndrajeetPatil"],
  "followers_url": ["https://api.github.com/users/IndrajeetPatil/followers"],
  "following_url": ["https://api.github.com/users/IndrajeetPatil/following{/other_user}"],
  "gists_url": ["https://api.github.com/users/IndrajeetPatil/gists{/gist_id}"],
  "starred_url": ["https://api.github.com/users/IndrajeetPatil/starred{/owner}{/repo}"],
  "subscriptions_url": ["https://api.github.com/users/IndrajeetPatil/subscriptions"],
  "organizations_url": ["https://api.github.com/users/IndrajeetPatil/orgs"],
  "repos_url": ["https://api.github.com/users/IndrajeetPatil/repos"],
  "events_url": ["https://api.github.com/users/IndrajeetPatil/events{/privacy}"],
  "received_events_url": ["https://api.github.com/users/IndrajeetPatil/received_events"],
  "type": ["User"],
  "site_admin": [false]
}
