{
  "login": ["j450h1"],
  "id": [7351530],
  "node_id": ["MDQ6VXNlcjczNTE1MzA="],
  "avatar_url": ["https://avatars3.githubusercontent.com/u/7351530?v=4"],
  "gravatar_id": [""],
  "url": ["https://api.github.com/users/j450h1"],
  "html_url": ["https://github.com/j450h1"],
  "followers_url": ["https://api.github.com/users/j450h1/followers"],
  "following_url": ["https://api.github.com/users/j450h1/following{/other_user}"],
  "gists_url": ["https://api.github.com/users/j450h1/gists{/gist_id}"],
  "starred_url": ["https://api.github.com/users/j450h1/starred{/owner}{/repo}"],
  "subscriptions_url": ["https://api.github.com/users/j450h1/subscriptions"],
  "organizations_url": ["https://api.github.com/users/j450h1/orgs"],
  "repos_url": ["https://api.github.com/users/j450h1/repos"],
  "events_url": ["https://api.github.com/users/j450h1/events{/privacy}"],
  "received_events_url": ["https://api.github.com/users/j450h1/received_events"],
  "type": ["User"],
  "site_admin": [false]
}
