{
  "login": ["jcrafferty"],
  "id": [25089155],
  "node_id": ["MDQ6VXNlcjI1MDg5MTU1"],
  "avatar_url": ["https://avatars1.githubusercontent.com/u/25089155?v=4"],
  "gravatar_id": [""],
  "url": ["https://api.github.com/users/jcrafferty"],
  "html_url": ["https://github.com/jcrafferty"],
  "followers_url": ["https://api.github.com/users/jcrafferty/followers"],
  "following_url": ["https://api.github.com/users/jcrafferty/following{/other_user}"],
  "gists_url": ["https://api.github.com/users/jcrafferty/gists{/gist_id}"],
  "starred_url": ["https://api.github.com/users/jcrafferty/starred{/owner}{/repo}"],
  "subscriptions_url": ["https://api.github.com/users/jcrafferty/subscriptions"],
  "organizations_url": ["https://api.github.com/users/jcrafferty/orgs"],
  "repos_url": ["https://api.github.com/users/jcrafferty/repos"],
  "events_url": ["https://api.github.com/users/jcrafferty/events{/privacy}"],
  "received_events_url": ["https://api.github.com/users/jcrafferty/received_events"],
  "type": ["User"],
  "site_admin": [false]
}
