{
  "login": ["jfsmenezes"],
  "id": [28011198],
  "node_id": ["MDQ6VXNlcjI4MDExMTk4"],
  "avatar_url": ["https://avatars2.githubusercontent.com/u/28011198?v=4"],
  "gravatar_id": [""],
  "url": ["https://api.github.com/users/jfsmenezes"],
  "html_url": ["https://github.com/jfsmenezes"],
  "followers_url": ["https://api.github.com/users/jfsmenezes/followers"],
  "following_url": ["https://api.github.com/users/jfsmenezes/following{/other_user}"],
  "gists_url": ["https://api.github.com/users/jfsmenezes/gists{/gist_id}"],
  "starred_url": ["https://api.github.com/users/jfsmenezes/starred{/owner}{/repo}"],
  "subscriptions_url": ["https://api.github.com/users/jfsmenezes/subscriptions"],
  "organizations_url": ["https://api.github.com/users/jfsmenezes/orgs"],
  "repos_url": ["https://api.github.com/users/jfsmenezes/repos"],
  "events_url": ["https://api.github.com/users/jfsmenezes/events{/privacy}"],
  "received_events_url": ["https://api.github.com/users/jfsmenezes/received_events"],
  "type": ["User"],
  "site_admin": [false]
}
