{
  "login": ["jsta"],
  "id": [7844578],
  "node_id": ["MDQ6VXNlcjc4NDQ1Nzg="],
  "avatar_url": ["https://avatars0.githubusercontent.com/u/7844578?v=4"],
  "gravatar_id": [""],
  "url": ["https://api.github.com/users/jsta"],
  "html_url": ["https://github.com/jsta"],
  "followers_url": ["https://api.github.com/users/jsta/followers"],
  "following_url": ["https://api.github.com/users/jsta/following{/other_user}"],
  "gists_url": ["https://api.github.com/users/jsta/gists{/gist_id}"],
  "starred_url": ["https://api.github.com/users/jsta/starred{/owner}{/repo}"],
  "subscriptions_url": ["https://api.github.com/users/jsta/subscriptions"],
  "organizations_url": ["https://api.github.com/users/jsta/orgs"],
  "repos_url": ["https://api.github.com/users/jsta/repos"],
  "events_url": ["https://api.github.com/users/jsta/events{/privacy}"],
  "received_events_url": ["https://api.github.com/users/jsta/received_events"],
  "type": ["User"],
  "site_admin": [false]
}
