{
  "login": ["kanishkamisra"],
  "id": [10777197],
  "node_id": ["MDQ6VXNlcjEwNzc3MTk3"],
  "avatar_url": ["https://avatars2.githubusercontent.com/u/10777197?v=4"],
  "gravatar_id": [""],
  "url": ["https://api.github.com/users/kanishkamisra"],
  "html_url": ["https://github.com/kanishkamisra"],
  "followers_url": ["https://api.github.com/users/kanishkamisra/followers"],
  "following_url": ["https://api.github.com/users/kanishkamisra/following{/other_user}"],
  "gists_url": ["https://api.github.com/users/kanishkamisra/gists{/gist_id}"],
  "starred_url": ["https://api.github.com/users/kanishkamisra/starred{/owner}{/repo}"],
  "subscriptions_url": ["https://api.github.com/users/kanishkamisra/subscriptions"],
  "organizations_url": ["https://api.github.com/users/kanishkamisra/orgs"],
  "repos_url": ["https://api.github.com/users/kanishkamisra/repos"],
  "events_url": ["https://api.github.com/users/kanishkamisra/events{/privacy}"],
  "received_events_url": ["https://api.github.com/users/kanishkamisra/received_events"],
  "type": ["User"],
  "site_admin": [false]
}
