{
  "login": ["kgilpas"],
  "id": [7350005],
  "node_id": ["MDQ6VXNlcjczNTAwMDU="],
  "avatar_url": ["https://avatars0.githubusercontent.com/u/7350005?v=4"],
  "gravatar_id": [""],
  "url": ["https://api.github.com/users/kgilpas"],
  "html_url": ["https://github.com/kgilpas"],
  "followers_url": ["https://api.github.com/users/kgilpas/followers"],
  "following_url": ["https://api.github.com/users/kgilpas/following{/other_user}"],
  "gists_url": ["https://api.github.com/users/kgilpas/gists{/gist_id}"],
  "starred_url": ["https://api.github.com/users/kgilpas/starred{/owner}{/repo}"],
  "subscriptions_url": ["https://api.github.com/users/kgilpas/subscriptions"],
  "organizations_url": ["https://api.github.com/users/kgilpas/orgs"],
  "repos_url": ["https://api.github.com/users/kgilpas/repos"],
  "events_url": ["https://api.github.com/users/kgilpas/events{/privacy}"],
  "received_events_url": ["https://api.github.com/users/kgilpas/received_events"],
  "type": ["User"],
  "site_admin": [false]
}
