{
  "login": ["Leo4Luffy"],
  "id": [43587182],
  "node_id": ["MDQ6VXNlcjQzNTg3MTgy"],
  "avatar_url": ["https://avatars2.githubusercontent.com/u/43587182?v=4"],
  "gravatar_id": [""],
  "url": ["https://api.github.com/users/Leo4Luffy"],
  "html_url": ["https://github.com/Leo4Luffy"],
  "followers_url": ["https://api.github.com/users/Leo4Luffy/followers"],
  "following_url": ["https://api.github.com/users/Leo4Luffy/following{/other_user}"],
  "gists_url": ["https://api.github.com/users/Leo4Luffy/gists{/gist_id}"],
  "starred_url": ["https://api.github.com/users/Leo4Luffy/starred{/owner}{/repo}"],
  "subscriptions_url": ["https://api.github.com/users/Leo4Luffy/subscriptions"],
  "organizations_url": ["https://api.github.com/users/Leo4Luffy/orgs"],
  "repos_url": ["https://api.github.com/users/Leo4Luffy/repos"],
  "events_url": ["https://api.github.com/users/Leo4Luffy/events{/privacy}"],
  "received_events_url": ["https://api.github.com/users/Leo4Luffy/received_events"],
  "type": ["User"],
  "site_admin": [false]
}
