{
  "login": ["maelle"],
  "id": [8360597],
  "node_id": ["MDQ6VXNlcjgzNjA1OTc="],
  "avatar_url": ["https://avatars0.githubusercontent.com/u/8360597?v=4"],
  "gravatar_id": [""],
  "url": ["https://api.github.com/users/maelle"],
  "html_url": ["https://github.com/maelle"],
  "followers_url": ["https://api.github.com/users/maelle/followers"],
  "following_url": ["https://api.github.com/users/maelle/following{/other_user}"],
  "gists_url": ["https://api.github.com/users/maelle/gists{/gist_id}"],
  "starred_url": ["https://api.github.com/users/maelle/starred{/owner}{/repo}"],
  "subscriptions_url": ["https://api.github.com/users/maelle/subscriptions"],
  "organizations_url": ["https://api.github.com/users/maelle/orgs"],
  "repos_url": ["https://api.github.com/users/maelle/repos"],
  "events_url": ["https://api.github.com/users/maelle/events{/privacy}"],
  "received_events_url": ["https://api.github.com/users/maelle/received_events"],
  "type": ["User"],
  "site_admin": [false]
}
