{
  "login": ["maier-m"],
  "id": [16710796],
  "node_id": ["MDQ6VXNlcjE2NzEwNzk2"],
  "avatar_url": ["https://avatars0.githubusercontent.com/u/16710796?v=4"],
  "gravatar_id": [""],
  "url": ["https://api.github.com/users/maier-m"],
  "html_url": ["https://github.com/maier-m"],
  "followers_url": ["https://api.github.com/users/maier-m/followers"],
  "following_url": ["https://api.github.com/users/maier-m/following{/other_user}"],
  "gists_url": ["https://api.github.com/users/maier-m/gists{/gist_id}"],
  "starred_url": ["https://api.github.com/users/maier-m/starred{/owner}{/repo}"],
  "subscriptions_url": ["https://api.github.com/users/maier-m/subscriptions"],
  "organizations_url": ["https://api.github.com/users/maier-m/orgs"],
  "repos_url": ["https://api.github.com/users/maier-m/repos"],
  "events_url": ["https://api.github.com/users/maier-m/events{/privacy}"],
  "received_events_url": ["https://api.github.com/users/maier-m/received_events"],
  "type": ["User"],
  "site_admin": [false]
}
