{
  "login": ["marcosci"],
  "id": [10864574],
  "node_id": ["MDQ6VXNlcjEwODY0NTc0"],
  "avatar_url": ["https://avatars0.githubusercontent.com/u/10864574?v=4"],
  "gravatar_id": [""],
  "url": ["https://api.github.com/users/marcosci"],
  "html_url": ["https://github.com/marcosci"],
  "followers_url": ["https://api.github.com/users/marcosci/followers"],
  "following_url": ["https://api.github.com/users/marcosci/following{/other_user}"],
  "gists_url": ["https://api.github.com/users/marcosci/gists{/gist_id}"],
  "starred_url": ["https://api.github.com/users/marcosci/starred{/owner}{/repo}"],
  "subscriptions_url": ["https://api.github.com/users/marcosci/subscriptions"],
  "organizations_url": ["https://api.github.com/users/marcosci/orgs"],
  "repos_url": ["https://api.github.com/users/marcosci/repos"],
  "events_url": ["https://api.github.com/users/marcosci/events{/privacy}"],
  "received_events_url": ["https://api.github.com/users/marcosci/received_events"],
  "type": ["User"],
  "site_admin": [false]
}
