{
  "login": ["marcemiraval"],
  "id": [8063767],
  "node_id": ["MDQ6VXNlcjgwNjM3Njc="],
  "avatar_url": ["https://avatars0.githubusercontent.com/u/8063767?v=4"],
  "gravatar_id": [""],
  "url": ["https://api.github.com/users/marcemiraval"],
  "html_url": ["https://github.com/marcemiraval"],
  "followers_url": ["https://api.github.com/users/marcemiraval/followers"],
  "following_url": ["https://api.github.com/users/marcemiraval/following{/other_user}"],
  "gists_url": ["https://api.github.com/users/marcemiraval/gists{/gist_id}"],
  "starred_url": ["https://api.github.com/users/marcemiraval/starred{/owner}{/repo}"],
  "subscriptions_url": ["https://api.github.com/users/marcemiraval/subscriptions"],
  "organizations_url": ["https://api.github.com/users/marcemiraval/orgs"],
  "repos_url": ["https://api.github.com/users/marcemiraval/repos"],
  "events_url": ["https://api.github.com/users/marcemiraval/events{/privacy}"],
  "received_events_url": ["https://api.github.com/users/marcemiraval/received_events"],
  "type": ["User"],
  "site_admin": [false]
}
