{
  "login": ["MireiaValle"],
  "id": [38673725],
  "node_id": ["MDQ6VXNlcjM4NjczNzI1"],
  "avatar_url": ["https://avatars1.githubusercontent.com/u/38673725?v=4"],
  "gravatar_id": [""],
  "url": ["https://api.github.com/users/MireiaValle"],
  "html_url": ["https://github.com/MireiaValle"],
  "followers_url": ["https://api.github.com/users/MireiaValle/followers"],
  "following_url": ["https://api.github.com/users/MireiaValle/following{/other_user}"],
  "gists_url": ["https://api.github.com/users/MireiaValle/gists{/gist_id}"],
  "starred_url": ["https://api.github.com/users/MireiaValle/starred{/owner}{/repo}"],
  "subscriptions_url": ["https://api.github.com/users/MireiaValle/subscriptions"],
  "organizations_url": ["https://api.github.com/users/MireiaValle/orgs"],
  "repos_url": ["https://api.github.com/users/MireiaValle/repos"],
  "events_url": ["https://api.github.com/users/MireiaValle/events{/privacy}"],
  "received_events_url": ["https://api.github.com/users/MireiaValle/received_events"],
  "type": ["User"],
  "site_admin": [false]
}
