{
  "login": ["molly-williams"],
  "id": [7355604],
  "node_id": ["MDQ6VXNlcjczNTU2MDQ="],
  "avatar_url": ["https://avatars2.githubusercontent.com/u/7355604?v=4"],
  "gravatar_id": [""],
  "url": ["https://api.github.com/users/molly-williams"],
  "html_url": ["https://github.com/molly-williams"],
  "followers_url": ["https://api.github.com/users/molly-williams/followers"],
  "following_url": ["https://api.github.com/users/molly-williams/following{/other_user}"],
  "gists_url": ["https://api.github.com/users/molly-williams/gists{/gist_id}"],
  "starred_url": ["https://api.github.com/users/molly-williams/starred{/owner}{/repo}"],
  "subscriptions_url": ["https://api.github.com/users/molly-williams/subscriptions"],
  "organizations_url": ["https://api.github.com/users/molly-williams/orgs"],
  "repos_url": ["https://api.github.com/users/molly-williams/repos"],
  "events_url": ["https://api.github.com/users/molly-williams/events{/privacy}"],
  "received_events_url": ["https://api.github.com/users/molly-williams/received_events"],
  "type": ["User"],
  "site_admin": [false]
}
