{
  "login": ["monicagerber"],
  "id": [4185874],
  "node_id": ["MDQ6VXNlcjQxODU4NzQ="],
  "avatar_url": ["https://avatars0.githubusercontent.com/u/4185874?v=4"],
  "gravatar_id": [""],
  "url": ["https://api.github.com/users/monicagerber"],
  "html_url": ["https://github.com/monicagerber"],
  "followers_url": ["https://api.github.com/users/monicagerber/followers"],
  "following_url": ["https://api.github.com/users/monicagerber/following{/other_user}"],
  "gists_url": ["https://api.github.com/users/monicagerber/gists{/gist_id}"],
  "starred_url": ["https://api.github.com/users/monicagerber/starred{/owner}{/repo}"],
  "subscriptions_url": ["https://api.github.com/users/monicagerber/subscriptions"],
  "organizations_url": ["https://api.github.com/users/monicagerber/orgs"],
  "repos_url": ["https://api.github.com/users/monicagerber/repos"],
  "events_url": ["https://api.github.com/users/monicagerber/events{/privacy}"],
  "received_events_url": ["https://api.github.com/users/monicagerber/received_events"],
  "type": ["User"],
  "site_admin": [false]
}
