{
  "login": ["mrhelmus"],
  "id": [5468482],
  "node_id": ["MDQ6VXNlcjU0Njg0ODI="],
  "avatar_url": ["https://avatars2.githubusercontent.com/u/5468482?v=4"],
  "gravatar_id": [""],
  "url": ["https://api.github.com/users/mrhelmus"],
  "html_url": ["https://github.com/mrhelmus"],
  "followers_url": ["https://api.github.com/users/mrhelmus/followers"],
  "following_url": ["https://api.github.com/users/mrhelmus/following{/other_user}"],
  "gists_url": ["https://api.github.com/users/mrhelmus/gists{/gist_id}"],
  "starred_url": ["https://api.github.com/users/mrhelmus/starred{/owner}{/repo}"],
  "subscriptions_url": ["https://api.github.com/users/mrhelmus/subscriptions"],
  "organizations_url": ["https://api.github.com/users/mrhelmus/orgs"],
  "repos_url": ["https://api.github.com/users/mrhelmus/repos"],
  "events_url": ["https://api.github.com/users/mrhelmus/events{/privacy}"],
  "received_events_url": ["https://api.github.com/users/mrhelmus/received_events"],
  "type": ["User"],
  "site_admin": [false]
}
