{
  "login": ["nfultz"],
  "id": [418638],
  "node_id": ["MDQ6VXNlcjQxODYzOA=="],
  "avatar_url": ["https://avatars2.githubusercontent.com/u/418638?v=4"],
  "gravatar_id": [""],
  "url": ["https://api.github.com/users/nfultz"],
  "html_url": ["https://github.com/nfultz"],
  "followers_url": ["https://api.github.com/users/nfultz/followers"],
  "following_url": ["https://api.github.com/users/nfultz/following{/other_user}"],
  "gists_url": ["https://api.github.com/users/nfultz/gists{/gist_id}"],
  "starred_url": ["https://api.github.com/users/nfultz/starred{/owner}{/repo}"],
  "subscriptions_url": ["https://api.github.com/users/nfultz/subscriptions"],
  "organizations_url": ["https://api.github.com/users/nfultz/orgs"],
  "repos_url": ["https://api.github.com/users/nfultz/repos"],
  "events_url": ["https://api.github.com/users/nfultz/events{/privacy}"],
  "received_events_url": ["https://api.github.com/users/nfultz/received_events"],
  "type": ["User"],
  "site_admin": [false]
}
