{
  "login": ["raviolli77"],
  "id": [16966240],
  "node_id": ["MDQ6VXNlcjE2OTY2MjQw"],
  "avatar_url": ["https://avatars0.githubusercontent.com/u/16966240?v=4"],
  "gravatar_id": [""],
  "url": ["https://api.github.com/users/raviolli77"],
  "html_url": ["https://github.com/raviolli77"],
  "followers_url": ["https://api.github.com/users/raviolli77/followers"],
  "following_url": ["https://api.github.com/users/raviolli77/following{/other_user}"],
  "gists_url": ["https://api.github.com/users/raviolli77/gists{/gist_id}"],
  "starred_url": ["https://api.github.com/users/raviolli77/starred{/owner}{/repo}"],
  "subscriptions_url": ["https://api.github.com/users/raviolli77/subscriptions"],
  "organizations_url": ["https://api.github.com/users/raviolli77/orgs"],
  "repos_url": ["https://api.github.com/users/raviolli77/repos"],
  "events_url": ["https://api.github.com/users/raviolli77/events{/privacy}"],
  "received_events_url": ["https://api.github.com/users/raviolli77/received_events"],
  "type": ["User"],
  "site_admin": [false]
}
