{
  "login": ["rich-iannone"],
  "id": [5612024],
  "node_id": ["MDQ6VXNlcjU2MTIwMjQ="],
  "avatar_url": ["https://avatars3.githubusercontent.com/u/5612024?v=4"],
  "gravatar_id": [""],
  "url": ["https://api.github.com/users/rich-iannone"],
  "html_url": ["https://github.com/rich-iannone"],
  "followers_url": ["https://api.github.com/users/rich-iannone/followers"],
  "following_url": ["https://api.github.com/users/rich-iannone/following{/other_user}"],
  "gists_url": ["https://api.github.com/users/rich-iannone/gists{/gist_id}"],
  "starred_url": ["https://api.github.com/users/rich-iannone/starred{/owner}{/repo}"],
  "subscriptions_url": ["https://api.github.com/users/rich-iannone/subscriptions"],
  "organizations_url": ["https://api.github.com/users/rich-iannone/orgs"],
  "repos_url": ["https://api.github.com/users/rich-iannone/repos"],
  "events_url": ["https://api.github.com/users/rich-iannone/events{/privacy}"],
  "received_events_url": ["https://api.github.com/users/rich-iannone/received_events"],
  "type": ["User"],
  "site_admin": [false]
}
