{
  "login": ["RLesur"],
  "id": [19177171],
  "node_id": ["MDQ6VXNlcjE5MTc3MTcx"],
  "avatar_url": ["https://avatars0.githubusercontent.com/u/19177171?v=4"],
  "gravatar_id": [""],
  "url": ["https://api.github.com/users/RLesur"],
  "html_url": ["https://github.com/RLesur"],
  "followers_url": ["https://api.github.com/users/RLesur/followers"],
  "following_url": ["https://api.github.com/users/RLesur/following{/other_user}"],
  "gists_url": ["https://api.github.com/users/RLesur/gists{/gist_id}"],
  "starred_url": ["https://api.github.com/users/RLesur/starred{/owner}{/repo}"],
  "subscriptions_url": ["https://api.github.com/users/RLesur/subscriptions"],
  "organizations_url": ["https://api.github.com/users/RLesur/orgs"],
  "repos_url": ["https://api.github.com/users/RLesur/repos"],
  "events_url": ["https://api.github.com/users/RLesur/events{/privacy}"],
  "received_events_url": ["https://api.github.com/users/RLesur/received_events"],
  "type": ["User"],
  "site_admin": [false]
}
