{
  "login": ["rrcarlson"],
  "id": [36307756],
  "node_id": ["MDQ6VXNlcjM2MzA3NzU2"],
  "avatar_url": ["https://avatars0.githubusercontent.com/u/36307756?v=4"],
  "gravatar_id": [""],
  "url": ["https://api.github.com/users/rrcarlson"],
  "html_url": ["https://github.com/rrcarlson"],
  "followers_url": ["https://api.github.com/users/rrcarlson/followers"],
  "following_url": ["https://api.github.com/users/rrcarlson/following{/other_user}"],
  "gists_url": ["https://api.github.com/users/rrcarlson/gists{/gist_id}"],
  "starred_url": ["https://api.github.com/users/rrcarlson/starred{/owner}{/repo}"],
  "subscriptions_url": ["https://api.github.com/users/rrcarlson/subscriptions"],
  "organizations_url": ["https://api.github.com/users/rrcarlson/orgs"],
  "repos_url": ["https://api.github.com/users/rrcarlson/repos"],
  "events_url": ["https://api.github.com/users/rrcarlson/events{/privacy}"],
  "received_events_url": ["https://api.github.com/users/rrcarlson/received_events"],
  "type": ["User"],
  "site_admin": [false]
}
