{
  "login": ["scottbmortensen"],
  "id": [41020369],
  "node_id": ["MDQ6VXNlcjQxMDIwMzY5"],
  "avatar_url": ["https://avatars0.githubusercontent.com/u/41020369?v=4"],
  "gravatar_id": [""],
  "url": ["https://api.github.com/users/scottbmortensen"],
  "html_url": ["https://github.com/scottbmortensen"],
  "followers_url": ["https://api.github.com/users/scottbmortensen/followers"],
  "following_url": ["https://api.github.com/users/scottbmortensen/following{/other_user}"],
  "gists_url": ["https://api.github.com/users/scottbmortensen/gists{/gist_id}"],
  "starred_url": ["https://api.github.com/users/scottbmortensen/starred{/owner}{/repo}"],
  "subscriptions_url": ["https://api.github.com/users/scottbmortensen/subscriptions"],
  "organizations_url": ["https://api.github.com/users/scottbmortensen/orgs"],
  "repos_url": ["https://api.github.com/users/scottbmortensen/repos"],
  "events_url": ["https://api.github.com/users/scottbmortensen/events{/privacy}"],
  "received_events_url": ["https://api.github.com/users/scottbmortensen/received_events"],
  "type": ["User"],
  "site_admin": [false]
}
