{
  "login": ["smfreund"],
  "id": [35786348],
  "node_id": ["MDQ6VXNlcjM1Nzg2MzQ4"],
  "avatar_url": ["https://avatars2.githubusercontent.com/u/35786348?v=4"],
  "gravatar_id": [""],
  "url": ["https://api.github.com/users/smfreund"],
  "html_url": ["https://github.com/smfreund"],
  "followers_url": ["https://api.github.com/users/smfreund/followers"],
  "following_url": ["https://api.github.com/users/smfreund/following{/other_user}"],
  "gists_url": ["https://api.github.com/users/smfreund/gists{/gist_id}"],
  "starred_url": ["https://api.github.com/users/smfreund/starred{/owner}{/repo}"],
  "subscriptions_url": ["https://api.github.com/users/smfreund/subscriptions"],
  "organizations_url": ["https://api.github.com/users/smfreund/orgs"],
  "repos_url": ["https://api.github.com/users/smfreund/repos"],
  "events_url": ["https://api.github.com/users/smfreund/events{/privacy}"],
  "received_events_url": ["https://api.github.com/users/smfreund/received_events"],
  "type": ["User"],
  "site_admin": [false]
}
