{
  "login": ["snowdj"],
  "id": [6262856],
  "node_id": ["MDQ6VXNlcjYyNjI4NTY="],
  "avatar_url": ["https://avatars2.githubusercontent.com/u/6262856?v=4"],
  "gravatar_id": [""],
  "url": ["https://api.github.com/users/snowdj"],
  "html_url": ["https://github.com/snowdj"],
  "followers_url": ["https://api.github.com/users/snowdj/followers"],
  "following_url": ["https://api.github.com/users/snowdj/following{/other_user}"],
  "gists_url": ["https://api.github.com/users/snowdj/gists{/gist_id}"],
  "starred_url": ["https://api.github.com/users/snowdj/starred{/owner}{/repo}"],
  "subscriptions_url": ["https://api.github.com/users/snowdj/subscriptions"],
  "organizations_url": ["https://api.github.com/users/snowdj/orgs"],
  "repos_url": ["https://api.github.com/users/snowdj/repos"],
  "events_url": ["https://api.github.com/users/snowdj/events{/privacy}"],
  "received_events_url": ["https://api.github.com/users/snowdj/received_events"],
  "type": ["User"],
  "site_admin": [false]
}
