{
  "login": ["swmpkim"],
  "id": [10246100],
  "node_id": ["MDQ6VXNlcjEwMjQ2MTAw"],
  "avatar_url": ["https://avatars1.githubusercontent.com/u/10246100?v=4"],
  "gravatar_id": [""],
  "url": ["https://api.github.com/users/swmpkim"],
  "html_url": ["https://github.com/swmpkim"],
  "followers_url": ["https://api.github.com/users/swmpkim/followers"],
  "following_url": ["https://api.github.com/users/swmpkim/following{/other_user}"],
  "gists_url": ["https://api.github.com/users/swmpkim/gists{/gist_id}"],
  "starred_url": ["https://api.github.com/users/swmpkim/starred{/owner}{/repo}"],
  "subscriptions_url": ["https://api.github.com/users/swmpkim/subscriptions"],
  "organizations_url": ["https://api.github.com/users/swmpkim/orgs"],
  "repos_url": ["https://api.github.com/users/swmpkim/repos"],
  "events_url": ["https://api.github.com/users/swmpkim/events{/privacy}"],
  "received_events_url": ["https://api.github.com/users/swmpkim/received_events"],
  "type": ["User"],
  "site_admin": [false]
}
