{
  "login": ["ThomasThelen"],
  "id": [9289652],
  "node_id": ["MDQ6VXNlcjkyODk2NTI="],
  "avatar_url": ["https://avatars1.githubusercontent.com/u/9289652?v=4"],
  "gravatar_id": [""],
  "url": ["https://api.github.com/users/ThomasThelen"],
  "html_url": ["https://github.com/ThomasThelen"],
  "followers_url": ["https://api.github.com/users/ThomasThelen/followers"],
  "following_url": ["https://api.github.com/users/ThomasThelen/following{/other_user}"],
  "gists_url": ["https://api.github.com/users/ThomasThelen/gists{/gist_id}"],
  "starred_url": ["https://api.github.com/users/ThomasThelen/starred{/owner}{/repo}"],
  "subscriptions_url": ["https://api.github.com/users/ThomasThelen/subscriptions"],
  "organizations_url": ["https://api.github.com/users/ThomasThelen/orgs"],
  "repos_url": ["https://api.github.com/users/ThomasThelen/repos"],
  "events_url": ["https://api.github.com/users/ThomasThelen/events{/privacy}"],
  "received_events_url": ["https://api.github.com/users/ThomasThelen/received_events"],
  "type": ["User"],
  "site_admin": [false]
}
