{
  "login": ["ytbaum"],
  "id": [339276],
  "node_id": ["MDQ6VXNlcjMzOTI3Ng=="],
  "avatar_url": ["https://avatars3.githubusercontent.com/u/339276?v=4"],
  "gravatar_id": [""],
  "url": ["https://api.github.com/users/ytbaum"],
  "html_url": ["https://github.com/ytbaum"],
  "followers_url": ["https://api.github.com/users/ytbaum/followers"],
  "following_url": ["https://api.github.com/users/ytbaum/following{/other_user}"],
  "gists_url": ["https://api.github.com/users/ytbaum/gists{/gist_id}"],
  "starred_url": ["https://api.github.com/users/ytbaum/starred{/owner}{/repo}"],
  "subscriptions_url": ["https://api.github.com/users/ytbaum/subscriptions"],
  "organizations_url": ["https://api.github.com/users/ytbaum/orgs"],
  "repos_url": ["https://api.github.com/users/ytbaum/repos"],
  "events_url": ["https://api.github.com/users/ytbaum/events{/privacy}"],
  "received_events_url": ["https://api.github.com/users/ytbaum/received_events"],
  "type": ["User"],
  "site_admin": [false]
}
