{
  "login": ["yutannihilation"],
  "id": [1978793],
  "node_id": ["MDQ6VXNlcjE5Nzg3OTM="],
  "avatar_url": ["https://avatars3.githubusercontent.com/u/1978793?v=4"],
  "gravatar_id": [""],
  "url": ["https://api.github.com/users/yutannihilation"],
  "html_url": ["https://github.com/yutannihilation"],
  "followers_url": ["https://api.github.com/users/yutannihilation/followers"],
  "following_url": ["https://api.github.com/users/yutannihilation/following{/other_user}"],
  "gists_url": ["https://api.github.com/users/yutannihilation/gists{/gist_id}"],
  "starred_url": ["https://api.github.com/users/yutannihilation/starred{/owner}{/repo}"],
  "subscriptions_url": ["https://api.github.com/users/yutannihilation/subscriptions"],
  "organizations_url": ["https://api.github.com/users/yutannihilation/orgs"],
  "repos_url": ["https://api.github.com/users/yutannihilation/repos"],
  "events_url": ["https://api.github.com/users/yutannihilation/events{/privacy}"],
  "received_events_url": ["https://api.github.com/users/yutannihilation/received_events"],
  "type": ["User"],
  "site_admin": [false]
}
