{
  "login": ["zambujo"],
  "id": [1249977],
  "node_id": ["MDQ6VXNlcjEyNDk5Nzc="],
  "avatar_url": ["https://avatars2.githubusercontent.com/u/1249977?v=4"],
  "gravatar_id": [""],
  "url": ["https://api.github.com/users/zambujo"],
  "html_url": ["https://github.com/zambujo"],
  "followers_url": ["https://api.github.com/users/zambujo/followers"],
  "following_url": ["https://api.github.com/users/zambujo/following{/other_user}"],
  "gists_url": ["https://api.github.com/users/zambujo/gists{/gist_id}"],
  "starred_url": ["https://api.github.com/users/zambujo/starred{/owner}{/repo}"],
  "subscriptions_url": ["https://api.github.com/users/zambujo/subscriptions"],
  "organizations_url": ["https://api.github.com/users/zambujo/orgs"],
  "repos_url": ["https://api.github.com/users/zambujo/repos"],
  "events_url": ["https://api.github.com/users/zambujo/events{/privacy}"],
  "received_events_url": ["https://api.github.com/users/zambujo/received_events"],
  "type": ["User"],
  "site_admin": [false]
}
