[
  {
    "url": ["https://api.github.com/repos/isteves/arcticfunding/issues/2"],
    "repository_url": ["https://api.github.com/repos/isteves/arcticfunding"],
    "labels_url": ["https://api.github.com/repos/isteves/arcticfunding/issues/2/labels{/name}"],
    "comments_url": ["https://api.github.com/repos/isteves/arcticfunding/issues/2/comments"],
    "events_url": ["https://api.github.com/repos/isteves/arcticfunding/issues/2/events"],
    "html_url": ["https://github.com/isteves/arcticfunding/issues/2"],
    "id": [331822866],
    "node_id": ["MDU6SXNzdWUzMzE4MjI4NjY="],
    "number": [2],
    "title": ["Match formats in other NSF summary tables"],
    "user": {
      "login": ["isteves"],
      "id": [25118334],
      "node_id": ["MDQ6VXNlcjI1MTE4MzM0"],
      "avatar_url": ["https://avatars2.githubusercontent.com/u/25118334?v=4"],
      "gravatar_id": [""],
      "url": ["https://api.github.com/users/isteves"],
      "html_url": ["https://github.com/isteves"],
      "followers_url": ["https://api.github.com/users/isteves/followers"],
      "following_url": ["https://api.github.com/users/isteves/following{/other_user}"],
      "gists_url": ["https://api.github.com/users/isteves/gists{/gist_id}"],
      "starred_url": ["https://api.github.com/users/isteves/starred{/owner}{/repo}"],
      "subscriptions_url": ["https://api.github.com/users/isteves/subscriptions"],
      "organizations_url": ["https://api.github.com/users/isteves/orgs"],
      "repos_url": ["https://api.github.com/users/isteves/repos"],
      "events_url": ["https://api.github.com/users/isteves/events{/privacy}"],
      "received_events_url": ["https://api.github.com/users/isteves/received_events"],
      "type": ["User"],
      "site_admin": [false]
    },
    "labels": [],
    "state": ["open"],
    "locked": [false],
    "assignee": {},
    "assignees": [],
    "milestone": {},
    "comments": [0],
    "created_at": ["2018-06-13T02:52:37Z"],
    "updated_at": ["2018-06-13T02:52:37Z"],
    "closed_at": {},
    "author_association": ["OWNER"],
    "body": ["https://www.bco-dmo.org/search/program and https://www.bco-dmo.org/search/award and https://www.bco-dmo.org/search/project"]
  },
  {
    "url": ["https://api.github.com/repos/isteves/arcticfunding/issues/1"],
    "repository_url": ["https://api.github.com/repos/isteves/arcticfunding"],
    "labels_url": ["https://api.github.com/repos/isteves/arcticfunding/issues/1/labels{/name}"],
    "comments_url": ["https://api.github.com/repos/isteves/arcticfunding/issues/1/comments"],
    "events_url": ["https://api.github.com/repos/isteves/arcticfunding/issues/1/events"],
    "html_url": ["https://github.com/isteves/arcticfunding/issues/1"],
    "id": [331822465],
    "node_id": ["MDU6SXNzdWUzMzE4MjI0NjU="],
    "number": [1],
    "title": ["Check for other funding number formats"],
    "user": {
      "login": ["isteves"],
      "id": [25118334],
      "node_id": ["MDQ6VXNlcjI1MTE4MzM0"],
      "avatar_url": ["https://avatars2.githubusercontent.com/u/25118334?v=4"],
      "gravatar_id": [""],
      "url": ["https://api.github.com/users/isteves"],
      "html_url": ["https://github.com/isteves"],
      "followers_url": ["https://api.github.com/users/isteves/followers"],
      "following_url": ["https://api.github.com/users/isteves/following{/other_user}"],
      "gists_url": ["https://api.github.com/users/isteves/gists{/gist_id}"],
      "starred_url": ["https://api.github.com/users/isteves/starred{/owner}{/repo}"],
      "subscriptions_url": ["https://api.github.com/users/isteves/subscriptions"],
      "organizations_url": ["https://api.github.com/users/isteves/orgs"],
      "repos_url": ["https://api.github.com/users/isteves/repos"],
      "events_url": ["https://api.github.com/users/isteves/events{/privacy}"],
      "received_events_url": ["https://api.github.com/users/isteves/received_events"],
      "type": ["User"],
      "site_admin": [false]
    },
    "labels": [],
    "state": ["closed"],
    "locked": [false],
    "assignee": {},
    "assignees": [],
    "milestone": {},
    "comments": [1],
    "created_at": ["2018-06-13T02:50:29Z"],
    "updated_at": ["2018-06-14T16:51:35Z"],
    "closed_at": ["2018-06-14T16:51:35Z"],
    "author_association": ["OWNER"],
    "body": ["PLR-XXXXXXX\r\nPLRXXXXXXX\r\nXXXXX\r\n\r\n& variations on this theme"]
  }
]
