[
  {
    "url": ["https://api.github.com/repos/isteves/dataimport/issues/1"],
    "repository_url": ["https://api.github.com/repos/isteves/dataimport"],
    "labels_url": ["https://api.github.com/repos/isteves/dataimport/issues/1/labels{/name}"],
    "comments_url": ["https://api.github.com/repos/isteves/dataimport/issues/1/comments"],
    "events_url": ["https://api.github.com/repos/isteves/dataimport/issues/1/events"],
    "html_url": ["https://github.com/isteves/dataimport/pull/1"],
    "id": [328230146],
    "node_id": ["MDExOlB1bGxSZXF1ZXN0MTkxODIzMjk4"],
    "number": [1],
    "title": ["fixing get_pids"],
    "user": {
      "login": ["brunj7"],
      "id": [5761340],
      "node_id": ["MDQ6VXNlcjU3NjEzNDA="],
      "avatar_url": ["https://avatars3.githubusercontent.com/u/5761340?v=4"],
      "gravatar_id": [""],
      "url": ["https://api.github.com/users/brunj7"],
      "html_url": ["https://github.com/brunj7"],
      "followers_url": ["https://api.github.com/users/brunj7/followers"],
      "following_url": ["https://api.github.com/users/brunj7/following{/other_user}"],
      "gists_url": ["https://api.github.com/users/brunj7/gists{/gist_id}"],
      "starred_url": ["https://api.github.com/users/brunj7/starred{/owner}{/repo}"],
      "subscriptions_url": ["https://api.github.com/users/brunj7/subscriptions"],
      "organizations_url": ["https://api.github.com/users/brunj7/orgs"],
      "repos_url": ["https://api.github.com/users/brunj7/repos"],
      "events_url": ["https://api.github.com/users/brunj7/events{/privacy}"],
      "received_events_url": ["https://api.github.com/users/brunj7/received_events"],
      "type": ["User"],
      "site_admin": [false]
    },
    "labels": [],
    "state": ["closed"],
    "locked": [false],
    "assignee": {},
    "assignees": [],
    "milestone": {},
    "comments": [0],
    "created_at": ["2018-05-31T17:31:14Z"],
    "updated_at": ["2018-06-01T18:04:59Z"],
    "closed_at": ["2018-06-01T18:04:59Z"],
    "author_association": ["NONE"],
    "pull_request": {
      "url": ["https://api.github.com/repos/isteves/dataimport/pulls/1"],
      "html_url": ["https://github.com/isteves/dataimport/pull/1"],
      "diff_url": ["https://github.com/isteves/dataimport/pull/1.diff"],
      "patch_url": ["https://github.com/isteves/dataimport/pull/1.patch"]
    },
    "body": ["I think I fixed it. get_pids was failing when `data_url` was null\r\n\r\n- removed the character check \r\n- switched the string detection object to the list (not sure if it is the best)"]
  }
]
