[
  {
    "url": ["https://api.github.com/repos/isteves/datamgmt/issues/1"],
    "repository_url": ["https://api.github.com/repos/isteves/datamgmt"],
    "labels_url": ["https://api.github.com/repos/isteves/datamgmt/issues/1/labels{/name}"],
    "comments_url": ["https://api.github.com/repos/isteves/datamgmt/issues/1/comments"],
    "events_url": ["https://api.github.com/repos/isteves/datamgmt/issues/1/events"],
    "html_url": ["https://github.com/isteves/datamgmt/pull/1"],
    "id": [305754383],
    "node_id": ["MDExOlB1bGxSZXF1ZXN0MTc1NDA1Njc2"],
    "number": [1],
    "title": ["Update checklist_initial_review.Rmd"],
    "user": {
      "login": ["isteves"],
      "id": [25118334],
      "node_id": ["MDQ6VXNlcjI1MTE4MzM0"],
      "avatar_url": ["https://avatars2.githubusercontent.com/u/25118334?v=4"],
      "gravatar_id": [""],
      "url": ["https://api.github.com/users/isteves"],
      "html_url": ["https://github.com/isteves"],
      "followers_url": ["https://api.github.com/users/isteves/followers"],
      "following_url": ["https://api.github.com/users/isteves/following{/other_user}"],
      "gists_url": ["https://api.github.com/users/isteves/gists{/gist_id}"],
      "starred_url": ["https://api.github.com/users/isteves/starred{/owner}{/repo}"],
      "subscriptions_url": ["https://api.github.com/users/isteves/subscriptions"],
      "organizations_url": ["https://api.github.com/users/isteves/orgs"],
      "repos_url": ["https://api.github.com/users/isteves/repos"],
      "events_url": ["https://api.github.com/users/isteves/events{/privacy}"],
      "received_events_url": ["https://api.github.com/users/isteves/received_events"],
      "type": ["User"],
      "site_admin": [false]
    },
    "labels": [],
    "state": ["closed"],
    "locked": [false],
    "assignee": {},
    "assignees": [],
    "milestone": {},
    "comments": [0],
    "created_at": ["2018-03-15T23:31:29Z"],
    "updated_at": ["2018-03-15T23:31:39Z"],
    "closed_at": ["2018-03-15T23:31:39Z"],
    "author_association": ["OWNER"],
    "pull_request": {
      "url": ["https://api.github.com/repos/isteves/datamgmt/pulls/1"],
      "html_url": ["https://github.com/isteves/datamgmt/pull/1"],
      "diff_url": ["https://github.com/isteves/datamgmt/pull/1.diff"],
      "patch_url": ["https://github.com/isteves/datamgmt/pull/1.patch"]
    },
    "body": [""]
  }
]
