[
  {
    "url": ["https://api.github.com/repos/isteves/emlspice/issues/2"],
    "repository_url": ["https://api.github.com/repos/isteves/emlspice"],
    "labels_url": ["https://api.github.com/repos/isteves/emlspice/issues/2/labels{/name}"],
    "comments_url": ["https://api.github.com/repos/isteves/emlspice/issues/2/comments"],
    "events_url": ["https://api.github.com/repos/isteves/emlspice/issues/2/events"],
    "html_url": ["https://github.com/isteves/emlspice/issues/2"],
    "id": [337595033],
    "node_id": ["MDU6SXNzdWUzMzc1OTUwMzM="],
    "number": [2],
    "title": ["dataspice -> EML?"],
    "user": {
      "login": ["cboettig"],
      "id": [222586],
      "node_id": ["MDQ6VXNlcjIyMjU4Ng=="],
      "avatar_url": ["https://avatars3.githubusercontent.com/u/222586?v=4"],
      "gravatar_id": [""],
      "url": ["https://api.github.com/users/cboettig"],
      "html_url": ["https://github.com/cboettig"],
      "followers_url": ["https://api.github.com/users/cboettig/followers"],
      "following_url": ["https://api.github.com/users/cboettig/following{/other_user}"],
      "gists_url": ["https://api.github.com/users/cboettig/gists{/gist_id}"],
      "starred_url": ["https://api.github.com/users/cboettig/starred{/owner}{/repo}"],
      "subscriptions_url": ["https://api.github.com/users/cboettig/subscriptions"],
      "organizations_url": ["https://api.github.com/users/cboettig/orgs"],
      "repos_url": ["https://api.github.com/users/cboettig/repos"],
      "events_url": ["https://api.github.com/users/cboettig/events{/privacy}"],
      "received_events_url": ["https://api.github.com/users/cboettig/received_events"],
      "type": ["User"],
      "site_admin": [false]
    },
    "labels": [],
    "state": ["open"],
    "locked": [false],
    "assignee": {},
    "assignees": [],
    "milestone": {},
    "comments": [1],
    "created_at": ["2018-07-02T17:01:52Z"],
    "updated_at": ["2018-07-02T20:00:54Z"],
    "closed_at": {},
    "author_association": ["NONE"],
    "body": ["Hey @isteves ,\r\n\r\nStill meaning to find some time to play with this, but this looks really cool!  \r\n\r\nThoughts on going in the other direction, dataspice -> EML? (Or maybe I've overlooked it).  I wonder if something like that could provide an easier way of creating at least light-weight EML documents than `eml2`, or act as something of a gateway into EML use.  "]
  }
]
