[
  {
    "url": ["https://api.github.com/repos/isteves/r-pkg-intro/issues/7"],
    "repository_url": ["https://api.github.com/repos/isteves/r-pkg-intro"],
    "labels_url": ["https://api.github.com/repos/isteves/r-pkg-intro/issues/7/labels{/name}"],
    "comments_url": ["https://api.github.com/repos/isteves/r-pkg-intro/issues/7/comments"],
    "events_url": ["https://api.github.com/repos/isteves/r-pkg-intro/issues/7/events"],
    "html_url": ["https://github.com/isteves/r-pkg-intro/issues/7"],
    "id": [351473237],
    "node_id": ["MDU6SXNzdWUzNTE0NzMyMzc="],
    "number": [7],
    "title": ["Make git workflow more robust"],
    "user": {
      "login": ["isteves"],
      "id": [25118334],
      "node_id": ["MDQ6VXNlcjI1MTE4MzM0"],
      "avatar_url": ["https://avatars2.githubusercontent.com/u/25118334?v=4"],
      "gravatar_id": [""],
      "url": ["https://api.github.com/users/isteves"],
      "html_url": ["https://github.com/isteves"],
      "followers_url": ["https://api.github.com/users/isteves/followers"],
      "following_url": ["https://api.github.com/users/isteves/following{/other_user}"],
      "gists_url": ["https://api.github.com/users/isteves/gists{/gist_id}"],
      "starred_url": ["https://api.github.com/users/isteves/starred{/owner}{/repo}"],
      "subscriptions_url": ["https://api.github.com/users/isteves/subscriptions"],
      "organizations_url": ["https://api.github.com/users/isteves/orgs"],
      "repos_url": ["https://api.github.com/users/isteves/repos"],
      "events_url": ["https://api.github.com/users/isteves/events{/privacy}"],
      "received_events_url": ["https://api.github.com/users/isteves/received_events"],
      "type": ["User"],
      "site_admin": [false]
    },
    "labels": [],
    "state": ["open"],
    "locked": [false],
    "assignee": {},
    "assignees": [],
    "milestone": {},
    "comments": [1],
    "created_at": ["2018-08-17T06:30:23Z"],
    "updated_at": ["2018-09-04T09:09:04Z"],
    "closed_at": {},
    "author_association": ["OWNER"],
    "body": ["Connect to GitHub\r\n========================================================\r\n\r\n1. `usethis::use_git()`\r\n2. `usethis::use_github()`\r\n\r\n#TODO: how to deal with errors\r\n\r\nIf `use_github` gets an authentication error, then switch to terminal and use git directly: `git push origin master`\r\n\r\nhttps://community.rstudio.com/t/difficulty-using-usethis-use-github/5579"]
  },
  {
    "url": ["https://api.github.com/repos/isteves/r-pkg-intro/issues/6"],
    "repository_url": ["https://api.github.com/repos/isteves/r-pkg-intro"],
    "labels_url": ["https://api.github.com/repos/isteves/r-pkg-intro/issues/6/labels{/name}"],
    "comments_url": ["https://api.github.com/repos/isteves/r-pkg-intro/issues/6/comments"],
    "events_url": ["https://api.github.com/repos/isteves/r-pkg-intro/issues/6/events"],
    "html_url": ["https://github.com/isteves/r-pkg-intro/pull/6"],
    "id": [347070397],
    "node_id": ["MDExOlB1bGxSZXF1ZXN0MjA1NzgwNTg3"],
    "number": [6],
    "title": ["Added Ctrl / Cmd - Windows suggestion"],
    "user": {
      "login": ["amrrs"],
      "id": [5347322],
      "node_id": ["MDQ6VXNlcjUzNDczMjI="],
      "avatar_url": ["https://avatars1.githubusercontent.com/u/5347322?v=4"],
      "gravatar_id": [""],
      "url": ["https://api.github.com/users/amrrs"],
      "html_url": ["https://github.com/amrrs"],
      "followers_url": ["https://api.github.com/users/amrrs/followers"],
      "following_url": ["https://api.github.com/users/amrrs/following{/other_user}"],
      "gists_url": ["https://api.github.com/users/amrrs/gists{/gist_id}"],
      "starred_url": ["https://api.github.com/users/amrrs/starred{/owner}{/repo}"],
      "subscriptions_url": ["https://api.github.com/users/amrrs/subscriptions"],
      "organizations_url": ["https://api.github.com/users/amrrs/orgs"],
      "repos_url": ["https://api.github.com/users/amrrs/repos"],
      "events_url": ["https://api.github.com/users/amrrs/events{/privacy}"],
      "received_events_url": ["https://api.github.com/users/amrrs/received_events"],
      "type": ["User"],
      "site_admin": [false]
    },
    "labels": [],
    "state": ["closed"],
    "locked": [false],
    "assignee": {},
    "assignees": [],
    "milestone": {},
    "comments": [0],
    "created_at": ["2018-08-02T15:46:59Z"],
    "updated_at": ["2018-08-02T20:03:14Z"],
    "closed_at": ["2018-08-02T20:03:14Z"],
    "author_association": ["CONTRIBUTOR"],
    "pull_request": {
      "url": ["https://api.github.com/repos/isteves/r-pkg-intro/pulls/6"],
      "html_url": ["https://github.com/isteves/r-pkg-intro/pull/6"],
      "diff_url": ["https://github.com/isteves/r-pkg-intro/pull/6.diff"],
      "patch_url": ["https://github.com/isteves/r-pkg-intro/pull/6.patch"]
    },
    "body": [""]
  },
  {
    "url": ["https://api.github.com/repos/isteves/r-pkg-intro/issues/5"],
    "repository_url": ["https://api.github.com/repos/isteves/r-pkg-intro"],
    "labels_url": ["https://api.github.com/repos/isteves/r-pkg-intro/issues/5/labels{/name}"],
    "comments_url": ["https://api.github.com/repos/isteves/r-pkg-intro/issues/5/comments"],
    "events_url": ["https://api.github.com/repos/isteves/r-pkg-intro/issues/5/events"],
    "html_url": ["https://github.com/isteves/r-pkg-intro/pull/5"],
    "id": [319640324],
    "node_id": ["MDExOlB1bGxSZXF1ZXN0MTg1NTA1NTAy"],
    "number": [5],
    "title": ["Improved tests"],
    "user": {
      "login": ["maier-m"],
      "id": [16710796],
      "node_id": ["MDQ6VXNlcjE2NzEwNzk2"],
      "avatar_url": ["https://avatars0.githubusercontent.com/u/16710796?v=4"],
      "gravatar_id": [""],
      "url": ["https://api.github.com/users/maier-m"],
      "html_url": ["https://github.com/maier-m"],
      "followers_url": ["https://api.github.com/users/maier-m/followers"],
      "following_url": ["https://api.github.com/users/maier-m/following{/other_user}"],
      "gists_url": ["https://api.github.com/users/maier-m/gists{/gist_id}"],
      "starred_url": ["https://api.github.com/users/maier-m/starred{/owner}{/repo}"],
      "subscriptions_url": ["https://api.github.com/users/maier-m/subscriptions"],
      "organizations_url": ["https://api.github.com/users/maier-m/orgs"],
      "repos_url": ["https://api.github.com/users/maier-m/repos"],
      "events_url": ["https://api.github.com/users/maier-m/events{/privacy}"],
      "received_events_url": ["https://api.github.com/users/maier-m/received_events"],
      "type": ["User"],
      "site_admin": [false]
    },
    "labels": [],
    "state": ["closed"],
    "locked": [false],
    "assignee": {},
    "assignees": [],
    "milestone": {},
    "comments": [0],
    "created_at": ["2018-05-02T17:17:50Z"],
    "updated_at": ["2018-09-10T16:31:34Z"],
    "closed_at": ["2018-09-10T16:31:34Z"],
    "author_association": ["CONTRIBUTOR"],
    "pull_request": {
      "url": ["https://api.github.com/repos/isteves/r-pkg-intro/pulls/5"],
      "html_url": ["https://github.com/isteves/r-pkg-intro/pull/5"],
      "diff_url": ["https://github.com/isteves/r-pkg-intro/pull/5.diff"],
      "patch_url": ["https://github.com/isteves/r-pkg-intro/pull/5.patch"]
    },
    "body": [""]
  },
  {
    "url": ["https://api.github.com/repos/isteves/r-pkg-intro/issues/4"],
    "repository_url": ["https://api.github.com/repos/isteves/r-pkg-intro"],
    "labels_url": ["https://api.github.com/repos/isteves/r-pkg-intro/issues/4/labels{/name}"],
    "comments_url": ["https://api.github.com/repos/isteves/r-pkg-intro/issues/4/comments"],
    "events_url": ["https://api.github.com/repos/isteves/r-pkg-intro/issues/4/events"],
    "html_url": ["https://github.com/isteves/r-pkg-intro/pull/4"],
    "id": [319354967],
    "node_id": ["MDExOlB1bGxSZXF1ZXN0MTg1Mjk2NjAw"],
    "number": [4],
    "title": ["Updates Maier"],
    "user": {
      "login": ["maier-m"],
      "id": [16710796],
      "node_id": ["MDQ6VXNlcjE2NzEwNzk2"],
      "avatar_url": ["https://avatars0.githubusercontent.com/u/16710796?v=4"],
      "gravatar_id": [""],
      "url": ["https://api.github.com/users/maier-m"],
      "html_url": ["https://github.com/maier-m"],
      "followers_url": ["https://api.github.com/users/maier-m/followers"],
      "following_url": ["https://api.github.com/users/maier-m/following{/other_user}"],
      "gists_url": ["https://api.github.com/users/maier-m/gists{/gist_id}"],
      "starred_url": ["https://api.github.com/users/maier-m/starred{/owner}{/repo}"],
      "subscriptions_url": ["https://api.github.com/users/maier-m/subscriptions"],
      "organizations_url": ["https://api.github.com/users/maier-m/orgs"],
      "repos_url": ["https://api.github.com/users/maier-m/repos"],
      "events_url": ["https://api.github.com/users/maier-m/events{/privacy}"],
      "received_events_url": ["https://api.github.com/users/maier-m/received_events"],
      "type": ["User"],
      "site_admin": [false]
    },
    "labels": [],
    "state": ["closed"],
    "locked": [false],
    "assignee": {},
    "assignees": [],
    "milestone": {},
    "comments": [0],
    "created_at": ["2018-05-01T22:56:31Z"],
    "updated_at": ["2018-05-01T22:57:30Z"],
    "closed_at": ["2018-05-01T22:57:30Z"],
    "author_association": ["CONTRIBUTOR"],
    "pull_request": {
      "url": ["https://api.github.com/repos/isteves/r-pkg-intro/pulls/4"],
      "html_url": ["https://github.com/isteves/r-pkg-intro/pull/4"],
      "diff_url": ["https://github.com/isteves/r-pkg-intro/pull/4.diff"],
      "patch_url": ["https://github.com/isteves/r-pkg-intro/pull/4.patch"]
    },
    "body": [""]
  },
  {
    "url": ["https://api.github.com/repos/isteves/r-pkg-intro/issues/3"],
    "repository_url": ["https://api.github.com/repos/isteves/r-pkg-intro"],
    "labels_url": ["https://api.github.com/repos/isteves/r-pkg-intro/issues/3/labels{/name}"],
    "comments_url": ["https://api.github.com/repos/isteves/r-pkg-intro/issues/3/comments"],
    "events_url": ["https://api.github.com/repos/isteves/r-pkg-intro/issues/3/events"],
    "html_url": ["https://github.com/isteves/r-pkg-intro/pull/3"],
    "id": [319063579],
    "node_id": ["MDExOlB1bGxSZXF1ZXN0MTg1MDg1NjI4"],
    "number": [3],
    "title": ["Updated Pres"],
    "user": {
      "login": ["maier-m"],
      "id": [16710796],
      "node_id": ["MDQ6VXNlcjE2NzEwNzk2"],
      "avatar_url": ["https://avatars0.githubusercontent.com/u/16710796?v=4"],
      "gravatar_id": [""],
      "url": ["https://api.github.com/users/maier-m"],
      "html_url": ["https://github.com/maier-m"],
      "followers_url": ["https://api.github.com/users/maier-m/followers"],
      "following_url": ["https://api.github.com/users/maier-m/following{/other_user}"],
      "gists_url": ["https://api.github.com/users/maier-m/gists{/gist_id}"],
      "starred_url": ["https://api.github.com/users/maier-m/starred{/owner}{/repo}"],
      "subscriptions_url": ["https://api.github.com/users/maier-m/subscriptions"],
      "organizations_url": ["https://api.github.com/users/maier-m/orgs"],
      "repos_url": ["https://api.github.com/users/maier-m/repos"],
      "events_url": ["https://api.github.com/users/maier-m/events{/privacy}"],
      "received_events_url": ["https://api.github.com/users/maier-m/received_events"],
      "type": ["User"],
      "site_admin": [false]
    },
    "labels": [],
    "state": ["closed"],
    "locked": [false],
    "assignee": {},
    "assignees": [],
    "milestone": {},
    "comments": [0],
    "created_at": ["2018-04-30T22:57:39Z"],
    "updated_at": ["2018-05-01T15:22:29Z"],
    "closed_at": ["2018-05-01T15:22:29Z"],
    "author_association": ["CONTRIBUTOR"],
    "pull_request": {
      "url": ["https://api.github.com/repos/isteves/r-pkg-intro/pulls/3"],
      "html_url": ["https://github.com/isteves/r-pkg-intro/pull/3"],
      "diff_url": ["https://github.com/isteves/r-pkg-intro/pull/3.diff"],
      "patch_url": ["https://github.com/isteves/r-pkg-intro/pull/3.patch"]
    },
    "body": [""]
  },
  {
    "url": ["https://api.github.com/repos/isteves/r-pkg-intro/issues/2"],
    "repository_url": ["https://api.github.com/repos/isteves/r-pkg-intro"],
    "labels_url": ["https://api.github.com/repos/isteves/r-pkg-intro/issues/2/labels{/name}"],
    "comments_url": ["https://api.github.com/repos/isteves/r-pkg-intro/issues/2/comments"],
    "events_url": ["https://api.github.com/repos/isteves/r-pkg-intro/issues/2/events"],
    "html_url": ["https://github.com/isteves/r-pkg-intro/pull/2"],
    "id": [319021559],
    "node_id": ["MDExOlB1bGxSZXF1ZXN0MTg1MDUzODI0"],
    "number": [2],
    "title": ["Revert \"Updated Presentation\""],
    "user": {
      "login": ["isteves"],
      "id": [25118334],
      "node_id": ["MDQ6VXNlcjI1MTE4MzM0"],
      "avatar_url": ["https://avatars2.githubusercontent.com/u/25118334?v=4"],
      "gravatar_id": [""],
      "url": ["https://api.github.com/users/isteves"],
      "html_url": ["https://github.com/isteves"],
      "followers_url": ["https://api.github.com/users/isteves/followers"],
      "following_url": ["https://api.github.com/users/isteves/following{/other_user}"],
      "gists_url": ["https://api.github.com/users/isteves/gists{/gist_id}"],
      "starred_url": ["https://api.github.com/users/isteves/starred{/owner}{/repo}"],
      "subscriptions_url": ["https://api.github.com/users/isteves/subscriptions"],
      "organizations_url": ["https://api.github.com/users/isteves/orgs"],
      "repos_url": ["https://api.github.com/users/isteves/repos"],
      "events_url": ["https://api.github.com/users/isteves/events{/privacy}"],
      "received_events_url": ["https://api.github.com/users/isteves/received_events"],
      "type": ["User"],
      "site_admin": [false]
    },
    "labels": [],
    "state": ["closed"],
    "locked": [false],
    "assignee": {},
    "assignees": [],
    "milestone": {},
    "comments": [0],
    "created_at": ["2018-04-30T20:19:18Z"],
    "updated_at": ["2018-04-30T20:19:39Z"],
    "closed_at": ["2018-04-30T20:19:39Z"],
    "author_association": ["OWNER"],
    "pull_request": {
      "url": ["https://api.github.com/repos/isteves/r-pkg-intro/pulls/2"],
      "html_url": ["https://github.com/isteves/r-pkg-intro/pull/2"],
      "diff_url": ["https://github.com/isteves/r-pkg-intro/pull/2.diff"],
      "patch_url": ["https://github.com/isteves/r-pkg-intro/pull/2.patch"]
    },
    "body": ["Reverts isteves/r-pkg-intro#1"]
  },
  {
    "url": ["https://api.github.com/repos/isteves/r-pkg-intro/issues/1"],
    "repository_url": ["https://api.github.com/repos/isteves/r-pkg-intro"],
    "labels_url": ["https://api.github.com/repos/isteves/r-pkg-intro/issues/1/labels{/name}"],
    "comments_url": ["https://api.github.com/repos/isteves/r-pkg-intro/issues/1/comments"],
    "events_url": ["https://api.github.com/repos/isteves/r-pkg-intro/issues/1/events"],
    "html_url": ["https://github.com/isteves/r-pkg-intro/pull/1"],
    "id": [318236385],
    "node_id": ["MDExOlB1bGxSZXF1ZXN0MTg0NDk0MjY2"],
    "number": [1],
    "title": ["Updated Presentation"],
    "user": {
      "login": ["maier-m"],
      "id": [16710796],
      "node_id": ["MDQ6VXNlcjE2NzEwNzk2"],
      "avatar_url": ["https://avatars0.githubusercontent.com/u/16710796?v=4"],
      "gravatar_id": [""],
      "url": ["https://api.github.com/users/maier-m"],
      "html_url": ["https://github.com/maier-m"],
      "followers_url": ["https://api.github.com/users/maier-m/followers"],
      "following_url": ["https://api.github.com/users/maier-m/following{/other_user}"],
      "gists_url": ["https://api.github.com/users/maier-m/gists{/gist_id}"],
      "starred_url": ["https://api.github.com/users/maier-m/starred{/owner}{/repo}"],
      "subscriptions_url": ["https://api.github.com/users/maier-m/subscriptions"],
      "organizations_url": ["https://api.github.com/users/maier-m/orgs"],
      "repos_url": ["https://api.github.com/users/maier-m/repos"],
      "events_url": ["https://api.github.com/users/maier-m/events{/privacy}"],
      "received_events_url": ["https://api.github.com/users/maier-m/received_events"],
      "type": ["User"],
      "site_admin": [false]
    },
    "labels": [],
    "state": ["closed"],
    "locked": [false],
    "assignee": {},
    "assignees": [],
    "milestone": {},
    "comments": [0],
    "created_at": ["2018-04-27T00:06:29Z"],
    "updated_at": ["2018-04-30T20:01:21Z"],
    "closed_at": ["2018-04-30T20:01:21Z"],
    "author_association": ["CONTRIBUTOR"],
    "pull_request": {
      "url": ["https://api.github.com/repos/isteves/r-pkg-intro/pulls/1"],
      "html_url": ["https://github.com/isteves/r-pkg-intro/pull/1"],
      "diff_url": ["https://github.com/isteves/r-pkg-intro/pull/1.diff"],
      "patch_url": ["https://github.com/isteves/r-pkg-intro/pull/1.patch"]
    },
    "body": [""]
  }
]
