[
  {
    "url": ["https://api.github.com/repos/isteves/r-pkg-intro/issues/7"],
    "repository_url": ["https://api.github.com/repos/isteves/r-pkg-intro"],
    "labels_url": ["https://api.github.com/repos/isteves/r-pkg-intro/issues/7/labels{/name}"],
    "comments_url": ["https://api.github.com/repos/isteves/r-pkg-intro/issues/7/comments"],
    "events_url": ["https://api.github.com/repos/isteves/r-pkg-intro/issues/7/events"],
    "html_url": ["https://github.com/isteves/r-pkg-intro/issues/7"],
    "id": [351473237],
    "node_id": ["MDU6SXNzdWUzNTE0NzMyMzc="],
    "number": [7],
    "title": ["Make git workflow more robust"],
    "user": {
      "login": ["isteves"],
      "id": [25118334],
      "node_id": ["MDQ6VXNlcjI1MTE4MzM0"],
      "avatar_url": ["https://avatars2.githubusercontent.com/u/25118334?v=4"],
      "gravatar_id": [""],
      "url": ["https://api.github.com/users/isteves"],
      "html_url": ["https://github.com/isteves"],
      "followers_url": ["https://api.github.com/users/isteves/followers"],
      "following_url": ["https://api.github.com/users/isteves/following{/other_user}"],
      "gists_url": ["https://api.github.com/users/isteves/gists{/gist_id}"],
      "starred_url": ["https://api.github.com/users/isteves/starred{/owner}{/repo}"],
      "subscriptions_url": ["https://api.github.com/users/isteves/subscriptions"],
      "organizations_url": ["https://api.github.com/users/isteves/orgs"],
      "repos_url": ["https://api.github.com/users/isteves/repos"],
      "events_url": ["https://api.github.com/users/isteves/events{/privacy}"],
      "received_events_url": ["https://api.github.com/users/isteves/received_events"],
      "type": ["User"],
      "site_admin": [false]
    },
    "labels": [],
    "state": ["open"],
    "locked": [false],
    "assignee": {},
    "assignees": [],
    "milestone": {},
    "comments": [1],
    "created_at": ["2018-08-17T06:30:23Z"],
    "updated_at": ["2018-09-04T09:09:04Z"],
    "closed_at": {},
    "author_association": ["OWNER"],
    "body": ["Connect to GitHub\r\n========================================================\r\n\r\n1. `usethis::use_git()`\r\n2. `usethis::use_github()`\r\n\r\n#TODO: how to deal with errors\r\n\r\nIf `use_github` gets an authentication error, then switch to terminal and use git directly: `git push origin master`\r\n\r\nhttps://community.rstudio.com/t/difficulty-using-usethis-use-github/5579"]
  }
]
