[
  {
    "url": ["https://api.github.com/repos/isteves/resume/issues/1"],
    "repository_url": ["https://api.github.com/repos/isteves/resume"],
    "labels_url": ["https://api.github.com/repos/isteves/resume/issues/1/labels{/name}"],
    "comments_url": ["https://api.github.com/repos/isteves/resume/issues/1/comments"],
    "events_url": ["https://api.github.com/repos/isteves/resume/issues/1/events"],
    "html_url": ["https://github.com/isteves/resume/issues/1"],
    "id": [386049085],
    "node_id": ["MDU6SXNzdWUzODYwNDkwODU="],
    "number": [1],
    "title": ["Accidentally uploaded files "],
    "user": {
      "login": ["adulojuajijola"],
      "id": [41707762],
      "node_id": ["MDQ6VXNlcjQxNzA3NzYy"],
      "avatar_url": ["https://avatars0.githubusercontent.com/u/41707762?v=4"],
      "gravatar_id": [""],
      "url": ["https://api.github.com/users/adulojuajijola"],
      "html_url": ["https://github.com/adulojuajijola"],
      "followers_url": ["https://api.github.com/users/adulojuajijola/followers"],
      "following_url": ["https://api.github.com/users/adulojuajijola/following{/other_user}"],
      "gists_url": ["https://api.github.com/users/adulojuajijola/gists{/gist_id}"],
      "starred_url": ["https://api.github.com/users/adulojuajijola/starred{/owner}{/repo}"],
      "subscriptions_url": ["https://api.github.com/users/adulojuajijola/subscriptions"],
      "organizations_url": ["https://api.github.com/users/adulojuajijola/orgs"],
      "repos_url": ["https://api.github.com/users/adulojuajijola/repos"],
      "events_url": ["https://api.github.com/users/adulojuajijola/events{/privacy}"],
      "received_events_url": ["https://api.github.com/users/adulojuajijola/received_events"],
      "type": ["User"],
      "site_admin": [false]
    },
    "labels": [],
    "state": ["open"],
    "locked": [false],
    "assignee": {},
    "assignees": [],
    "milestone": {},
    "comments": [0],
    "created_at": ["2018-11-30T05:58:10Z"],
    "updated_at": ["2018-11-30T05:58:10Z"],
    "closed_at": {},
    "author_association": ["NONE"],
    "body": ["Hello, \r\nI accidentally uploaded my personal CV to the thread- I'm just learning R and thought that I was uploading it to my personal repository. Please delete. \r\nI love template by the way!\r\n"]
  }
]
