[
  {
    "url": ["https://api.github.com/repos/isteves/tutorials/issues/1"],
    "repository_url": ["https://api.github.com/repos/isteves/tutorials"],
    "labels_url": ["https://api.github.com/repos/isteves/tutorials/issues/1/labels{/name}"],
    "comments_url": ["https://api.github.com/repos/isteves/tutorials/issues/1/comments"],
    "events_url": ["https://api.github.com/repos/isteves/tutorials/issues/1/events"],
    "html_url": ["https://github.com/isteves/tutorials/issues/1"],
    "id": [294149396],
    "node_id": ["MDU6SXNzdWUyOTQxNDkzOTY="],
    "number": [1],
    "title": ["Guide for large datasets to ADC"],
    "user": {
      "login": ["isteves"],
      "id": [25118334],
      "node_id": ["MDQ6VXNlcjI1MTE4MzM0"],
      "avatar_url": ["https://avatars2.githubusercontent.com/u/25118334?v=4"],
      "gravatar_id": [""],
      "url": ["https://api.github.com/users/isteves"],
      "html_url": ["https://github.com/isteves"],
      "followers_url": ["https://api.github.com/users/isteves/followers"],
      "following_url": ["https://api.github.com/users/isteves/following{/other_user}"],
      "gists_url": ["https://api.github.com/users/isteves/gists{/gist_id}"],
      "starred_url": ["https://api.github.com/users/isteves/starred{/owner}{/repo}"],
      "subscriptions_url": ["https://api.github.com/users/isteves/subscriptions"],
      "organizations_url": ["https://api.github.com/users/isteves/orgs"],
      "repos_url": ["https://api.github.com/users/isteves/repos"],
      "events_url": ["https://api.github.com/users/isteves/events{/privacy}"],
      "received_events_url": ["https://api.github.com/users/isteves/received_events"],
      "type": ["User"],
      "site_admin": [false]
    },
    "labels": [],
    "state": ["open"],
    "locked": [false],
    "assignee": {},
    "assignees": [],
    "milestone": {},
    "comments": [0],
    "created_at": ["2018-02-03T22:12:04Z"],
    "updated_at": ["2018-02-03T22:12:04Z"],
    "closed_at": {},
    "author_association": ["OWNER"],
    "body": ["Write about:\r\n\r\n- file/folder exploration\r\n- zipping\r\n- tmux/terminals/etc\r\n- publishing to ADC"]
  }
]
