[
  {
    "url": ["https://api.github.com/repos/isteves/two-bookdowns-example/issues/1"],
    "repository_url": ["https://api.github.com/repos/isteves/two-bookdowns-example"],
    "labels_url": ["https://api.github.com/repos/isteves/two-bookdowns-example/issues/1/labels{/name}"],
    "comments_url": ["https://api.github.com/repos/isteves/two-bookdowns-example/issues/1/comments"],
    "events_url": ["https://api.github.com/repos/isteves/two-bookdowns-example/issues/1/events"],
    "html_url": ["https://github.com/isteves/two-bookdowns-example/issues/1"],
    "id": [307347581],
    "node_id": ["MDU6SXNzdWUzMDczNDc1ODE="],
    "number": [1],
    "title": ["Need to check if gh-pages is required"],
    "user": {
      "login": ["isteves"],
      "id": [25118334],
      "node_id": ["MDQ6VXNlcjI1MTE4MzM0"],
      "avatar_url": ["https://avatars2.githubusercontent.com/u/25118334?v=4"],
      "gravatar_id": [""],
      "url": ["https://api.github.com/users/isteves"],
      "html_url": ["https://github.com/isteves"],
      "followers_url": ["https://api.github.com/users/isteves/followers"],
      "following_url": ["https://api.github.com/users/isteves/following{/other_user}"],
      "gists_url": ["https://api.github.com/users/isteves/gists{/gist_id}"],
      "starred_url": ["https://api.github.com/users/isteves/starred{/owner}{/repo}"],
      "subscriptions_url": ["https://api.github.com/users/isteves/subscriptions"],
      "organizations_url": ["https://api.github.com/users/isteves/orgs"],
      "repos_url": ["https://api.github.com/users/isteves/repos"],
      "events_url": ["https://api.github.com/users/isteves/events{/privacy}"],
      "received_events_url": ["https://api.github.com/users/isteves/received_events"],
      "type": ["User"],
      "site_admin": [false]
    },
    "labels": [],
    "state": ["open"],
    "locked": [false],
    "assignee": {},
    "assignees": [],
    "milestone": {},
    "comments": [2],
    "created_at": ["2018-03-21T17:34:22Z"],
    "updated_at": ["2018-04-19T15:18:06Z"],
    "closed_at": {},
    "author_association": ["OWNER"],
    "body": ["Since updating the output_dir to ../docs/dirX, I'm not sure if it's necessary to switch to gh-pages (master/docs might work).  Need to check."]
  }
]
