[
  {
    "url": ["https://api.github.com/repos/isteves/typos/issues/7"],
    "repository_url": ["https://api.github.com/repos/isteves/typos"],
    "labels_url": ["https://api.github.com/repos/isteves/typos/issues/7/labels{/name}"],
    "comments_url": ["https://api.github.com/repos/isteves/typos/issues/7/comments"],
    "events_url": ["https://api.github.com/repos/isteves/typos/issues/7/events"],
    "html_url": ["https://github.com/isteves/typos/pull/7"],
    "id": [424609700],
    "node_id": ["MDExOlB1bGxSZXF1ZXN0MjYzOTAzMzA2"],
    "number": [7],
    "title": ["dff"],
    "user": {
      "login": ["tontocielo"],
      "id": [44177253],
      "node_id": ["MDQ6VXNlcjQ0MTc3MjUz"],
      "avatar_url": ["https://avatars1.githubusercontent.com/u/44177253?v=4"],
      "gravatar_id": [""],
      "url": ["https://api.github.com/users/tontocielo"],
      "html_url": ["https://github.com/tontocielo"],
      "followers_url": ["https://api.github.com/users/tontocielo/followers"],
      "following_url": ["https://api.github.com/users/tontocielo/following{/other_user}"],
      "gists_url": ["https://api.github.com/users/tontocielo/gists{/gist_id}"],
      "starred_url": ["https://api.github.com/users/tontocielo/starred{/owner}{/repo}"],
      "subscriptions_url": ["https://api.github.com/users/tontocielo/subscriptions"],
      "organizations_url": ["https://api.github.com/users/tontocielo/orgs"],
      "repos_url": ["https://api.github.com/users/tontocielo/repos"],
      "events_url": ["https://api.github.com/users/tontocielo/events{/privacy}"],
      "received_events_url": ["https://api.github.com/users/tontocielo/received_events"],
      "type": ["User"],
      "site_admin": [false]
    },
    "labels": [],
    "state": ["open"],
    "locked": [false],
    "assignee": {},
    "assignees": [],
    "milestone": {},
    "comments": [0],
    "created_at": ["2019-03-24T12:53:38Z"],
    "updated_at": ["2019-03-24T12:53:38Z"],
    "closed_at": {},
    "author_association": ["NONE"],
    "pull_request": {
      "url": ["https://api.github.com/repos/isteves/typos/pulls/7"],
      "html_url": ["https://github.com/isteves/typos/pull/7"],
      "diff_url": ["https://github.com/isteves/typos/pull/7.diff"],
      "patch_url": ["https://github.com/isteves/typos/pull/7.patch"]
    },
    "body": ["fdfs"]
  },
  {
    "url": ["https://api.github.com/repos/isteves/typos/issues/5"],
    "repository_url": ["https://api.github.com/repos/isteves/typos"],
    "labels_url": ["https://api.github.com/repos/isteves/typos/issues/5/labels{/name}"],
    "comments_url": ["https://api.github.com/repos/isteves/typos/issues/5/comments"],
    "events_url": ["https://api.github.com/repos/isteves/typos/issues/5/events"],
    "html_url": ["https://github.com/isteves/typos/pull/5"],
    "id": [424609346],
    "node_id": ["MDExOlB1bGxSZXF1ZXN0MjYzOTAzMDQy"],
    "number": [5],
    "title": ["including a hello"],
    "user": {
      "login": ["KerenRaiter"],
      "id": [45620957],
      "node_id": ["MDQ6VXNlcjQ1NjIwOTU3"],
      "avatar_url": ["https://avatars0.githubusercontent.com/u/45620957?v=4"],
      "gravatar_id": [""],
      "url": ["https://api.github.com/users/KerenRaiter"],
      "html_url": ["https://github.com/KerenRaiter"],
      "followers_url": ["https://api.github.com/users/KerenRaiter/followers"],
      "following_url": ["https://api.github.com/users/KerenRaiter/following{/other_user}"],
      "gists_url": ["https://api.github.com/users/KerenRaiter/gists{/gist_id}"],
      "starred_url": ["https://api.github.com/users/KerenRaiter/starred{/owner}{/repo}"],
      "subscriptions_url": ["https://api.github.com/users/KerenRaiter/subscriptions"],
      "organizations_url": ["https://api.github.com/users/KerenRaiter/orgs"],
      "repos_url": ["https://api.github.com/users/KerenRaiter/repos"],
      "events_url": ["https://api.github.com/users/KerenRaiter/events{/privacy}"],
      "received_events_url": ["https://api.github.com/users/KerenRaiter/received_events"],
      "type": ["User"],
      "site_admin": [false]
    },
    "labels": [],
    "state": ["open"],
    "locked": [false],
    "assignee": {},
    "assignees": [],
    "milestone": {},
    "comments": [0],
    "created_at": ["2019-03-24T12:50:24Z"],
    "updated_at": ["2019-03-24T12:50:24Z"],
    "closed_at": {},
    "author_association": ["NONE"],
    "pull_request": {
      "url": ["https://api.github.com/repos/isteves/typos/pulls/5"],
      "html_url": ["https://github.com/isteves/typos/pull/5"],
      "diff_url": ["https://github.com/isteves/typos/pull/5.diff"],
      "patch_url": ["https://github.com/isteves/typos/pull/5.patch"]
    },
    "body": [""]
  },
  {
    "url": ["https://api.github.com/repos/isteves/typos/issues/3"],
    "repository_url": ["https://api.github.com/repos/isteves/typos"],
    "labels_url": ["https://api.github.com/repos/isteves/typos/issues/3/labels{/name}"],
    "comments_url": ["https://api.github.com/repos/isteves/typos/issues/3/comments"],
    "events_url": ["https://api.github.com/repos/isteves/typos/issues/3/events"],
    "html_url": ["https://github.com/isteves/typos/pull/3"],
    "id": [424608726],
    "node_id": ["MDExOlB1bGxSZXF1ZXN0MjYzOTAyNjIz"],
    "number": [3],
    "title": ["make the readme more exciting"],
    "user": {
      "login": ["yayatang"],
      "id": [7093219],
      "node_id": ["MDQ6VXNlcjcwOTMyMTk="],
      "avatar_url": ["https://avatars1.githubusercontent.com/u/7093219?v=4"],
      "gravatar_id": [""],
      "url": ["https://api.github.com/users/yayatang"],
      "html_url": ["https://github.com/yayatang"],
      "followers_url": ["https://api.github.com/users/yayatang/followers"],
      "following_url": ["https://api.github.com/users/yayatang/following{/other_user}"],
      "gists_url": ["https://api.github.com/users/yayatang/gists{/gist_id}"],
      "starred_url": ["https://api.github.com/users/yayatang/starred{/owner}{/repo}"],
      "subscriptions_url": ["https://api.github.com/users/yayatang/subscriptions"],
      "organizations_url": ["https://api.github.com/users/yayatang/orgs"],
      "repos_url": ["https://api.github.com/users/yayatang/repos"],
      "events_url": ["https://api.github.com/users/yayatang/events{/privacy}"],
      "received_events_url": ["https://api.github.com/users/yayatang/received_events"],
      "type": ["User"],
      "site_admin": [false]
    },
    "labels": [],
    "state": ["open"],
    "locked": [false],
    "assignee": {},
    "assignees": [],
    "milestone": {},
    "comments": [0],
    "created_at": ["2019-03-24T12:43:54Z"],
    "updated_at": ["2019-03-24T12:43:54Z"],
    "closed_at": {},
    "author_association": ["NONE"],
    "pull_request": {
      "url": ["https://api.github.com/repos/isteves/typos/pulls/3"],
      "html_url": ["https://github.com/isteves/typos/pull/3"],
      "diff_url": ["https://github.com/isteves/typos/pull/3.diff"],
      "patch_url": ["https://github.com/isteves/typos/pull/3.patch"]
    },
    "body": [""]
  },
  {
    "url": ["https://api.github.com/repos/isteves/typos/issues/2"],
    "repository_url": ["https://api.github.com/repos/isteves/typos"],
    "labels_url": ["https://api.github.com/repos/isteves/typos/issues/2/labels{/name}"],
    "comments_url": ["https://api.github.com/repos/isteves/typos/issues/2/comments"],
    "events_url": ["https://api.github.com/repos/isteves/typos/issues/2/events"],
    "html_url": ["https://github.com/isteves/typos/issues/2"],
    "id": [424582608],
    "node_id": ["MDU6SXNzdWU0MjQ1ODI2MDg="],
    "number": [2],
    "title": ["Review README"],
    "user": {
      "login": ["isteves"],
      "id": [25118334],
      "node_id": ["MDQ6VXNlcjI1MTE4MzM0"],
      "avatar_url": ["https://avatars2.githubusercontent.com/u/25118334?v=4"],
      "gravatar_id": [""],
      "url": ["https://api.github.com/users/isteves"],
      "html_url": ["https://github.com/isteves"],
      "followers_url": ["https://api.github.com/users/isteves/followers"],
      "following_url": ["https://api.github.com/users/isteves/following{/other_user}"],
      "gists_url": ["https://api.github.com/users/isteves/gists{/gist_id}"],
      "starred_url": ["https://api.github.com/users/isteves/starred{/owner}{/repo}"],
      "subscriptions_url": ["https://api.github.com/users/isteves/subscriptions"],
      "organizations_url": ["https://api.github.com/users/isteves/orgs"],
      "repos_url": ["https://api.github.com/users/isteves/repos"],
      "events_url": ["https://api.github.com/users/isteves/events{/privacy}"],
      "received_events_url": ["https://api.github.com/users/isteves/received_events"],
      "type": ["User"],
      "site_admin": [false]
    },
    "labels": [],
    "state": ["open"],
    "locked": [false],
    "assignee": {},
    "assignees": [],
    "milestone": {},
    "comments": [0],
    "created_at": ["2019-03-24T07:07:45Z"],
    "updated_at": ["2019-03-24T07:07:45Z"],
    "closed_at": {},
    "author_association": ["OWNER"],
    "body": ["I probably need to do a spell check on the README"]
  },
  {
    "url": ["https://api.github.com/repos/isteves/typos/issues/1"],
    "repository_url": ["https://api.github.com/repos/isteves/typos"],
    "labels_url": ["https://api.github.com/repos/isteves/typos/issues/1/labels{/name}"],
    "comments_url": ["https://api.github.com/repos/isteves/typos/issues/1/comments"],
    "events_url": ["https://api.github.com/repos/isteves/typos/issues/1/events"],
    "html_url": ["https://github.com/isteves/typos/pull/1"],
    "id": [424582573],
    "node_id": ["MDExOlB1bGxSZXF1ZXN0MjYzODg1NTE3"],
    "number": [1],
    "title": ["Fixed pul --> pull"],
    "user": {
      "login": ["isteves"],
      "id": [25118334],
      "node_id": ["MDQ6VXNlcjI1MTE4MzM0"],
      "avatar_url": ["https://avatars2.githubusercontent.com/u/25118334?v=4"],
      "gravatar_id": [""],
      "url": ["https://api.github.com/users/isteves"],
      "html_url": ["https://github.com/isteves"],
      "followers_url": ["https://api.github.com/users/isteves/followers"],
      "following_url": ["https://api.github.com/users/isteves/following{/other_user}"],
      "gists_url": ["https://api.github.com/users/isteves/gists{/gist_id}"],
      "starred_url": ["https://api.github.com/users/isteves/starred{/owner}{/repo}"],
      "subscriptions_url": ["https://api.github.com/users/isteves/subscriptions"],
      "organizations_url": ["https://api.github.com/users/isteves/orgs"],
      "repos_url": ["https://api.github.com/users/isteves/repos"],
      "events_url": ["https://api.github.com/users/isteves/events{/privacy}"],
      "received_events_url": ["https://api.github.com/users/isteves/received_events"],
      "type": ["User"],
      "site_admin": [false]
    },
    "labels": [],
    "state": ["open"],
    "locked": [false],
    "assignee": {},
    "assignees": [],
    "milestone": {},
    "comments": [0],
    "created_at": ["2019-03-24T07:06:56Z"],
    "updated_at": ["2019-03-24T15:19:46Z"],
    "closed_at": {},
    "author_association": ["OWNER"],
    "pull_request": {
      "url": ["https://api.github.com/repos/isteves/typos/pulls/1"],
      "html_url": ["https://github.com/isteves/typos/pull/1"],
      "diff_url": ["https://github.com/isteves/typos/pull/1.diff"],
      "patch_url": ["https://github.com/isteves/typos/pull/1.patch"]
    },
    "body": [""]
  }
]
