{
  "id": [147364823],
  "node_id": ["MDEwOlJlcG9zaXRvcnkxNDczNjQ4MjM="],
  "name": ["adv-r"],
  "full_name": ["isteves/adv-r"],
  "private": [false],
  "owner": {
    "login": ["isteves"],
    "id": [25118334],
    "node_id": ["MDQ6VXNlcjI1MTE4MzM0"],
    "avatar_url": ["https://avatars2.githubusercontent.com/u/25118334?v=4"],
    "gravatar_id": [""],
    "url": ["https://api.github.com/users/isteves"],
    "html_url": ["https://github.com/isteves"],
    "followers_url": ["https://api.github.com/users/isteves/followers"],
    "following_url": ["https://api.github.com/users/isteves/following{/other_user}"],
    "gists_url": ["https://api.github.com/users/isteves/gists{/gist_id}"],
    "starred_url": ["https://api.github.com/users/isteves/starred{/owner}{/repo}"],
    "subscriptions_url": ["https://api.github.com/users/isteves/subscriptions"],
    "organizations_url": ["https://api.github.com/users/isteves/orgs"],
    "repos_url": ["https://api.github.com/users/isteves/repos"],
    "events_url": ["https://api.github.com/users/isteves/events{/privacy}"],
    "received_events_url": ["https://api.github.com/users/isteves/received_events"],
    "type": ["User"],
    "site_admin": [false]
  },
  "html_url": ["https://github.com/isteves/adv-r"],
  "description": ["Advanced R programming: a book"],
  "fork": [true],
  "url": ["https://api.github.com/repos/isteves/adv-r"],
  "forks_url": ["https://api.github.com/repos/isteves/adv-r/forks"],
  "keys_url": ["https://api.github.com/repos/isteves/adv-r/keys{/key_id}"],
  "collaborators_url": ["https://api.github.com/repos/isteves/adv-r/collaborators{/collaborator}"],
  "teams_url": ["https://api.github.com/repos/isteves/adv-r/teams"],
  "hooks_url": ["https://api.github.com/repos/isteves/adv-r/hooks"],
  "issue_events_url": ["https://api.github.com/repos/isteves/adv-r/issues/events{/number}"],
  "events_url": ["https://api.github.com/repos/isteves/adv-r/events"],
  "assignees_url": ["https://api.github.com/repos/isteves/adv-r/assignees{/user}"],
  "branches_url": ["https://api.github.com/repos/isteves/adv-r/branches{/branch}"],
  "tags_url": ["https://api.github.com/repos/isteves/adv-r/tags"],
  "blobs_url": ["https://api.github.com/repos/isteves/adv-r/git/blobs{/sha}"],
  "git_tags_url": ["https://api.github.com/repos/isteves/adv-r/git/tags{/sha}"],
  "git_refs_url": ["https://api.github.com/repos/isteves/adv-r/git/refs{/sha}"],
  "trees_url": ["https://api.github.com/repos/isteves/adv-r/git/trees{/sha}"],
  "statuses_url": ["https://api.github.com/repos/isteves/adv-r/statuses/{sha}"],
  "languages_url": ["https://api.github.com/repos/isteves/adv-r/languages"],
  "stargazers_url": ["https://api.github.com/repos/isteves/adv-r/stargazers"],
  "contributors_url": ["https://api.github.com/repos/isteves/adv-r/contributors"],
  "subscribers_url": ["https://api.github.com/repos/isteves/adv-r/subscribers"],
  "subscription_url": ["https://api.github.com/repos/isteves/adv-r/subscription"],
  "commits_url": ["https://api.github.com/repos/isteves/adv-r/commits{/sha}"],
  "git_commits_url": ["https://api.github.com/repos/isteves/adv-r/git/commits{/sha}"],
  "comments_url": ["https://api.github.com/repos/isteves/adv-r/comments{/number}"],
  "issue_comment_url": ["https://api.github.com/repos/isteves/adv-r/issues/comments{/number}"],
  "contents_url": ["https://api.github.com/repos/isteves/adv-r/contents/{+path}"],
  "compare_url": ["https://api.github.com/repos/isteves/adv-r/compare/{base}...{head}"],
  "merges_url": ["https://api.github.com/repos/isteves/adv-r/merges"],
  "archive_url": ["https://api.github.com/repos/isteves/adv-r/{archive_format}{/ref}"],
  "downloads_url": ["https://api.github.com/repos/isteves/adv-r/downloads"],
  "issues_url": ["https://api.github.com/repos/isteves/adv-r/issues{/number}"],
  "pulls_url": ["https://api.github.com/repos/isteves/adv-r/pulls{/number}"],
  "milestones_url": ["https://api.github.com/repos/isteves/adv-r/milestones{/number}"],
  "notifications_url": ["https://api.github.com/repos/isteves/adv-r/notifications{?since,all,participating}"],
  "labels_url": ["https://api.github.com/repos/isteves/adv-r/labels{/name}"],
  "releases_url": ["https://api.github.com/repos/isteves/adv-r/releases{/id}"],
  "deployments_url": ["https://api.github.com/repos/isteves/adv-r/deployments"],
  "created_at": ["2018-09-04T15:07:27Z"],
  "updated_at": ["2018-09-04T15:09:28Z"],
  "pushed_at": ["2018-09-04T15:09:25Z"],
  "git_url": ["git://github.com/isteves/adv-r.git"],
  "ssh_url": ["git@github.com:isteves/adv-r.git"],
  "clone_url": ["https://github.com/isteves/adv-r.git"],
  "svn_url": ["https://github.com/isteves/adv-r"],
  "homepage": ["http://adv-r.hadley.nz"],
  "size": [25052],
  "stargazers_count": [0],
  "watchers_count": [0],
  "language": ["TeX"],
  "has_issues": [false],
  "has_projects": [true],
  "has_downloads": [true],
  "has_wiki": [true],
  "has_pages": [false],
  "forks_count": [0],
  "mirror_url": {},
  "archived": [false],
  "open_issues_count": [0],
  "license": {},
  "forks": [0],
  "open_issues": [0],
  "watchers": [0],
  "default_branch": ["master"],
  "permissions": {
    "admin": [false],
    "push": [false],
    "pull": [true]
  }
}
