{
  "id": [121720031],
  "node_id": ["MDEwOlJlcG9zaXRvcnkxMjE3MjAwMzE="],
  "name": ["advent_of_code_2017"],
  "full_name": ["isteves/advent_of_code_2017"],
  "private": [false],
  "owner": {
    "login": ["isteves"],
    "id": [25118334],
    "node_id": ["MDQ6VXNlcjI1MTE4MzM0"],
    "avatar_url": ["https://avatars2.githubusercontent.com/u/25118334?v=4"],
    "gravatar_id": [""],
    "url": ["https://api.github.com/users/isteves"],
    "html_url": ["https://github.com/isteves"],
    "followers_url": ["https://api.github.com/users/isteves/followers"],
    "following_url": ["https://api.github.com/users/isteves/following{/other_user}"],
    "gists_url": ["https://api.github.com/users/isteves/gists{/gist_id}"],
    "starred_url": ["https://api.github.com/users/isteves/starred{/owner}{/repo}"],
    "subscriptions_url": ["https://api.github.com/users/isteves/subscriptions"],
    "organizations_url": ["https://api.github.com/users/isteves/orgs"],
    "repos_url": ["https://api.github.com/users/isteves/repos"],
    "events_url": ["https://api.github.com/users/isteves/events{/privacy}"],
    "received_events_url": ["https://api.github.com/users/isteves/received_events"],
    "type": ["User"],
    "site_admin": [false]
  },
  "html_url": ["https://github.com/isteves/advent_of_code_2017"],
  "description": ["Advent of Code 2017 solutions for R users"],
  "fork": [false],
  "url": ["https://api.github.com/repos/isteves/advent_of_code_2017"],
  "forks_url": ["https://api.github.com/repos/isteves/advent_of_code_2017/forks"],
  "keys_url": ["https://api.github.com/repos/isteves/advent_of_code_2017/keys{/key_id}"],
  "collaborators_url": ["https://api.github.com/repos/isteves/advent_of_code_2017/collaborators{/collaborator}"],
  "teams_url": ["https://api.github.com/repos/isteves/advent_of_code_2017/teams"],
  "hooks_url": ["https://api.github.com/repos/isteves/advent_of_code_2017/hooks"],
  "issue_events_url": ["https://api.github.com/repos/isteves/advent_of_code_2017/issues/events{/number}"],
  "events_url": ["https://api.github.com/repos/isteves/advent_of_code_2017/events"],
  "assignees_url": ["https://api.github.com/repos/isteves/advent_of_code_2017/assignees{/user}"],
  "branches_url": ["https://api.github.com/repos/isteves/advent_of_code_2017/branches{/branch}"],
  "tags_url": ["https://api.github.com/repos/isteves/advent_of_code_2017/tags"],
  "blobs_url": ["https://api.github.com/repos/isteves/advent_of_code_2017/git/blobs{/sha}"],
  "git_tags_url": ["https://api.github.com/repos/isteves/advent_of_code_2017/git/tags{/sha}"],
  "git_refs_url": ["https://api.github.com/repos/isteves/advent_of_code_2017/git/refs{/sha}"],
  "trees_url": ["https://api.github.com/repos/isteves/advent_of_code_2017/git/trees{/sha}"],
  "statuses_url": ["https://api.github.com/repos/isteves/advent_of_code_2017/statuses/{sha}"],
  "languages_url": ["https://api.github.com/repos/isteves/advent_of_code_2017/languages"],
  "stargazers_url": ["https://api.github.com/repos/isteves/advent_of_code_2017/stargazers"],
  "contributors_url": ["https://api.github.com/repos/isteves/advent_of_code_2017/contributors"],
  "subscribers_url": ["https://api.github.com/repos/isteves/advent_of_code_2017/subscribers"],
  "subscription_url": ["https://api.github.com/repos/isteves/advent_of_code_2017/subscription"],
  "commits_url": ["https://api.github.com/repos/isteves/advent_of_code_2017/commits{/sha}"],
  "git_commits_url": ["https://api.github.com/repos/isteves/advent_of_code_2017/git/commits{/sha}"],
  "comments_url": ["https://api.github.com/repos/isteves/advent_of_code_2017/comments{/number}"],
  "issue_comment_url": ["https://api.github.com/repos/isteves/advent_of_code_2017/issues/comments{/number}"],
  "contents_url": ["https://api.github.com/repos/isteves/advent_of_code_2017/contents/{+path}"],
  "compare_url": ["https://api.github.com/repos/isteves/advent_of_code_2017/compare/{base}...{head}"],
  "merges_url": ["https://api.github.com/repos/isteves/advent_of_code_2017/merges"],
  "archive_url": ["https://api.github.com/repos/isteves/advent_of_code_2017/{archive_format}{/ref}"],
  "downloads_url": ["https://api.github.com/repos/isteves/advent_of_code_2017/downloads"],
  "issues_url": ["https://api.github.com/repos/isteves/advent_of_code_2017/issues{/number}"],
  "pulls_url": ["https://api.github.com/repos/isteves/advent_of_code_2017/pulls{/number}"],
  "milestones_url": ["https://api.github.com/repos/isteves/advent_of_code_2017/milestones{/number}"],
  "notifications_url": ["https://api.github.com/repos/isteves/advent_of_code_2017/notifications{?since,all,participating}"],
  "labels_url": ["https://api.github.com/repos/isteves/advent_of_code_2017/labels{/name}"],
  "releases_url": ["https://api.github.com/repos/isteves/advent_of_code_2017/releases{/id}"],
  "deployments_url": ["https://api.github.com/repos/isteves/advent_of_code_2017/deployments"],
  "created_at": ["2018-02-16T06:05:01Z"],
  "updated_at": ["2018-12-13T21:08:37Z"],
  "pushed_at": ["2018-03-11T05:46:57Z"],
  "git_url": ["git://github.com/isteves/advent_of_code_2017.git"],
  "ssh_url": ["git@github.com:isteves/advent_of_code_2017.git"],
  "clone_url": ["https://github.com/isteves/advent_of_code_2017.git"],
  "svn_url": ["https://github.com/isteves/advent_of_code_2017"],
  "homepage": ["https://isteves.github.io/advent_of_code_2017/"],
  "size": [558],
  "stargazers_count": [2],
  "watchers_count": [2],
  "language": ["R"],
  "has_issues": [true],
  "has_projects": [true],
  "has_downloads": [true],
  "has_wiki": [true],
  "has_pages": [true],
  "forks_count": [1],
  "mirror_url": {},
  "archived": [false],
  "open_issues_count": [0],
  "license": {},
  "forks": [1],
  "open_issues": [0],
  "watchers": [2],
  "default_branch": ["master"],
  "permissions": {
    "admin": [false],
    "push": [false],
    "pull": [true]
  }
}
