{
  "id": [160244517],
  "node_id": ["MDEwOlJlcG9zaXRvcnkxNjAyNDQ1MTc="],
  "name": ["aoc2019"],
  "full_name": ["isteves/aoc2019"],
  "private": [false],
  "owner": {
    "login": ["isteves"],
    "id": [25118334],
    "node_id": ["MDQ6VXNlcjI1MTE4MzM0"],
    "avatar_url": ["https://avatars2.githubusercontent.com/u/25118334?v=4"],
    "gravatar_id": [""],
    "url": ["https://api.github.com/users/isteves"],
    "html_url": ["https://github.com/isteves"],
    "followers_url": ["https://api.github.com/users/isteves/followers"],
    "following_url": ["https://api.github.com/users/isteves/following{/other_user}"],
    "gists_url": ["https://api.github.com/users/isteves/gists{/gist_id}"],
    "starred_url": ["https://api.github.com/users/isteves/starred{/owner}{/repo}"],
    "subscriptions_url": ["https://api.github.com/users/isteves/subscriptions"],
    "organizations_url": ["https://api.github.com/users/isteves/orgs"],
    "repos_url": ["https://api.github.com/users/isteves/repos"],
    "events_url": ["https://api.github.com/users/isteves/events{/privacy}"],
    "received_events_url": ["https://api.github.com/users/isteves/received_events"],
    "type": ["User"],
    "site_admin": [false]
  },
  "html_url": ["https://github.com/isteves/aoc2019"],
  "description": {},
  "fork": [false],
  "url": ["https://api.github.com/repos/isteves/aoc2019"],
  "forks_url": ["https://api.github.com/repos/isteves/aoc2019/forks"],
  "keys_url": ["https://api.github.com/repos/isteves/aoc2019/keys{/key_id}"],
  "collaborators_url": ["https://api.github.com/repos/isteves/aoc2019/collaborators{/collaborator}"],
  "teams_url": ["https://api.github.com/repos/isteves/aoc2019/teams"],
  "hooks_url": ["https://api.github.com/repos/isteves/aoc2019/hooks"],
  "issue_events_url": ["https://api.github.com/repos/isteves/aoc2019/issues/events{/number}"],
  "events_url": ["https://api.github.com/repos/isteves/aoc2019/events"],
  "assignees_url": ["https://api.github.com/repos/isteves/aoc2019/assignees{/user}"],
  "branches_url": ["https://api.github.com/repos/isteves/aoc2019/branches{/branch}"],
  "tags_url": ["https://api.github.com/repos/isteves/aoc2019/tags"],
  "blobs_url": ["https://api.github.com/repos/isteves/aoc2019/git/blobs{/sha}"],
  "git_tags_url": ["https://api.github.com/repos/isteves/aoc2019/git/tags{/sha}"],
  "git_refs_url": ["https://api.github.com/repos/isteves/aoc2019/git/refs{/sha}"],
  "trees_url": ["https://api.github.com/repos/isteves/aoc2019/git/trees{/sha}"],
  "statuses_url": ["https://api.github.com/repos/isteves/aoc2019/statuses/{sha}"],
  "languages_url": ["https://api.github.com/repos/isteves/aoc2019/languages"],
  "stargazers_url": ["https://api.github.com/repos/isteves/aoc2019/stargazers"],
  "contributors_url": ["https://api.github.com/repos/isteves/aoc2019/contributors"],
  "subscribers_url": ["https://api.github.com/repos/isteves/aoc2019/subscribers"],
  "subscription_url": ["https://api.github.com/repos/isteves/aoc2019/subscription"],
  "commits_url": ["https://api.github.com/repos/isteves/aoc2019/commits{/sha}"],
  "git_commits_url": ["https://api.github.com/repos/isteves/aoc2019/git/commits{/sha}"],
  "comments_url": ["https://api.github.com/repos/isteves/aoc2019/comments{/number}"],
  "issue_comment_url": ["https://api.github.com/repos/isteves/aoc2019/issues/comments{/number}"],
  "contents_url": ["https://api.github.com/repos/isteves/aoc2019/contents/{+path}"],
  "compare_url": ["https://api.github.com/repos/isteves/aoc2019/compare/{base}...{head}"],
  "merges_url": ["https://api.github.com/repos/isteves/aoc2019/merges"],
  "archive_url": ["https://api.github.com/repos/isteves/aoc2019/{archive_format}{/ref}"],
  "downloads_url": ["https://api.github.com/repos/isteves/aoc2019/downloads"],
  "issues_url": ["https://api.github.com/repos/isteves/aoc2019/issues{/number}"],
  "pulls_url": ["https://api.github.com/repos/isteves/aoc2019/pulls{/number}"],
  "milestones_url": ["https://api.github.com/repos/isteves/aoc2019/milestones{/number}"],
  "notifications_url": ["https://api.github.com/repos/isteves/aoc2019/notifications{?since,all,participating}"],
  "labels_url": ["https://api.github.com/repos/isteves/aoc2019/labels{/name}"],
  "releases_url": ["https://api.github.com/repos/isteves/aoc2019/releases{/id}"],
  "deployments_url": ["https://api.github.com/repos/isteves/aoc2019/deployments"],
  "created_at": ["2018-12-03T19:44:26Z"],
  "updated_at": ["2018-12-03T19:44:44Z"],
  "pushed_at": ["2018-12-03T19:44:42Z"],
  "git_url": ["git://github.com/isteves/aoc2019.git"],
  "ssh_url": ["git@github.com:isteves/aoc2019.git"],
  "clone_url": ["https://github.com/isteves/aoc2019.git"],
  "svn_url": ["https://github.com/isteves/aoc2019"],
  "homepage": {},
  "size": [0],
  "stargazers_count": [0],
  "watchers_count": [0],
  "language": {},
  "has_issues": [true],
  "has_projects": [true],
  "has_downloads": [true],
  "has_wiki": [true],
  "has_pages": [false],
  "forks_count": [0],
  "mirror_url": {},
  "archived": [false],
  "open_issues_count": [0],
  "license": {},
  "forks": [0],
  "open_issues": [0],
  "watchers": [0],
  "default_branch": ["master"],
  "permissions": {
    "admin": [false],
    "push": [false],
    "pull": [true]
  }
}
