{
  "id": [147920791],
  "node_id": ["MDEwOlJlcG9zaXRvcnkxNDc5MjA3OTE="],
  "name": ["apreshill"],
  "full_name": ["isteves/apreshill"],
  "private": [false],
  "owner": {
    "login": ["isteves"],
    "id": [25118334],
    "node_id": ["MDQ6VXNlcjI1MTE4MzM0"],
    "avatar_url": ["https://avatars2.githubusercontent.com/u/25118334?v=4"],
    "gravatar_id": [""],
    "url": ["https://api.github.com/users/isteves"],
    "html_url": ["https://github.com/isteves"],
    "followers_url": ["https://api.github.com/users/isteves/followers"],
    "following_url": ["https://api.github.com/users/isteves/following{/other_user}"],
    "gists_url": ["https://api.github.com/users/isteves/gists{/gist_id}"],
    "starred_url": ["https://api.github.com/users/isteves/starred{/owner}{/repo}"],
    "subscriptions_url": ["https://api.github.com/users/isteves/subscriptions"],
    "organizations_url": ["https://api.github.com/users/isteves/orgs"],
    "repos_url": ["https://api.github.com/users/isteves/repos"],
    "events_url": ["https://api.github.com/users/isteves/events{/privacy}"],
    "received_events_url": ["https://api.github.com/users/isteves/received_events"],
    "type": ["User"],
    "site_admin": [false]
  },
  "html_url": ["https://github.com/isteves/apreshill"],
  "description": ["Personal website of Alison Presmanes Hill"],
  "fork": [true],
  "url": ["https://api.github.com/repos/isteves/apreshill"],
  "forks_url": ["https://api.github.com/repos/isteves/apreshill/forks"],
  "keys_url": ["https://api.github.com/repos/isteves/apreshill/keys{/key_id}"],
  "collaborators_url": ["https://api.github.com/repos/isteves/apreshill/collaborators{/collaborator}"],
  "teams_url": ["https://api.github.com/repos/isteves/apreshill/teams"],
  "hooks_url": ["https://api.github.com/repos/isteves/apreshill/hooks"],
  "issue_events_url": ["https://api.github.com/repos/isteves/apreshill/issues/events{/number}"],
  "events_url": ["https://api.github.com/repos/isteves/apreshill/events"],
  "assignees_url": ["https://api.github.com/repos/isteves/apreshill/assignees{/user}"],
  "branches_url": ["https://api.github.com/repos/isteves/apreshill/branches{/branch}"],
  "tags_url": ["https://api.github.com/repos/isteves/apreshill/tags"],
  "blobs_url": ["https://api.github.com/repos/isteves/apreshill/git/blobs{/sha}"],
  "git_tags_url": ["https://api.github.com/repos/isteves/apreshill/git/tags{/sha}"],
  "git_refs_url": ["https://api.github.com/repos/isteves/apreshill/git/refs{/sha}"],
  "trees_url": ["https://api.github.com/repos/isteves/apreshill/git/trees{/sha}"],
  "statuses_url": ["https://api.github.com/repos/isteves/apreshill/statuses/{sha}"],
  "languages_url": ["https://api.github.com/repos/isteves/apreshill/languages"],
  "stargazers_url": ["https://api.github.com/repos/isteves/apreshill/stargazers"],
  "contributors_url": ["https://api.github.com/repos/isteves/apreshill/contributors"],
  "subscribers_url": ["https://api.github.com/repos/isteves/apreshill/subscribers"],
  "subscription_url": ["https://api.github.com/repos/isteves/apreshill/subscription"],
  "commits_url": ["https://api.github.com/repos/isteves/apreshill/commits{/sha}"],
  "git_commits_url": ["https://api.github.com/repos/isteves/apreshill/git/commits{/sha}"],
  "comments_url": ["https://api.github.com/repos/isteves/apreshill/comments{/number}"],
  "issue_comment_url": ["https://api.github.com/repos/isteves/apreshill/issues/comments{/number}"],
  "contents_url": ["https://api.github.com/repos/isteves/apreshill/contents/{+path}"],
  "compare_url": ["https://api.github.com/repos/isteves/apreshill/compare/{base}...{head}"],
  "merges_url": ["https://api.github.com/repos/isteves/apreshill/merges"],
  "archive_url": ["https://api.github.com/repos/isteves/apreshill/{archive_format}{/ref}"],
  "downloads_url": ["https://api.github.com/repos/isteves/apreshill/downloads"],
  "issues_url": ["https://api.github.com/repos/isteves/apreshill/issues{/number}"],
  "pulls_url": ["https://api.github.com/repos/isteves/apreshill/pulls{/number}"],
  "milestones_url": ["https://api.github.com/repos/isteves/apreshill/milestones{/number}"],
  "notifications_url": ["https://api.github.com/repos/isteves/apreshill/notifications{?since,all,participating}"],
  "labels_url": ["https://api.github.com/repos/isteves/apreshill/labels{/name}"],
  "releases_url": ["https://api.github.com/repos/isteves/apreshill/releases{/id}"],
  "deployments_url": ["https://api.github.com/repos/isteves/apreshill/deployments"],
  "created_at": ["2018-09-08T09:43:38Z"],
  "updated_at": ["2018-09-08T09:43:41Z"],
  "pushed_at": ["2018-09-08T12:16:11Z"],
  "git_url": ["git://github.com/isteves/apreshill.git"],
  "ssh_url": ["git@github.com:isteves/apreshill.git"],
  "clone_url": ["https://github.com/isteves/apreshill.git"],
  "svn_url": ["https://github.com/isteves/apreshill"],
  "homepage": ["https://apreshill.rbind.io"],
  "size": [127399],
  "stargazers_count": [0],
  "watchers_count": [0],
  "language": ["HTML"],
  "has_issues": [false],
  "has_projects": [true],
  "has_downloads": [true],
  "has_wiki": [true],
  "has_pages": [false],
  "forks_count": [0],
  "mirror_url": {},
  "archived": [false],
  "open_issues_count": [0],
  "license": {},
  "forks": [0],
  "open_issues": [0],
  "watchers": [0],
  "default_branch": ["master"],
  "permissions": {
    "admin": [false],
    "push": [false],
    "pull": [true]
  }
}
