{
  "id": [122410023],
  "node_id": ["MDEwOlJlcG9zaXRvcnkxMjI0MTAwMjM="],
  "name": ["arcticdatautils"],
  "full_name": ["isteves/arcticdatautils"],
  "private": [false],
  "owner": {
    "login": ["isteves"],
    "id": [25118334],
    "node_id": ["MDQ6VXNlcjI1MTE4MzM0"],
    "avatar_url": ["https://avatars2.githubusercontent.com/u/25118334?v=4"],
    "gravatar_id": [""],
    "url": ["https://api.github.com/users/isteves"],
    "html_url": ["https://github.com/isteves"],
    "followers_url": ["https://api.github.com/users/isteves/followers"],
    "following_url": ["https://api.github.com/users/isteves/following{/other_user}"],
    "gists_url": ["https://api.github.com/users/isteves/gists{/gist_id}"],
    "starred_url": ["https://api.github.com/users/isteves/starred{/owner}{/repo}"],
    "subscriptions_url": ["https://api.github.com/users/isteves/subscriptions"],
    "organizations_url": ["https://api.github.com/users/isteves/orgs"],
    "repos_url": ["https://api.github.com/users/isteves/repos"],
    "events_url": ["https://api.github.com/users/isteves/events{/privacy}"],
    "received_events_url": ["https://api.github.com/users/isteves/received_events"],
    "type": ["User"],
    "site_admin": [false]
  },
  "html_url": ["https://github.com/isteves/arcticdatautils"],
  "description": ["Utility functions in R for processing data for the Arctic Data Center"],
  "fork": [true],
  "url": ["https://api.github.com/repos/isteves/arcticdatautils"],
  "forks_url": ["https://api.github.com/repos/isteves/arcticdatautils/forks"],
  "keys_url": ["https://api.github.com/repos/isteves/arcticdatautils/keys{/key_id}"],
  "collaborators_url": ["https://api.github.com/repos/isteves/arcticdatautils/collaborators{/collaborator}"],
  "teams_url": ["https://api.github.com/repos/isteves/arcticdatautils/teams"],
  "hooks_url": ["https://api.github.com/repos/isteves/arcticdatautils/hooks"],
  "issue_events_url": ["https://api.github.com/repos/isteves/arcticdatautils/issues/events{/number}"],
  "events_url": ["https://api.github.com/repos/isteves/arcticdatautils/events"],
  "assignees_url": ["https://api.github.com/repos/isteves/arcticdatautils/assignees{/user}"],
  "branches_url": ["https://api.github.com/repos/isteves/arcticdatautils/branches{/branch}"],
  "tags_url": ["https://api.github.com/repos/isteves/arcticdatautils/tags"],
  "blobs_url": ["https://api.github.com/repos/isteves/arcticdatautils/git/blobs{/sha}"],
  "git_tags_url": ["https://api.github.com/repos/isteves/arcticdatautils/git/tags{/sha}"],
  "git_refs_url": ["https://api.github.com/repos/isteves/arcticdatautils/git/refs{/sha}"],
  "trees_url": ["https://api.github.com/repos/isteves/arcticdatautils/git/trees{/sha}"],
  "statuses_url": ["https://api.github.com/repos/isteves/arcticdatautils/statuses/{sha}"],
  "languages_url": ["https://api.github.com/repos/isteves/arcticdatautils/languages"],
  "stargazers_url": ["https://api.github.com/repos/isteves/arcticdatautils/stargazers"],
  "contributors_url": ["https://api.github.com/repos/isteves/arcticdatautils/contributors"],
  "subscribers_url": ["https://api.github.com/repos/isteves/arcticdatautils/subscribers"],
  "subscription_url": ["https://api.github.com/repos/isteves/arcticdatautils/subscription"],
  "commits_url": ["https://api.github.com/repos/isteves/arcticdatautils/commits{/sha}"],
  "git_commits_url": ["https://api.github.com/repos/isteves/arcticdatautils/git/commits{/sha}"],
  "comments_url": ["https://api.github.com/repos/isteves/arcticdatautils/comments{/number}"],
  "issue_comment_url": ["https://api.github.com/repos/isteves/arcticdatautils/issues/comments{/number}"],
  "contents_url": ["https://api.github.com/repos/isteves/arcticdatautils/contents/{+path}"],
  "compare_url": ["https://api.github.com/repos/isteves/arcticdatautils/compare/{base}...{head}"],
  "merges_url": ["https://api.github.com/repos/isteves/arcticdatautils/merges"],
  "archive_url": ["https://api.github.com/repos/isteves/arcticdatautils/{archive_format}{/ref}"],
  "downloads_url": ["https://api.github.com/repos/isteves/arcticdatautils/downloads"],
  "issues_url": ["https://api.github.com/repos/isteves/arcticdatautils/issues{/number}"],
  "pulls_url": ["https://api.github.com/repos/isteves/arcticdatautils/pulls{/number}"],
  "milestones_url": ["https://api.github.com/repos/isteves/arcticdatautils/milestones{/number}"],
  "notifications_url": ["https://api.github.com/repos/isteves/arcticdatautils/notifications{?since,all,participating}"],
  "labels_url": ["https://api.github.com/repos/isteves/arcticdatautils/labels{/name}"],
  "releases_url": ["https://api.github.com/repos/isteves/arcticdatautils/releases{/id}"],
  "deployments_url": ["https://api.github.com/repos/isteves/arcticdatautils/deployments"],
  "created_at": ["2018-02-22T00:10:38Z"],
  "updated_at": ["2018-05-14T16:29:13Z"],
  "pushed_at": ["2018-05-14T16:31:37Z"],
  "git_url": ["git://github.com/isteves/arcticdatautils.git"],
  "ssh_url": ["git@github.com:isteves/arcticdatautils.git"],
  "clone_url": ["https://github.com/isteves/arcticdatautils.git"],
  "svn_url": ["https://github.com/isteves/arcticdatautils"],
  "homepage": {},
  "size": [747],
  "stargazers_count": [0],
  "watchers_count": [0],
  "language": ["R"],
  "has_issues": [false],
  "has_projects": [true],
  "has_downloads": [true],
  "has_wiki": [true],
  "has_pages": [true],
  "forks_count": [0],
  "mirror_url": {},
  "archived": [false],
  "open_issues_count": [0],
  "license": {
    "key": ["apache-2.0"],
    "name": ["Apache License 2.0"],
    "spdx_id": ["Apache-2.0"],
    "url": ["https://api.github.com/licenses/apache-2.0"],
    "node_id": ["MDc6TGljZW5zZTI="]
  },
  "forks": [0],
  "open_issues": [0],
  "watchers": [0],
  "default_branch": ["master"],
  "permissions": {
    "admin": [false],
    "push": [false],
    "pull": [true]
  }
}
