{
  "id": [137136603],
  "node_id": ["MDEwOlJlcG9zaXRvcnkxMzcxMzY2MDM="],
  "name": ["arcticfunding"],
  "full_name": ["isteves/arcticfunding"],
  "private": [false],
  "owner": {
    "login": ["isteves"],
    "id": [25118334],
    "node_id": ["MDQ6VXNlcjI1MTE4MzM0"],
    "avatar_url": ["https://avatars2.githubusercontent.com/u/25118334?v=4"],
    "gravatar_id": [""],
    "url": ["https://api.github.com/users/isteves"],
    "html_url": ["https://github.com/isteves"],
    "followers_url": ["https://api.github.com/users/isteves/followers"],
    "following_url": ["https://api.github.com/users/isteves/following{/other_user}"],
    "gists_url": ["https://api.github.com/users/isteves/gists{/gist_id}"],
    "starred_url": ["https://api.github.com/users/isteves/starred{/owner}{/repo}"],
    "subscriptions_url": ["https://api.github.com/users/isteves/subscriptions"],
    "organizations_url": ["https://api.github.com/users/isteves/orgs"],
    "repos_url": ["https://api.github.com/users/isteves/repos"],
    "events_url": ["https://api.github.com/users/isteves/events{/privacy}"],
    "received_events_url": ["https://api.github.com/users/isteves/received_events"],
    "type": ["User"],
    "site_admin": [false]
  },
  "html_url": ["https://github.com/isteves/arcticfunding"],
  "description": ["NSF Awards represented in the Arctic Data Center"],
  "fork": [false],
  "url": ["https://api.github.com/repos/isteves/arcticfunding"],
  "forks_url": ["https://api.github.com/repos/isteves/arcticfunding/forks"],
  "keys_url": ["https://api.github.com/repos/isteves/arcticfunding/keys{/key_id}"],
  "collaborators_url": ["https://api.github.com/repos/isteves/arcticfunding/collaborators{/collaborator}"],
  "teams_url": ["https://api.github.com/repos/isteves/arcticfunding/teams"],
  "hooks_url": ["https://api.github.com/repos/isteves/arcticfunding/hooks"],
  "issue_events_url": ["https://api.github.com/repos/isteves/arcticfunding/issues/events{/number}"],
  "events_url": ["https://api.github.com/repos/isteves/arcticfunding/events"],
  "assignees_url": ["https://api.github.com/repos/isteves/arcticfunding/assignees{/user}"],
  "branches_url": ["https://api.github.com/repos/isteves/arcticfunding/branches{/branch}"],
  "tags_url": ["https://api.github.com/repos/isteves/arcticfunding/tags"],
  "blobs_url": ["https://api.github.com/repos/isteves/arcticfunding/git/blobs{/sha}"],
  "git_tags_url": ["https://api.github.com/repos/isteves/arcticfunding/git/tags{/sha}"],
  "git_refs_url": ["https://api.github.com/repos/isteves/arcticfunding/git/refs{/sha}"],
  "trees_url": ["https://api.github.com/repos/isteves/arcticfunding/git/trees{/sha}"],
  "statuses_url": ["https://api.github.com/repos/isteves/arcticfunding/statuses/{sha}"],
  "languages_url": ["https://api.github.com/repos/isteves/arcticfunding/languages"],
  "stargazers_url": ["https://api.github.com/repos/isteves/arcticfunding/stargazers"],
  "contributors_url": ["https://api.github.com/repos/isteves/arcticfunding/contributors"],
  "subscribers_url": ["https://api.github.com/repos/isteves/arcticfunding/subscribers"],
  "subscription_url": ["https://api.github.com/repos/isteves/arcticfunding/subscription"],
  "commits_url": ["https://api.github.com/repos/isteves/arcticfunding/commits{/sha}"],
  "git_commits_url": ["https://api.github.com/repos/isteves/arcticfunding/git/commits{/sha}"],
  "comments_url": ["https://api.github.com/repos/isteves/arcticfunding/comments{/number}"],
  "issue_comment_url": ["https://api.github.com/repos/isteves/arcticfunding/issues/comments{/number}"],
  "contents_url": ["https://api.github.com/repos/isteves/arcticfunding/contents/{+path}"],
  "compare_url": ["https://api.github.com/repos/isteves/arcticfunding/compare/{base}...{head}"],
  "merges_url": ["https://api.github.com/repos/isteves/arcticfunding/merges"],
  "archive_url": ["https://api.github.com/repos/isteves/arcticfunding/{archive_format}{/ref}"],
  "downloads_url": ["https://api.github.com/repos/isteves/arcticfunding/downloads"],
  "issues_url": ["https://api.github.com/repos/isteves/arcticfunding/issues{/number}"],
  "pulls_url": ["https://api.github.com/repos/isteves/arcticfunding/pulls{/number}"],
  "milestones_url": ["https://api.github.com/repos/isteves/arcticfunding/milestones{/number}"],
  "notifications_url": ["https://api.github.com/repos/isteves/arcticfunding/notifications{?since,all,participating}"],
  "labels_url": ["https://api.github.com/repos/isteves/arcticfunding/labels{/name}"],
  "releases_url": ["https://api.github.com/repos/isteves/arcticfunding/releases{/id}"],
  "deployments_url": ["https://api.github.com/repos/isteves/arcticfunding/deployments"],
  "created_at": ["2018-06-12T23:02:34Z"],
  "updated_at": ["2018-06-28T19:51:45Z"],
  "pushed_at": ["2018-06-28T19:51:43Z"],
  "git_url": ["git://github.com/isteves/arcticfunding.git"],
  "ssh_url": ["git@github.com:isteves/arcticfunding.git"],
  "clone_url": ["https://github.com/isteves/arcticfunding.git"],
  "svn_url": ["https://github.com/isteves/arcticfunding"],
  "homepage": [""],
  "size": [9113],
  "stargazers_count": [0],
  "watchers_count": [0],
  "language": ["R"],
  "has_issues": [true],
  "has_projects": [true],
  "has_downloads": [true],
  "has_wiki": [true],
  "has_pages": [false],
  "forks_count": [1],
  "mirror_url": {},
  "archived": [false],
  "open_issues_count": [1],
  "license": {},
  "forks": [1],
  "open_issues": [1],
  "watchers": [0],
  "default_branch": ["master"],
  "permissions": {
    "admin": [false],
    "push": [false],
    "pull": [true]
  }
}
