{
  "id": [147382971],
  "node_id": ["MDEwOlJlcG9zaXRvcnkxNDczODI5NzE="],
  "name": ["bakeoff"],
  "full_name": ["isteves/bakeoff"],
  "private": [false],
  "owner": {
    "login": ["isteves"],
    "id": [25118334],
    "node_id": ["MDQ6VXNlcjI1MTE4MzM0"],
    "avatar_url": ["https://avatars2.githubusercontent.com/u/25118334?v=4"],
    "gravatar_id": [""],
    "url": ["https://api.github.com/users/isteves"],
    "html_url": ["https://github.com/isteves"],
    "followers_url": ["https://api.github.com/users/isteves/followers"],
    "following_url": ["https://api.github.com/users/isteves/following{/other_user}"],
    "gists_url": ["https://api.github.com/users/isteves/gists{/gist_id}"],
    "starred_url": ["https://api.github.com/users/isteves/starred{/owner}{/repo}"],
    "subscriptions_url": ["https://api.github.com/users/isteves/subscriptions"],
    "organizations_url": ["https://api.github.com/users/isteves/orgs"],
    "repos_url": ["https://api.github.com/users/isteves/repos"],
    "events_url": ["https://api.github.com/users/isteves/events{/privacy}"],
    "received_events_url": ["https://api.github.com/users/isteves/received_events"],
    "type": ["User"],
    "site_admin": [false]
  },
  "html_url": ["https://github.com/isteves/bakeoff"],
  "description": {},
  "fork": [true],
  "url": ["https://api.github.com/repos/isteves/bakeoff"],
  "forks_url": ["https://api.github.com/repos/isteves/bakeoff/forks"],
  "keys_url": ["https://api.github.com/repos/isteves/bakeoff/keys{/key_id}"],
  "collaborators_url": ["https://api.github.com/repos/isteves/bakeoff/collaborators{/collaborator}"],
  "teams_url": ["https://api.github.com/repos/isteves/bakeoff/teams"],
  "hooks_url": ["https://api.github.com/repos/isteves/bakeoff/hooks"],
  "issue_events_url": ["https://api.github.com/repos/isteves/bakeoff/issues/events{/number}"],
  "events_url": ["https://api.github.com/repos/isteves/bakeoff/events"],
  "assignees_url": ["https://api.github.com/repos/isteves/bakeoff/assignees{/user}"],
  "branches_url": ["https://api.github.com/repos/isteves/bakeoff/branches{/branch}"],
  "tags_url": ["https://api.github.com/repos/isteves/bakeoff/tags"],
  "blobs_url": ["https://api.github.com/repos/isteves/bakeoff/git/blobs{/sha}"],
  "git_tags_url": ["https://api.github.com/repos/isteves/bakeoff/git/tags{/sha}"],
  "git_refs_url": ["https://api.github.com/repos/isteves/bakeoff/git/refs{/sha}"],
  "trees_url": ["https://api.github.com/repos/isteves/bakeoff/git/trees{/sha}"],
  "statuses_url": ["https://api.github.com/repos/isteves/bakeoff/statuses/{sha}"],
  "languages_url": ["https://api.github.com/repos/isteves/bakeoff/languages"],
  "stargazers_url": ["https://api.github.com/repos/isteves/bakeoff/stargazers"],
  "contributors_url": ["https://api.github.com/repos/isteves/bakeoff/contributors"],
  "subscribers_url": ["https://api.github.com/repos/isteves/bakeoff/subscribers"],
  "subscription_url": ["https://api.github.com/repos/isteves/bakeoff/subscription"],
  "commits_url": ["https://api.github.com/repos/isteves/bakeoff/commits{/sha}"],
  "git_commits_url": ["https://api.github.com/repos/isteves/bakeoff/git/commits{/sha}"],
  "comments_url": ["https://api.github.com/repos/isteves/bakeoff/comments{/number}"],
  "issue_comment_url": ["https://api.github.com/repos/isteves/bakeoff/issues/comments{/number}"],
  "contents_url": ["https://api.github.com/repos/isteves/bakeoff/contents/{+path}"],
  "compare_url": ["https://api.github.com/repos/isteves/bakeoff/compare/{base}...{head}"],
  "merges_url": ["https://api.github.com/repos/isteves/bakeoff/merges"],
  "archive_url": ["https://api.github.com/repos/isteves/bakeoff/{archive_format}{/ref}"],
  "downloads_url": ["https://api.github.com/repos/isteves/bakeoff/downloads"],
  "issues_url": ["https://api.github.com/repos/isteves/bakeoff/issues{/number}"],
  "pulls_url": ["https://api.github.com/repos/isteves/bakeoff/pulls{/number}"],
  "milestones_url": ["https://api.github.com/repos/isteves/bakeoff/milestones{/number}"],
  "notifications_url": ["https://api.github.com/repos/isteves/bakeoff/notifications{?since,all,participating}"],
  "labels_url": ["https://api.github.com/repos/isteves/bakeoff/labels{/name}"],
  "releases_url": ["https://api.github.com/repos/isteves/bakeoff/releases{/id}"],
  "deployments_url": ["https://api.github.com/repos/isteves/bakeoff/deployments"],
  "created_at": ["2018-09-04T17:26:47Z"],
  "updated_at": ["2018-09-04T17:26:49Z"],
  "pushed_at": ["2018-07-31T03:11:52Z"],
  "git_url": ["git://github.com/isteves/bakeoff.git"],
  "ssh_url": ["git@github.com:isteves/bakeoff.git"],
  "clone_url": ["https://github.com/isteves/bakeoff.git"],
  "svn_url": ["https://github.com/isteves/bakeoff"],
  "homepage": ["https://bakeoff.netlify.com"],
  "size": [711],
  "stargazers_count": [0],
  "watchers_count": [0],
  "language": ["R"],
  "has_issues": [false],
  "has_projects": [true],
  "has_downloads": [true],
  "has_wiki": [true],
  "has_pages": [false],
  "forks_count": [0],
  "mirror_url": {},
  "archived": [false],
  "open_issues_count": [0],
  "license": {
    "key": ["other"],
    "name": ["Other"],
    "spdx_id": ["NOASSERTION"],
    "url": {},
    "node_id": ["MDc6TGljZW5zZTA="]
  },
  "forks": [0],
  "open_issues": [0],
  "watchers": [0],
  "default_branch": ["master"],
  "permissions": {
    "admin": [false],
    "push": [false],
    "pull": [true]
  }
}
