{
  "id": [123995688],
  "node_id": ["MDEwOlJlcG9zaXRvcnkxMjM5OTU2ODg="],
  "name": ["bookdown"],
  "full_name": ["isteves/bookdown"],
  "private": [false],
  "owner": {
    "login": ["isteves"],
    "id": [25118334],
    "node_id": ["MDQ6VXNlcjI1MTE4MzM0"],
    "avatar_url": ["https://avatars2.githubusercontent.com/u/25118334?v=4"],
    "gravatar_id": [""],
    "url": ["https://api.github.com/users/isteves"],
    "html_url": ["https://github.com/isteves"],
    "followers_url": ["https://api.github.com/users/isteves/followers"],
    "following_url": ["https://api.github.com/users/isteves/following{/other_user}"],
    "gists_url": ["https://api.github.com/users/isteves/gists{/gist_id}"],
    "starred_url": ["https://api.github.com/users/isteves/starred{/owner}{/repo}"],
    "subscriptions_url": ["https://api.github.com/users/isteves/subscriptions"],
    "organizations_url": ["https://api.github.com/users/isteves/orgs"],
    "repos_url": ["https://api.github.com/users/isteves/repos"],
    "events_url": ["https://api.github.com/users/isteves/events{/privacy}"],
    "received_events_url": ["https://api.github.com/users/isteves/received_events"],
    "type": ["User"],
    "site_admin": [false]
  },
  "html_url": ["https://github.com/isteves/bookdown"],
  "description": ["Authoring Books and Technical Documents with R Markdown"],
  "fork": [true],
  "url": ["https://api.github.com/repos/isteves/bookdown"],
  "forks_url": ["https://api.github.com/repos/isteves/bookdown/forks"],
  "keys_url": ["https://api.github.com/repos/isteves/bookdown/keys{/key_id}"],
  "collaborators_url": ["https://api.github.com/repos/isteves/bookdown/collaborators{/collaborator}"],
  "teams_url": ["https://api.github.com/repos/isteves/bookdown/teams"],
  "hooks_url": ["https://api.github.com/repos/isteves/bookdown/hooks"],
  "issue_events_url": ["https://api.github.com/repos/isteves/bookdown/issues/events{/number}"],
  "events_url": ["https://api.github.com/repos/isteves/bookdown/events"],
  "assignees_url": ["https://api.github.com/repos/isteves/bookdown/assignees{/user}"],
  "branches_url": ["https://api.github.com/repos/isteves/bookdown/branches{/branch}"],
  "tags_url": ["https://api.github.com/repos/isteves/bookdown/tags"],
  "blobs_url": ["https://api.github.com/repos/isteves/bookdown/git/blobs{/sha}"],
  "git_tags_url": ["https://api.github.com/repos/isteves/bookdown/git/tags{/sha}"],
  "git_refs_url": ["https://api.github.com/repos/isteves/bookdown/git/refs{/sha}"],
  "trees_url": ["https://api.github.com/repos/isteves/bookdown/git/trees{/sha}"],
  "statuses_url": ["https://api.github.com/repos/isteves/bookdown/statuses/{sha}"],
  "languages_url": ["https://api.github.com/repos/isteves/bookdown/languages"],
  "stargazers_url": ["https://api.github.com/repos/isteves/bookdown/stargazers"],
  "contributors_url": ["https://api.github.com/repos/isteves/bookdown/contributors"],
  "subscribers_url": ["https://api.github.com/repos/isteves/bookdown/subscribers"],
  "subscription_url": ["https://api.github.com/repos/isteves/bookdown/subscription"],
  "commits_url": ["https://api.github.com/repos/isteves/bookdown/commits{/sha}"],
  "git_commits_url": ["https://api.github.com/repos/isteves/bookdown/git/commits{/sha}"],
  "comments_url": ["https://api.github.com/repos/isteves/bookdown/comments{/number}"],
  "issue_comment_url": ["https://api.github.com/repos/isteves/bookdown/issues/comments{/number}"],
  "contents_url": ["https://api.github.com/repos/isteves/bookdown/contents/{+path}"],
  "compare_url": ["https://api.github.com/repos/isteves/bookdown/compare/{base}...{head}"],
  "merges_url": ["https://api.github.com/repos/isteves/bookdown/merges"],
  "archive_url": ["https://api.github.com/repos/isteves/bookdown/{archive_format}{/ref}"],
  "downloads_url": ["https://api.github.com/repos/isteves/bookdown/downloads"],
  "issues_url": ["https://api.github.com/repos/isteves/bookdown/issues{/number}"],
  "pulls_url": ["https://api.github.com/repos/isteves/bookdown/pulls{/number}"],
  "milestones_url": ["https://api.github.com/repos/isteves/bookdown/milestones{/number}"],
  "notifications_url": ["https://api.github.com/repos/isteves/bookdown/notifications{?since,all,participating}"],
  "labels_url": ["https://api.github.com/repos/isteves/bookdown/labels{/name}"],
  "releases_url": ["https://api.github.com/repos/isteves/bookdown/releases{/id}"],
  "deployments_url": ["https://api.github.com/repos/isteves/bookdown/deployments"],
  "created_at": ["2018-03-06T00:14:37Z"],
  "updated_at": ["2018-03-06T00:14:39Z"],
  "pushed_at": ["2018-03-06T00:15:18Z"],
  "git_url": ["git://github.com/isteves/bookdown.git"],
  "ssh_url": ["git@github.com:isteves/bookdown.git"],
  "clone_url": ["https://github.com/isteves/bookdown.git"],
  "svn_url": ["https://github.com/isteves/bookdown"],
  "homepage": ["https://bookdown.org"],
  "size": [14036],
  "stargazers_count": [0],
  "watchers_count": [0],
  "language": ["R"],
  "has_issues": [false],
  "has_projects": [true],
  "has_downloads": [true],
  "has_wiki": [false],
  "has_pages": [false],
  "forks_count": [0],
  "mirror_url": {},
  "archived": [false],
  "open_issues_count": [0],
  "license": {},
  "forks": [0],
  "open_issues": [0],
  "watchers": [0],
  "default_branch": ["master"],
  "permissions": {
    "admin": [false],
    "push": [false],
    "pull": [true]
  }
}
