{
  "id": [123743615],
  "node_id": ["MDEwOlJlcG9zaXRvcnkxMjM3NDM2MTU="],
  "name": ["bookdown-demo"],
  "full_name": ["isteves/bookdown-demo"],
  "private": [false],
  "owner": {
    "login": ["isteves"],
    "id": [25118334],
    "node_id": ["MDQ6VXNlcjI1MTE4MzM0"],
    "avatar_url": ["https://avatars2.githubusercontent.com/u/25118334?v=4"],
    "gravatar_id": [""],
    "url": ["https://api.github.com/users/isteves"],
    "html_url": ["https://github.com/isteves"],
    "followers_url": ["https://api.github.com/users/isteves/followers"],
    "following_url": ["https://api.github.com/users/isteves/following{/other_user}"],
    "gists_url": ["https://api.github.com/users/isteves/gists{/gist_id}"],
    "starred_url": ["https://api.github.com/users/isteves/starred{/owner}{/repo}"],
    "subscriptions_url": ["https://api.github.com/users/isteves/subscriptions"],
    "organizations_url": ["https://api.github.com/users/isteves/orgs"],
    "repos_url": ["https://api.github.com/users/isteves/repos"],
    "events_url": ["https://api.github.com/users/isteves/events{/privacy}"],
    "received_events_url": ["https://api.github.com/users/isteves/received_events"],
    "type": ["User"],
    "site_admin": [false]
  },
  "html_url": ["https://github.com/isteves/bookdown-demo"],
  "description": ["A minimal book example using bookdown"],
  "fork": [true],
  "url": ["https://api.github.com/repos/isteves/bookdown-demo"],
  "forks_url": ["https://api.github.com/repos/isteves/bookdown-demo/forks"],
  "keys_url": ["https://api.github.com/repos/isteves/bookdown-demo/keys{/key_id}"],
  "collaborators_url": ["https://api.github.com/repos/isteves/bookdown-demo/collaborators{/collaborator}"],
  "teams_url": ["https://api.github.com/repos/isteves/bookdown-demo/teams"],
  "hooks_url": ["https://api.github.com/repos/isteves/bookdown-demo/hooks"],
  "issue_events_url": ["https://api.github.com/repos/isteves/bookdown-demo/issues/events{/number}"],
  "events_url": ["https://api.github.com/repos/isteves/bookdown-demo/events"],
  "assignees_url": ["https://api.github.com/repos/isteves/bookdown-demo/assignees{/user}"],
  "branches_url": ["https://api.github.com/repos/isteves/bookdown-demo/branches{/branch}"],
  "tags_url": ["https://api.github.com/repos/isteves/bookdown-demo/tags"],
  "blobs_url": ["https://api.github.com/repos/isteves/bookdown-demo/git/blobs{/sha}"],
  "git_tags_url": ["https://api.github.com/repos/isteves/bookdown-demo/git/tags{/sha}"],
  "git_refs_url": ["https://api.github.com/repos/isteves/bookdown-demo/git/refs{/sha}"],
  "trees_url": ["https://api.github.com/repos/isteves/bookdown-demo/git/trees{/sha}"],
  "statuses_url": ["https://api.github.com/repos/isteves/bookdown-demo/statuses/{sha}"],
  "languages_url": ["https://api.github.com/repos/isteves/bookdown-demo/languages"],
  "stargazers_url": ["https://api.github.com/repos/isteves/bookdown-demo/stargazers"],
  "contributors_url": ["https://api.github.com/repos/isteves/bookdown-demo/contributors"],
  "subscribers_url": ["https://api.github.com/repos/isteves/bookdown-demo/subscribers"],
  "subscription_url": ["https://api.github.com/repos/isteves/bookdown-demo/subscription"],
  "commits_url": ["https://api.github.com/repos/isteves/bookdown-demo/commits{/sha}"],
  "git_commits_url": ["https://api.github.com/repos/isteves/bookdown-demo/git/commits{/sha}"],
  "comments_url": ["https://api.github.com/repos/isteves/bookdown-demo/comments{/number}"],
  "issue_comment_url": ["https://api.github.com/repos/isteves/bookdown-demo/issues/comments{/number}"],
  "contents_url": ["https://api.github.com/repos/isteves/bookdown-demo/contents/{+path}"],
  "compare_url": ["https://api.github.com/repos/isteves/bookdown-demo/compare/{base}...{head}"],
  "merges_url": ["https://api.github.com/repos/isteves/bookdown-demo/merges"],
  "archive_url": ["https://api.github.com/repos/isteves/bookdown-demo/{archive_format}{/ref}"],
  "downloads_url": ["https://api.github.com/repos/isteves/bookdown-demo/downloads"],
  "issues_url": ["https://api.github.com/repos/isteves/bookdown-demo/issues{/number}"],
  "pulls_url": ["https://api.github.com/repos/isteves/bookdown-demo/pulls{/number}"],
  "milestones_url": ["https://api.github.com/repos/isteves/bookdown-demo/milestones{/number}"],
  "notifications_url": ["https://api.github.com/repos/isteves/bookdown-demo/notifications{?since,all,participating}"],
  "labels_url": ["https://api.github.com/repos/isteves/bookdown-demo/labels{/name}"],
  "releases_url": ["https://api.github.com/repos/isteves/bookdown-demo/releases{/id}"],
  "deployments_url": ["https://api.github.com/repos/isteves/bookdown-demo/deployments"],
  "created_at": ["2018-03-04T00:35:31Z"],
  "updated_at": ["2018-03-04T00:35:32Z"],
  "pushed_at": ["2018-01-24T21:31:33Z"],
  "git_url": ["git://github.com/isteves/bookdown-demo.git"],
  "ssh_url": ["git@github.com:isteves/bookdown-demo.git"],
  "clone_url": ["https://github.com/isteves/bookdown-demo.git"],
  "svn_url": ["https://github.com/isteves/bookdown-demo"],
  "homepage": ["https://bookdown.org/yihui/bookdown-demo"],
  "size": [429],
  "stargazers_count": [0],
  "watchers_count": [0],
  "language": ["CSS"],
  "has_issues": [false],
  "has_projects": [true],
  "has_downloads": [true],
  "has_wiki": [true],
  "has_pages": [false],
  "forks_count": [0],
  "mirror_url": {},
  "archived": [false],
  "open_issues_count": [0],
  "license": {
    "key": ["cc0-1.0"],
    "name": ["Creative Commons Zero v1.0 Universal"],
    "spdx_id": ["CC0-1.0"],
    "url": ["https://api.github.com/licenses/cc0-1.0"],
    "node_id": ["MDc6TGljZW5zZTY="]
  },
  "forks": [0],
  "open_issues": [0],
  "watchers": [0],
  "default_branch": ["master"],
  "permissions": {
    "admin": [false],
    "push": [false],
    "pull": [true]
  }
}
