{
  "id": [123973190],
  "node_id": ["MDEwOlJlcG9zaXRvcnkxMjM5NzMxOTA="],
  "name": ["bookdown-start"],
  "full_name": ["isteves/bookdown-start"],
  "private": [false],
  "owner": {
    "login": ["isteves"],
    "id": [25118334],
    "node_id": ["MDQ6VXNlcjI1MTE4MzM0"],
    "avatar_url": ["https://avatars2.githubusercontent.com/u/25118334?v=4"],
    "gravatar_id": [""],
    "url": ["https://api.github.com/users/isteves"],
    "html_url": ["https://github.com/isteves"],
    "followers_url": ["https://api.github.com/users/isteves/followers"],
    "following_url": ["https://api.github.com/users/isteves/following{/other_user}"],
    "gists_url": ["https://api.github.com/users/isteves/gists{/gist_id}"],
    "starred_url": ["https://api.github.com/users/isteves/starred{/owner}{/repo}"],
    "subscriptions_url": ["https://api.github.com/users/isteves/subscriptions"],
    "organizations_url": ["https://api.github.com/users/isteves/orgs"],
    "repos_url": ["https://api.github.com/users/isteves/repos"],
    "events_url": ["https://api.github.com/users/isteves/events{/privacy}"],
    "received_events_url": ["https://api.github.com/users/isteves/received_events"],
    "type": ["User"],
    "site_admin": [false]
  },
  "html_url": ["https://github.com/isteves/bookdown-start"],
  "description": [":book: A Starter Kit for Bookdown"],
  "fork": [true],
  "url": ["https://api.github.com/repos/isteves/bookdown-start"],
  "forks_url": ["https://api.github.com/repos/isteves/bookdown-start/forks"],
  "keys_url": ["https://api.github.com/repos/isteves/bookdown-start/keys{/key_id}"],
  "collaborators_url": ["https://api.github.com/repos/isteves/bookdown-start/collaborators{/collaborator}"],
  "teams_url": ["https://api.github.com/repos/isteves/bookdown-start/teams"],
  "hooks_url": ["https://api.github.com/repos/isteves/bookdown-start/hooks"],
  "issue_events_url": ["https://api.github.com/repos/isteves/bookdown-start/issues/events{/number}"],
  "events_url": ["https://api.github.com/repos/isteves/bookdown-start/events"],
  "assignees_url": ["https://api.github.com/repos/isteves/bookdown-start/assignees{/user}"],
  "branches_url": ["https://api.github.com/repos/isteves/bookdown-start/branches{/branch}"],
  "tags_url": ["https://api.github.com/repos/isteves/bookdown-start/tags"],
  "blobs_url": ["https://api.github.com/repos/isteves/bookdown-start/git/blobs{/sha}"],
  "git_tags_url": ["https://api.github.com/repos/isteves/bookdown-start/git/tags{/sha}"],
  "git_refs_url": ["https://api.github.com/repos/isteves/bookdown-start/git/refs{/sha}"],
  "trees_url": ["https://api.github.com/repos/isteves/bookdown-start/git/trees{/sha}"],
  "statuses_url": ["https://api.github.com/repos/isteves/bookdown-start/statuses/{sha}"],
  "languages_url": ["https://api.github.com/repos/isteves/bookdown-start/languages"],
  "stargazers_url": ["https://api.github.com/repos/isteves/bookdown-start/stargazers"],
  "contributors_url": ["https://api.github.com/repos/isteves/bookdown-start/contributors"],
  "subscribers_url": ["https://api.github.com/repos/isteves/bookdown-start/subscribers"],
  "subscription_url": ["https://api.github.com/repos/isteves/bookdown-start/subscription"],
  "commits_url": ["https://api.github.com/repos/isteves/bookdown-start/commits{/sha}"],
  "git_commits_url": ["https://api.github.com/repos/isteves/bookdown-start/git/commits{/sha}"],
  "comments_url": ["https://api.github.com/repos/isteves/bookdown-start/comments{/number}"],
  "issue_comment_url": ["https://api.github.com/repos/isteves/bookdown-start/issues/comments{/number}"],
  "contents_url": ["https://api.github.com/repos/isteves/bookdown-start/contents/{+path}"],
  "compare_url": ["https://api.github.com/repos/isteves/bookdown-start/compare/{base}...{head}"],
  "merges_url": ["https://api.github.com/repos/isteves/bookdown-start/merges"],
  "archive_url": ["https://api.github.com/repos/isteves/bookdown-start/{archive_format}{/ref}"],
  "downloads_url": ["https://api.github.com/repos/isteves/bookdown-start/downloads"],
  "issues_url": ["https://api.github.com/repos/isteves/bookdown-start/issues{/number}"],
  "pulls_url": ["https://api.github.com/repos/isteves/bookdown-start/pulls{/number}"],
  "milestones_url": ["https://api.github.com/repos/isteves/bookdown-start/milestones{/number}"],
  "notifications_url": ["https://api.github.com/repos/isteves/bookdown-start/notifications{?since,all,participating}"],
  "labels_url": ["https://api.github.com/repos/isteves/bookdown-start/labels{/name}"],
  "releases_url": ["https://api.github.com/repos/isteves/bookdown-start/releases{/id}"],
  "deployments_url": ["https://api.github.com/repos/isteves/bookdown-start/deployments"],
  "created_at": ["2018-03-05T20:15:08Z"],
  "updated_at": ["2018-03-06T22:09:41Z"],
  "pushed_at": ["2018-03-06T22:24:32Z"],
  "git_url": ["git://github.com/isteves/bookdown-start.git"],
  "ssh_url": ["git@github.com:isteves/bookdown-start.git"],
  "clone_url": ["https://github.com/isteves/bookdown-start.git"],
  "svn_url": ["https://github.com/isteves/bookdown-start"],
  "homepage": [""],
  "size": [434],
  "stargazers_count": [0],
  "watchers_count": [0],
  "language": ["TeX"],
  "has_issues": [false],
  "has_projects": [true],
  "has_downloads": [true],
  "has_wiki": [true],
  "has_pages": [true],
  "forks_count": [0],
  "mirror_url": {},
  "archived": [false],
  "open_issues_count": [0],
  "license": {},
  "forks": [0],
  "open_issues": [0],
  "watchers": [0],
  "default_branch": ["master"],
  "permissions": {
    "admin": [false],
    "push": [false],
    "pull": [true]
  }
}
