{
  "id": [169054704],
  "node_id": ["MDEwOlJlcG9zaXRvcnkxNjkwNTQ3MDQ="],
  "name": ["caret"],
  "full_name": ["isteves/caret"],
  "private": [false],
  "owner": {
    "login": ["isteves"],
    "id": [25118334],
    "node_id": ["MDQ6VXNlcjI1MTE4MzM0"],
    "avatar_url": ["https://avatars2.githubusercontent.com/u/25118334?v=4"],
    "gravatar_id": [""],
    "url": ["https://api.github.com/users/isteves"],
    "html_url": ["https://github.com/isteves"],
    "followers_url": ["https://api.github.com/users/isteves/followers"],
    "following_url": ["https://api.github.com/users/isteves/following{/other_user}"],
    "gists_url": ["https://api.github.com/users/isteves/gists{/gist_id}"],
    "starred_url": ["https://api.github.com/users/isteves/starred{/owner}{/repo}"],
    "subscriptions_url": ["https://api.github.com/users/isteves/subscriptions"],
    "organizations_url": ["https://api.github.com/users/isteves/orgs"],
    "repos_url": ["https://api.github.com/users/isteves/repos"],
    "events_url": ["https://api.github.com/users/isteves/events{/privacy}"],
    "received_events_url": ["https://api.github.com/users/isteves/received_events"],
    "type": ["User"],
    "site_admin": [false]
  },
  "html_url": ["https://github.com/isteves/caret"],
  "description": ["caret (Classification And Regression Training) R package that contains misc functions for training and plotting classification and regression models"],
  "fork": [true],
  "url": ["https://api.github.com/repos/isteves/caret"],
  "forks_url": ["https://api.github.com/repos/isteves/caret/forks"],
  "keys_url": ["https://api.github.com/repos/isteves/caret/keys{/key_id}"],
  "collaborators_url": ["https://api.github.com/repos/isteves/caret/collaborators{/collaborator}"],
  "teams_url": ["https://api.github.com/repos/isteves/caret/teams"],
  "hooks_url": ["https://api.github.com/repos/isteves/caret/hooks"],
  "issue_events_url": ["https://api.github.com/repos/isteves/caret/issues/events{/number}"],
  "events_url": ["https://api.github.com/repos/isteves/caret/events"],
  "assignees_url": ["https://api.github.com/repos/isteves/caret/assignees{/user}"],
  "branches_url": ["https://api.github.com/repos/isteves/caret/branches{/branch}"],
  "tags_url": ["https://api.github.com/repos/isteves/caret/tags"],
  "blobs_url": ["https://api.github.com/repos/isteves/caret/git/blobs{/sha}"],
  "git_tags_url": ["https://api.github.com/repos/isteves/caret/git/tags{/sha}"],
  "git_refs_url": ["https://api.github.com/repos/isteves/caret/git/refs{/sha}"],
  "trees_url": ["https://api.github.com/repos/isteves/caret/git/trees{/sha}"],
  "statuses_url": ["https://api.github.com/repos/isteves/caret/statuses/{sha}"],
  "languages_url": ["https://api.github.com/repos/isteves/caret/languages"],
  "stargazers_url": ["https://api.github.com/repos/isteves/caret/stargazers"],
  "contributors_url": ["https://api.github.com/repos/isteves/caret/contributors"],
  "subscribers_url": ["https://api.github.com/repos/isteves/caret/subscribers"],
  "subscription_url": ["https://api.github.com/repos/isteves/caret/subscription"],
  "commits_url": ["https://api.github.com/repos/isteves/caret/commits{/sha}"],
  "git_commits_url": ["https://api.github.com/repos/isteves/caret/git/commits{/sha}"],
  "comments_url": ["https://api.github.com/repos/isteves/caret/comments{/number}"],
  "issue_comment_url": ["https://api.github.com/repos/isteves/caret/issues/comments{/number}"],
  "contents_url": ["https://api.github.com/repos/isteves/caret/contents/{+path}"],
  "compare_url": ["https://api.github.com/repos/isteves/caret/compare/{base}...{head}"],
  "merges_url": ["https://api.github.com/repos/isteves/caret/merges"],
  "archive_url": ["https://api.github.com/repos/isteves/caret/{archive_format}{/ref}"],
  "downloads_url": ["https://api.github.com/repos/isteves/caret/downloads"],
  "issues_url": ["https://api.github.com/repos/isteves/caret/issues{/number}"],
  "pulls_url": ["https://api.github.com/repos/isteves/caret/pulls{/number}"],
  "milestones_url": ["https://api.github.com/repos/isteves/caret/milestones{/number}"],
  "notifications_url": ["https://api.github.com/repos/isteves/caret/notifications{?since,all,participating}"],
  "labels_url": ["https://api.github.com/repos/isteves/caret/labels{/name}"],
  "releases_url": ["https://api.github.com/repos/isteves/caret/releases{/id}"],
  "deployments_url": ["https://api.github.com/repos/isteves/caret/deployments"],
  "created_at": ["2019-02-04T09:28:30Z"],
  "updated_at": ["2019-02-04T09:28:34Z"],
  "pushed_at": ["2019-01-19T16:45:02Z"],
  "git_url": ["git://github.com/isteves/caret.git"],
  "ssh_url": ["git@github.com:isteves/caret.git"],
  "clone_url": ["https://github.com/isteves/caret.git"],
  "svn_url": ["https://github.com/isteves/caret"],
  "homepage": ["http://topepo.github.io/caret/index.html"],
  "size": [352046],
  "stargazers_count": [0],
  "watchers_count": [0],
  "language": ["R"],
  "has_issues": [false],
  "has_projects": [true],
  "has_downloads": [true],
  "has_wiki": [true],
  "has_pages": [false],
  "forks_count": [0],
  "mirror_url": {},
  "archived": [false],
  "open_issues_count": [0],
  "license": {},
  "forks": [0],
  "open_issues": [0],
  "watchers": [0],
  "default_branch": ["master"],
  "permissions": {
    "admin": [false],
    "push": [false],
    "pull": [true]
  }
}
