{
  "id": [148798888],
  "node_id": ["MDEwOlJlcG9zaXRvcnkxNDg3OTg4ODg="],
  "name": ["CoordinateCleaner"],
  "full_name": ["isteves/CoordinateCleaner"],
  "private": [false],
  "owner": {
    "login": ["isteves"],
    "id": [25118334],
    "node_id": ["MDQ6VXNlcjI1MTE4MzM0"],
    "avatar_url": ["https://avatars2.githubusercontent.com/u/25118334?v=4"],
    "gravatar_id": [""],
    "url": ["https://api.github.com/users/isteves"],
    "html_url": ["https://github.com/isteves"],
    "followers_url": ["https://api.github.com/users/isteves/followers"],
    "following_url": ["https://api.github.com/users/isteves/following{/other_user}"],
    "gists_url": ["https://api.github.com/users/isteves/gists{/gist_id}"],
    "starred_url": ["https://api.github.com/users/isteves/starred{/owner}{/repo}"],
    "subscriptions_url": ["https://api.github.com/users/isteves/subscriptions"],
    "organizations_url": ["https://api.github.com/users/isteves/orgs"],
    "repos_url": ["https://api.github.com/users/isteves/repos"],
    "events_url": ["https://api.github.com/users/isteves/events{/privacy}"],
    "received_events_url": ["https://api.github.com/users/isteves/received_events"],
    "type": ["User"],
    "site_admin": [false]
  },
  "html_url": ["https://github.com/isteves/CoordinateCleaner"],
  "description": ["Automated flagging of common spatial and temporal errors in biological and palaeontological collection data, for the use in conservation, ecology and palaeontology."],
  "fork": [true],
  "url": ["https://api.github.com/repos/isteves/CoordinateCleaner"],
  "forks_url": ["https://api.github.com/repos/isteves/CoordinateCleaner/forks"],
  "keys_url": ["https://api.github.com/repos/isteves/CoordinateCleaner/keys{/key_id}"],
  "collaborators_url": ["https://api.github.com/repos/isteves/CoordinateCleaner/collaborators{/collaborator}"],
  "teams_url": ["https://api.github.com/repos/isteves/CoordinateCleaner/teams"],
  "hooks_url": ["https://api.github.com/repos/isteves/CoordinateCleaner/hooks"],
  "issue_events_url": ["https://api.github.com/repos/isteves/CoordinateCleaner/issues/events{/number}"],
  "events_url": ["https://api.github.com/repos/isteves/CoordinateCleaner/events"],
  "assignees_url": ["https://api.github.com/repos/isteves/CoordinateCleaner/assignees{/user}"],
  "branches_url": ["https://api.github.com/repos/isteves/CoordinateCleaner/branches{/branch}"],
  "tags_url": ["https://api.github.com/repos/isteves/CoordinateCleaner/tags"],
  "blobs_url": ["https://api.github.com/repos/isteves/CoordinateCleaner/git/blobs{/sha}"],
  "git_tags_url": ["https://api.github.com/repos/isteves/CoordinateCleaner/git/tags{/sha}"],
  "git_refs_url": ["https://api.github.com/repos/isteves/CoordinateCleaner/git/refs{/sha}"],
  "trees_url": ["https://api.github.com/repos/isteves/CoordinateCleaner/git/trees{/sha}"],
  "statuses_url": ["https://api.github.com/repos/isteves/CoordinateCleaner/statuses/{sha}"],
  "languages_url": ["https://api.github.com/repos/isteves/CoordinateCleaner/languages"],
  "stargazers_url": ["https://api.github.com/repos/isteves/CoordinateCleaner/stargazers"],
  "contributors_url": ["https://api.github.com/repos/isteves/CoordinateCleaner/contributors"],
  "subscribers_url": ["https://api.github.com/repos/isteves/CoordinateCleaner/subscribers"],
  "subscription_url": ["https://api.github.com/repos/isteves/CoordinateCleaner/subscription"],
  "commits_url": ["https://api.github.com/repos/isteves/CoordinateCleaner/commits{/sha}"],
  "git_commits_url": ["https://api.github.com/repos/isteves/CoordinateCleaner/git/commits{/sha}"],
  "comments_url": ["https://api.github.com/repos/isteves/CoordinateCleaner/comments{/number}"],
  "issue_comment_url": ["https://api.github.com/repos/isteves/CoordinateCleaner/issues/comments{/number}"],
  "contents_url": ["https://api.github.com/repos/isteves/CoordinateCleaner/contents/{+path}"],
  "compare_url": ["https://api.github.com/repos/isteves/CoordinateCleaner/compare/{base}...{head}"],
  "merges_url": ["https://api.github.com/repos/isteves/CoordinateCleaner/merges"],
  "archive_url": ["https://api.github.com/repos/isteves/CoordinateCleaner/{archive_format}{/ref}"],
  "downloads_url": ["https://api.github.com/repos/isteves/CoordinateCleaner/downloads"],
  "issues_url": ["https://api.github.com/repos/isteves/CoordinateCleaner/issues{/number}"],
  "pulls_url": ["https://api.github.com/repos/isteves/CoordinateCleaner/pulls{/number}"],
  "milestones_url": ["https://api.github.com/repos/isteves/CoordinateCleaner/milestones{/number}"],
  "notifications_url": ["https://api.github.com/repos/isteves/CoordinateCleaner/notifications{?since,all,participating}"],
  "labels_url": ["https://api.github.com/repos/isteves/CoordinateCleaner/labels{/name}"],
  "releases_url": ["https://api.github.com/repos/isteves/CoordinateCleaner/releases{/id}"],
  "deployments_url": ["https://api.github.com/repos/isteves/CoordinateCleaner/deployments"],
  "created_at": ["2018-09-14T14:20:23Z"],
  "updated_at": ["2018-10-12T15:44:13Z"],
  "pushed_at": ["2018-09-13T13:10:17Z"],
  "git_url": ["git://github.com/isteves/CoordinateCleaner.git"],
  "ssh_url": ["git@github.com:isteves/CoordinateCleaner.git"],
  "clone_url": ["https://github.com/isteves/CoordinateCleaner.git"],
  "svn_url": ["https://github.com/isteves/CoordinateCleaner"],
  "homepage": ["https://azizka.github.io/CoordinateCleaner/"],
  "size": [42898],
  "stargazers_count": [0],
  "watchers_count": [0],
  "language": ["R"],
  "has_issues": [false],
  "has_projects": [true],
  "has_downloads": [true],
  "has_wiki": [false],
  "has_pages": [false],
  "forks_count": [0],
  "mirror_url": {},
  "archived": [false],
  "open_issues_count": [0],
  "license": {},
  "forks": [0],
  "open_issues": [0],
  "watchers": [0],
  "default_branch": ["master"],
  "permissions": {
    "admin": [false],
    "push": [false],
    "pull": [true]
  }
}
