{
  "id": [128842628],
  "node_id": ["MDEwOlJlcG9zaXRvcnkxMjg4NDI2Mjg="],
  "name": ["crandalf"],
  "full_name": ["isteves/crandalf"],
  "private": [false],
  "owner": {
    "login": ["isteves"],
    "id": [25118334],
    "node_id": ["MDQ6VXNlcjI1MTE4MzM0"],
    "avatar_url": ["https://avatars2.githubusercontent.com/u/25118334?v=4"],
    "gravatar_id": [""],
    "url": ["https://api.github.com/users/isteves"],
    "html_url": ["https://github.com/isteves"],
    "followers_url": ["https://api.github.com/users/isteves/followers"],
    "following_url": ["https://api.github.com/users/isteves/following{/other_user}"],
    "gists_url": ["https://api.github.com/users/isteves/gists{/gist_id}"],
    "starred_url": ["https://api.github.com/users/isteves/starred{/owner}{/repo}"],
    "subscriptions_url": ["https://api.github.com/users/isteves/subscriptions"],
    "organizations_url": ["https://api.github.com/users/isteves/orgs"],
    "repos_url": ["https://api.github.com/users/isteves/repos"],
    "events_url": ["https://api.github.com/users/isteves/events{/privacy}"],
    "received_events_url": ["https://api.github.com/users/isteves/received_events"],
    "type": ["User"],
    "site_admin": [false]
  },
  "html_url": ["https://github.com/isteves/crandalf"],
  "description": ["Check all reverse dependencies of your R package on Travis CI"],
  "fork": [true],
  "url": ["https://api.github.com/repos/isteves/crandalf"],
  "forks_url": ["https://api.github.com/repos/isteves/crandalf/forks"],
  "keys_url": ["https://api.github.com/repos/isteves/crandalf/keys{/key_id}"],
  "collaborators_url": ["https://api.github.com/repos/isteves/crandalf/collaborators{/collaborator}"],
  "teams_url": ["https://api.github.com/repos/isteves/crandalf/teams"],
  "hooks_url": ["https://api.github.com/repos/isteves/crandalf/hooks"],
  "issue_events_url": ["https://api.github.com/repos/isteves/crandalf/issues/events{/number}"],
  "events_url": ["https://api.github.com/repos/isteves/crandalf/events"],
  "assignees_url": ["https://api.github.com/repos/isteves/crandalf/assignees{/user}"],
  "branches_url": ["https://api.github.com/repos/isteves/crandalf/branches{/branch}"],
  "tags_url": ["https://api.github.com/repos/isteves/crandalf/tags"],
  "blobs_url": ["https://api.github.com/repos/isteves/crandalf/git/blobs{/sha}"],
  "git_tags_url": ["https://api.github.com/repos/isteves/crandalf/git/tags{/sha}"],
  "git_refs_url": ["https://api.github.com/repos/isteves/crandalf/git/refs{/sha}"],
  "trees_url": ["https://api.github.com/repos/isteves/crandalf/git/trees{/sha}"],
  "statuses_url": ["https://api.github.com/repos/isteves/crandalf/statuses/{sha}"],
  "languages_url": ["https://api.github.com/repos/isteves/crandalf/languages"],
  "stargazers_url": ["https://api.github.com/repos/isteves/crandalf/stargazers"],
  "contributors_url": ["https://api.github.com/repos/isteves/crandalf/contributors"],
  "subscribers_url": ["https://api.github.com/repos/isteves/crandalf/subscribers"],
  "subscription_url": ["https://api.github.com/repos/isteves/crandalf/subscription"],
  "commits_url": ["https://api.github.com/repos/isteves/crandalf/commits{/sha}"],
  "git_commits_url": ["https://api.github.com/repos/isteves/crandalf/git/commits{/sha}"],
  "comments_url": ["https://api.github.com/repos/isteves/crandalf/comments{/number}"],
  "issue_comment_url": ["https://api.github.com/repos/isteves/crandalf/issues/comments{/number}"],
  "contents_url": ["https://api.github.com/repos/isteves/crandalf/contents/{+path}"],
  "compare_url": ["https://api.github.com/repos/isteves/crandalf/compare/{base}...{head}"],
  "merges_url": ["https://api.github.com/repos/isteves/crandalf/merges"],
  "archive_url": ["https://api.github.com/repos/isteves/crandalf/{archive_format}{/ref}"],
  "downloads_url": ["https://api.github.com/repos/isteves/crandalf/downloads"],
  "issues_url": ["https://api.github.com/repos/isteves/crandalf/issues{/number}"],
  "pulls_url": ["https://api.github.com/repos/isteves/crandalf/pulls{/number}"],
  "milestones_url": ["https://api.github.com/repos/isteves/crandalf/milestones{/number}"],
  "notifications_url": ["https://api.github.com/repos/isteves/crandalf/notifications{?since,all,participating}"],
  "labels_url": ["https://api.github.com/repos/isteves/crandalf/labels{/name}"],
  "releases_url": ["https://api.github.com/repos/isteves/crandalf/releases{/id}"],
  "deployments_url": ["https://api.github.com/repos/isteves/crandalf/deployments"],
  "created_at": ["2018-04-09T22:48:06Z"],
  "updated_at": ["2018-04-09T22:49:49Z"],
  "pushed_at": ["2018-04-09T22:49:48Z"],
  "git_url": ["git://github.com/isteves/crandalf.git"],
  "ssh_url": ["git@github.com:isteves/crandalf.git"],
  "clone_url": ["https://github.com/isteves/crandalf.git"],
  "svn_url": ["https://github.com/isteves/crandalf"],
  "homepage": [""],
  "size": [182],
  "stargazers_count": [0],
  "watchers_count": [0],
  "language": ["R"],
  "has_issues": [false],
  "has_projects": [true],
  "has_downloads": [true],
  "has_wiki": [true],
  "has_pages": [false],
  "forks_count": [0],
  "mirror_url": {},
  "archived": [false],
  "open_issues_count": [0],
  "license": {
    "key": ["mit"],
    "name": ["MIT License"],
    "spdx_id": ["MIT"],
    "url": ["https://api.github.com/licenses/mit"],
    "node_id": ["MDc6TGljZW5zZTEz"]
  },
  "forks": [0],
  "open_issues": [0],
  "watchers": [0],
  "default_branch": ["master"],
  "permissions": {
    "admin": [false],
    "push": [false],
    "pull": [true]
  }
}
