{
  "id": [138965574],
  "node_id": ["MDEwOlJlcG9zaXRvcnkxMzg5NjU1NzQ="],
  "name": ["dataspice"],
  "full_name": ["isteves/dataspice"],
  "private": [false],
  "owner": {
    "login": ["isteves"],
    "id": [25118334],
    "node_id": ["MDQ6VXNlcjI1MTE4MzM0"],
    "avatar_url": ["https://avatars2.githubusercontent.com/u/25118334?v=4"],
    "gravatar_id": [""],
    "url": ["https://api.github.com/users/isteves"],
    "html_url": ["https://github.com/isteves"],
    "followers_url": ["https://api.github.com/users/isteves/followers"],
    "following_url": ["https://api.github.com/users/isteves/following{/other_user}"],
    "gists_url": ["https://api.github.com/users/isteves/gists{/gist_id}"],
    "starred_url": ["https://api.github.com/users/isteves/starred{/owner}{/repo}"],
    "subscriptions_url": ["https://api.github.com/users/isteves/subscriptions"],
    "organizations_url": ["https://api.github.com/users/isteves/orgs"],
    "repos_url": ["https://api.github.com/users/isteves/repos"],
    "events_url": ["https://api.github.com/users/isteves/events{/privacy}"],
    "received_events_url": ["https://api.github.com/users/isteves/received_events"],
    "type": ["User"],
    "site_admin": [false]
  },
  "html_url": ["https://github.com/isteves/dataspice"],
  "description": [":hot_pepper: Create lightweight schema.org descriptions of dataset"],
  "fork": [true],
  "url": ["https://api.github.com/repos/isteves/dataspice"],
  "forks_url": ["https://api.github.com/repos/isteves/dataspice/forks"],
  "keys_url": ["https://api.github.com/repos/isteves/dataspice/keys{/key_id}"],
  "collaborators_url": ["https://api.github.com/repos/isteves/dataspice/collaborators{/collaborator}"],
  "teams_url": ["https://api.github.com/repos/isteves/dataspice/teams"],
  "hooks_url": ["https://api.github.com/repos/isteves/dataspice/hooks"],
  "issue_events_url": ["https://api.github.com/repos/isteves/dataspice/issues/events{/number}"],
  "events_url": ["https://api.github.com/repos/isteves/dataspice/events"],
  "assignees_url": ["https://api.github.com/repos/isteves/dataspice/assignees{/user}"],
  "branches_url": ["https://api.github.com/repos/isteves/dataspice/branches{/branch}"],
  "tags_url": ["https://api.github.com/repos/isteves/dataspice/tags"],
  "blobs_url": ["https://api.github.com/repos/isteves/dataspice/git/blobs{/sha}"],
  "git_tags_url": ["https://api.github.com/repos/isteves/dataspice/git/tags{/sha}"],
  "git_refs_url": ["https://api.github.com/repos/isteves/dataspice/git/refs{/sha}"],
  "trees_url": ["https://api.github.com/repos/isteves/dataspice/git/trees{/sha}"],
  "statuses_url": ["https://api.github.com/repos/isteves/dataspice/statuses/{sha}"],
  "languages_url": ["https://api.github.com/repos/isteves/dataspice/languages"],
  "stargazers_url": ["https://api.github.com/repos/isteves/dataspice/stargazers"],
  "contributors_url": ["https://api.github.com/repos/isteves/dataspice/contributors"],
  "subscribers_url": ["https://api.github.com/repos/isteves/dataspice/subscribers"],
  "subscription_url": ["https://api.github.com/repos/isteves/dataspice/subscription"],
  "commits_url": ["https://api.github.com/repos/isteves/dataspice/commits{/sha}"],
  "git_commits_url": ["https://api.github.com/repos/isteves/dataspice/git/commits{/sha}"],
  "comments_url": ["https://api.github.com/repos/isteves/dataspice/comments{/number}"],
  "issue_comment_url": ["https://api.github.com/repos/isteves/dataspice/issues/comments{/number}"],
  "contents_url": ["https://api.github.com/repos/isteves/dataspice/contents/{+path}"],
  "compare_url": ["https://api.github.com/repos/isteves/dataspice/compare/{base}...{head}"],
  "merges_url": ["https://api.github.com/repos/isteves/dataspice/merges"],
  "archive_url": ["https://api.github.com/repos/isteves/dataspice/{archive_format}{/ref}"],
  "downloads_url": ["https://api.github.com/repos/isteves/dataspice/downloads"],
  "issues_url": ["https://api.github.com/repos/isteves/dataspice/issues{/number}"],
  "pulls_url": ["https://api.github.com/repos/isteves/dataspice/pulls{/number}"],
  "milestones_url": ["https://api.github.com/repos/isteves/dataspice/milestones{/number}"],
  "notifications_url": ["https://api.github.com/repos/isteves/dataspice/notifications{?since,all,participating}"],
  "labels_url": ["https://api.github.com/repos/isteves/dataspice/labels{/name}"],
  "releases_url": ["https://api.github.com/repos/isteves/dataspice/releases{/id}"],
  "deployments_url": ["https://api.github.com/repos/isteves/dataspice/deployments"],
  "created_at": ["2018-06-28T04:20:59Z"],
  "updated_at": ["2018-07-03T17:43:49Z"],
  "pushed_at": ["2018-07-03T17:43:47Z"],
  "git_url": ["git://github.com/isteves/dataspice.git"],
  "ssh_url": ["git@github.com:isteves/dataspice.git"],
  "clone_url": ["https://github.com/isteves/dataspice.git"],
  "svn_url": ["https://github.com/isteves/dataspice"],
  "homepage": ["https://github.com/ropensci/unconf18/issues/72"],
  "size": [1038],
  "stargazers_count": [0],
  "watchers_count": [0],
  "language": ["R"],
  "has_issues": [false],
  "has_projects": [true],
  "has_downloads": [true],
  "has_wiki": [true],
  "has_pages": [false],
  "forks_count": [0],
  "mirror_url": {},
  "archived": [false],
  "open_issues_count": [0],
  "license": {
    "key": ["other"],
    "name": ["Other"],
    "spdx_id": ["NOASSERTION"],
    "url": {},
    "node_id": ["MDc6TGljZW5zZTA="]
  },
  "forks": [0],
  "open_issues": [0],
  "watchers": [0],
  "default_branch": ["master"],
  "permissions": {
    "admin": [false],
    "push": [false],
    "pull": [true]
  }
}
