{
  "id": [126047714],
  "node_id": ["MDEwOlJlcG9zaXRvcnkxMjYwNDc3MTQ="],
  "name": ["data-processing"],
  "full_name": ["isteves/data-processing"],
  "private": [false],
  "owner": {
    "login": ["isteves"],
    "id": [25118334],
    "node_id": ["MDQ6VXNlcjI1MTE4MzM0"],
    "avatar_url": ["https://avatars2.githubusercontent.com/u/25118334?v=4"],
    "gravatar_id": [""],
    "url": ["https://api.github.com/users/isteves"],
    "html_url": ["https://github.com/isteves"],
    "followers_url": ["https://api.github.com/users/isteves/followers"],
    "following_url": ["https://api.github.com/users/isteves/following{/other_user}"],
    "gists_url": ["https://api.github.com/users/isteves/gists{/gist_id}"],
    "starred_url": ["https://api.github.com/users/isteves/starred{/owner}{/repo}"],
    "subscriptions_url": ["https://api.github.com/users/isteves/subscriptions"],
    "organizations_url": ["https://api.github.com/users/isteves/orgs"],
    "repos_url": ["https://api.github.com/users/isteves/repos"],
    "events_url": ["https://api.github.com/users/isteves/events{/privacy}"],
    "received_events_url": ["https://api.github.com/users/isteves/received_events"],
    "type": ["User"],
    "site_admin": [false]
  },
  "html_url": ["https://github.com/isteves/data-processing"],
  "description": {},
  "fork": [true],
  "url": ["https://api.github.com/repos/isteves/data-processing"],
  "forks_url": ["https://api.github.com/repos/isteves/data-processing/forks"],
  "keys_url": ["https://api.github.com/repos/isteves/data-processing/keys{/key_id}"],
  "collaborators_url": ["https://api.github.com/repos/isteves/data-processing/collaborators{/collaborator}"],
  "teams_url": ["https://api.github.com/repos/isteves/data-processing/teams"],
  "hooks_url": ["https://api.github.com/repos/isteves/data-processing/hooks"],
  "issue_events_url": ["https://api.github.com/repos/isteves/data-processing/issues/events{/number}"],
  "events_url": ["https://api.github.com/repos/isteves/data-processing/events"],
  "assignees_url": ["https://api.github.com/repos/isteves/data-processing/assignees{/user}"],
  "branches_url": ["https://api.github.com/repos/isteves/data-processing/branches{/branch}"],
  "tags_url": ["https://api.github.com/repos/isteves/data-processing/tags"],
  "blobs_url": ["https://api.github.com/repos/isteves/data-processing/git/blobs{/sha}"],
  "git_tags_url": ["https://api.github.com/repos/isteves/data-processing/git/tags{/sha}"],
  "git_refs_url": ["https://api.github.com/repos/isteves/data-processing/git/refs{/sha}"],
  "trees_url": ["https://api.github.com/repos/isteves/data-processing/git/trees{/sha}"],
  "statuses_url": ["https://api.github.com/repos/isteves/data-processing/statuses/{sha}"],
  "languages_url": ["https://api.github.com/repos/isteves/data-processing/languages"],
  "stargazers_url": ["https://api.github.com/repos/isteves/data-processing/stargazers"],
  "contributors_url": ["https://api.github.com/repos/isteves/data-processing/contributors"],
  "subscribers_url": ["https://api.github.com/repos/isteves/data-processing/subscribers"],
  "subscription_url": ["https://api.github.com/repos/isteves/data-processing/subscription"],
  "commits_url": ["https://api.github.com/repos/isteves/data-processing/commits{/sha}"],
  "git_commits_url": ["https://api.github.com/repos/isteves/data-processing/git/commits{/sha}"],
  "comments_url": ["https://api.github.com/repos/isteves/data-processing/comments{/number}"],
  "issue_comment_url": ["https://api.github.com/repos/isteves/data-processing/issues/comments{/number}"],
  "contents_url": ["https://api.github.com/repos/isteves/data-processing/contents/{+path}"],
  "compare_url": ["https://api.github.com/repos/isteves/data-processing/compare/{base}...{head}"],
  "merges_url": ["https://api.github.com/repos/isteves/data-processing/merges"],
  "archive_url": ["https://api.github.com/repos/isteves/data-processing/{archive_format}{/ref}"],
  "downloads_url": ["https://api.github.com/repos/isteves/data-processing/downloads"],
  "issues_url": ["https://api.github.com/repos/isteves/data-processing/issues{/number}"],
  "pulls_url": ["https://api.github.com/repos/isteves/data-processing/pulls{/number}"],
  "milestones_url": ["https://api.github.com/repos/isteves/data-processing/milestones{/number}"],
  "notifications_url": ["https://api.github.com/repos/isteves/data-processing/notifications{?since,all,participating}"],
  "labels_url": ["https://api.github.com/repos/isteves/data-processing/labels{/name}"],
  "releases_url": ["https://api.github.com/repos/isteves/data-processing/releases{/id}"],
  "deployments_url": ["https://api.github.com/repos/isteves/data-processing/deployments"],
  "created_at": ["2018-03-20T16:24:26Z"],
  "updated_at": ["2018-03-20T18:45:33Z"],
  "pushed_at": ["2018-03-20T18:45:32Z"],
  "git_url": ["git://github.com/isteves/data-processing.git"],
  "ssh_url": ["git@github.com:isteves/data-processing.git"],
  "clone_url": ["https://github.com/isteves/data-processing.git"],
  "svn_url": ["https://github.com/isteves/data-processing"],
  "homepage": {},
  "size": [5839],
  "stargazers_count": [0],
  "watchers_count": [0],
  "language": ["R"],
  "has_issues": [false],
  "has_projects": [true],
  "has_downloads": [true],
  "has_wiki": [true],
  "has_pages": [false],
  "forks_count": [0],
  "mirror_url": {},
  "archived": [false],
  "open_issues_count": [0],
  "license": {},
  "forks": [0],
  "open_issues": [0],
  "watchers": [0],
  "default_branch": ["master"],
  "permissions": {
    "admin": [false],
    "push": [false],
    "pull": [true]
  }
}
