{
  "id": [124597878],
  "node_id": ["MDEwOlJlcG9zaXRvcnkxMjQ1OTc4Nzg="],
  "name": ["datateam-training"],
  "full_name": ["isteves/datateam-training"],
  "private": [false],
  "owner": {
    "login": ["isteves"],
    "id": [25118334],
    "node_id": ["MDQ6VXNlcjI1MTE4MzM0"],
    "avatar_url": ["https://avatars2.githubusercontent.com/u/25118334?v=4"],
    "gravatar_id": [""],
    "url": ["https://api.github.com/users/isteves"],
    "html_url": ["https://github.com/isteves"],
    "followers_url": ["https://api.github.com/users/isteves/followers"],
    "following_url": ["https://api.github.com/users/isteves/following{/other_user}"],
    "gists_url": ["https://api.github.com/users/isteves/gists{/gist_id}"],
    "starred_url": ["https://api.github.com/users/isteves/starred{/owner}{/repo}"],
    "subscriptions_url": ["https://api.github.com/users/isteves/subscriptions"],
    "organizations_url": ["https://api.github.com/users/isteves/orgs"],
    "repos_url": ["https://api.github.com/users/isteves/repos"],
    "events_url": ["https://api.github.com/users/isteves/events{/privacy}"],
    "received_events_url": ["https://api.github.com/users/isteves/received_events"],
    "type": ["User"],
    "site_admin": [false]
  },
  "html_url": ["https://github.com/isteves/datateam-training"],
  "description": ["Training and reference materials for ADC and SASAP data team members"],
  "fork": [true],
  "url": ["https://api.github.com/repos/isteves/datateam-training"],
  "forks_url": ["https://api.github.com/repos/isteves/datateam-training/forks"],
  "keys_url": ["https://api.github.com/repos/isteves/datateam-training/keys{/key_id}"],
  "collaborators_url": ["https://api.github.com/repos/isteves/datateam-training/collaborators{/collaborator}"],
  "teams_url": ["https://api.github.com/repos/isteves/datateam-training/teams"],
  "hooks_url": ["https://api.github.com/repos/isteves/datateam-training/hooks"],
  "issue_events_url": ["https://api.github.com/repos/isteves/datateam-training/issues/events{/number}"],
  "events_url": ["https://api.github.com/repos/isteves/datateam-training/events"],
  "assignees_url": ["https://api.github.com/repos/isteves/datateam-training/assignees{/user}"],
  "branches_url": ["https://api.github.com/repos/isteves/datateam-training/branches{/branch}"],
  "tags_url": ["https://api.github.com/repos/isteves/datateam-training/tags"],
  "blobs_url": ["https://api.github.com/repos/isteves/datateam-training/git/blobs{/sha}"],
  "git_tags_url": ["https://api.github.com/repos/isteves/datateam-training/git/tags{/sha}"],
  "git_refs_url": ["https://api.github.com/repos/isteves/datateam-training/git/refs{/sha}"],
  "trees_url": ["https://api.github.com/repos/isteves/datateam-training/git/trees{/sha}"],
  "statuses_url": ["https://api.github.com/repos/isteves/datateam-training/statuses/{sha}"],
  "languages_url": ["https://api.github.com/repos/isteves/datateam-training/languages"],
  "stargazers_url": ["https://api.github.com/repos/isteves/datateam-training/stargazers"],
  "contributors_url": ["https://api.github.com/repos/isteves/datateam-training/contributors"],
  "subscribers_url": ["https://api.github.com/repos/isteves/datateam-training/subscribers"],
  "subscription_url": ["https://api.github.com/repos/isteves/datateam-training/subscription"],
  "commits_url": ["https://api.github.com/repos/isteves/datateam-training/commits{/sha}"],
  "git_commits_url": ["https://api.github.com/repos/isteves/datateam-training/git/commits{/sha}"],
  "comments_url": ["https://api.github.com/repos/isteves/datateam-training/comments{/number}"],
  "issue_comment_url": ["https://api.github.com/repos/isteves/datateam-training/issues/comments{/number}"],
  "contents_url": ["https://api.github.com/repos/isteves/datateam-training/contents/{+path}"],
  "compare_url": ["https://api.github.com/repos/isteves/datateam-training/compare/{base}...{head}"],
  "merges_url": ["https://api.github.com/repos/isteves/datateam-training/merges"],
  "archive_url": ["https://api.github.com/repos/isteves/datateam-training/{archive_format}{/ref}"],
  "downloads_url": ["https://api.github.com/repos/isteves/datateam-training/downloads"],
  "issues_url": ["https://api.github.com/repos/isteves/datateam-training/issues{/number}"],
  "pulls_url": ["https://api.github.com/repos/isteves/datateam-training/pulls{/number}"],
  "milestones_url": ["https://api.github.com/repos/isteves/datateam-training/milestones{/number}"],
  "notifications_url": ["https://api.github.com/repos/isteves/datateam-training/notifications{?since,all,participating}"],
  "labels_url": ["https://api.github.com/repos/isteves/datateam-training/labels{/name}"],
  "releases_url": ["https://api.github.com/repos/isteves/datateam-training/releases{/id}"],
  "deployments_url": ["https://api.github.com/repos/isteves/datateam-training/deployments"],
  "created_at": ["2018-03-09T22:00:35Z"],
  "updated_at": ["2018-06-27T21:40:40Z"],
  "pushed_at": ["2018-06-27T22:07:29Z"],
  "git_url": ["git://github.com/isteves/datateam-training.git"],
  "ssh_url": ["git@github.com:isteves/datateam-training.git"],
  "clone_url": ["https://github.com/isteves/datateam-training.git"],
  "svn_url": ["https://github.com/isteves/datateam-training"],
  "homepage": ["https://nceas.github.io/datateam-training/training"],
  "size": [13966],
  "stargazers_count": [0],
  "watchers_count": [0],
  "language": ["CSS"],
  "has_issues": [false],
  "has_projects": [true],
  "has_downloads": [true],
  "has_wiki": [true],
  "has_pages": [true],
  "forks_count": [0],
  "mirror_url": {},
  "archived": [false],
  "open_issues_count": [0],
  "license": {
    "key": ["apache-2.0"],
    "name": ["Apache License 2.0"],
    "spdx_id": ["Apache-2.0"],
    "url": ["https://api.github.com/licenses/apache-2.0"],
    "node_id": ["MDc6TGljZW5zZTI="]
  },
  "forks": [0],
  "open_issues": [0],
  "watchers": [0],
  "default_branch": ["master"],
  "permissions": {
    "admin": [false],
    "push": [false],
    "pull": [true]
  }
}
