{
  "id": [132820399],
  "node_id": ["MDEwOlJlcG9zaXRvcnkxMzI4MjAzOTk="],
  "name": ["dataimport"],
  "full_name": ["isteves/dataimport"],
  "private": [false],
  "owner": {
    "login": ["isteves"],
    "id": [25118334],
    "node_id": ["MDQ6VXNlcjI1MTE4MzM0"],
    "avatar_url": ["https://avatars2.githubusercontent.com/u/25118334?v=4"],
    "gravatar_id": [""],
    "url": ["https://api.github.com/users/isteves"],
    "html_url": ["https://github.com/isteves"],
    "followers_url": ["https://api.github.com/users/isteves/followers"],
    "following_url": ["https://api.github.com/users/isteves/following{/other_user}"],
    "gists_url": ["https://api.github.com/users/isteves/gists{/gist_id}"],
    "starred_url": ["https://api.github.com/users/isteves/starred{/owner}{/repo}"],
    "subscriptions_url": ["https://api.github.com/users/isteves/subscriptions"],
    "organizations_url": ["https://api.github.com/users/isteves/orgs"],
    "repos_url": ["https://api.github.com/users/isteves/repos"],
    "events_url": ["https://api.github.com/users/isteves/events{/privacy}"],
    "received_events_url": ["https://api.github.com/users/isteves/received_events"],
    "type": ["User"],
    "site_admin": [false]
  },
  "html_url": ["https://github.com/isteves/dataimport"],
  "description": {},
  "fork": [false],
  "url": ["https://api.github.com/repos/isteves/dataimport"],
  "forks_url": ["https://api.github.com/repos/isteves/dataimport/forks"],
  "keys_url": ["https://api.github.com/repos/isteves/dataimport/keys{/key_id}"],
  "collaborators_url": ["https://api.github.com/repos/isteves/dataimport/collaborators{/collaborator}"],
  "teams_url": ["https://api.github.com/repos/isteves/dataimport/teams"],
  "hooks_url": ["https://api.github.com/repos/isteves/dataimport/hooks"],
  "issue_events_url": ["https://api.github.com/repos/isteves/dataimport/issues/events{/number}"],
  "events_url": ["https://api.github.com/repos/isteves/dataimport/events"],
  "assignees_url": ["https://api.github.com/repos/isteves/dataimport/assignees{/user}"],
  "branches_url": ["https://api.github.com/repos/isteves/dataimport/branches{/branch}"],
  "tags_url": ["https://api.github.com/repos/isteves/dataimport/tags"],
  "blobs_url": ["https://api.github.com/repos/isteves/dataimport/git/blobs{/sha}"],
  "git_tags_url": ["https://api.github.com/repos/isteves/dataimport/git/tags{/sha}"],
  "git_refs_url": ["https://api.github.com/repos/isteves/dataimport/git/refs{/sha}"],
  "trees_url": ["https://api.github.com/repos/isteves/dataimport/git/trees{/sha}"],
  "statuses_url": ["https://api.github.com/repos/isteves/dataimport/statuses/{sha}"],
  "languages_url": ["https://api.github.com/repos/isteves/dataimport/languages"],
  "stargazers_url": ["https://api.github.com/repos/isteves/dataimport/stargazers"],
  "contributors_url": ["https://api.github.com/repos/isteves/dataimport/contributors"],
  "subscribers_url": ["https://api.github.com/repos/isteves/dataimport/subscribers"],
  "subscription_url": ["https://api.github.com/repos/isteves/dataimport/subscription"],
  "commits_url": ["https://api.github.com/repos/isteves/dataimport/commits{/sha}"],
  "git_commits_url": ["https://api.github.com/repos/isteves/dataimport/git/commits{/sha}"],
  "comments_url": ["https://api.github.com/repos/isteves/dataimport/comments{/number}"],
  "issue_comment_url": ["https://api.github.com/repos/isteves/dataimport/issues/comments{/number}"],
  "contents_url": ["https://api.github.com/repos/isteves/dataimport/contents/{+path}"],
  "compare_url": ["https://api.github.com/repos/isteves/dataimport/compare/{base}...{head}"],
  "merges_url": ["https://api.github.com/repos/isteves/dataimport/merges"],
  "archive_url": ["https://api.github.com/repos/isteves/dataimport/{archive_format}{/ref}"],
  "downloads_url": ["https://api.github.com/repos/isteves/dataimport/downloads"],
  "issues_url": ["https://api.github.com/repos/isteves/dataimport/issues{/number}"],
  "pulls_url": ["https://api.github.com/repos/isteves/dataimport/pulls{/number}"],
  "milestones_url": ["https://api.github.com/repos/isteves/dataimport/milestones{/number}"],
  "notifications_url": ["https://api.github.com/repos/isteves/dataimport/notifications{?since,all,participating}"],
  "labels_url": ["https://api.github.com/repos/isteves/dataimport/labels{/name}"],
  "releases_url": ["https://api.github.com/repos/isteves/dataimport/releases{/id}"],
  "deployments_url": ["https://api.github.com/repos/isteves/dataimport/deployments"],
  "created_at": ["2018-05-09T22:45:53Z"],
  "updated_at": ["2018-06-12T02:50:14Z"],
  "pushed_at": ["2018-06-12T02:50:13Z"],
  "git_url": ["git://github.com/isteves/dataimport.git"],
  "ssh_url": ["git@github.com:isteves/dataimport.git"],
  "clone_url": ["https://github.com/isteves/dataimport.git"],
  "svn_url": ["https://github.com/isteves/dataimport"],
  "homepage": {},
  "size": [52],
  "stargazers_count": [0],
  "watchers_count": [0],
  "language": ["R"],
  "has_issues": [true],
  "has_projects": [true],
  "has_downloads": [true],
  "has_wiki": [true],
  "has_pages": [false],
  "forks_count": [1],
  "mirror_url": {},
  "archived": [false],
  "open_issues_count": [0],
  "license": {},
  "forks": [1],
  "open_issues": [0],
  "watchers": [0],
  "default_branch": ["master"],
  "permissions": {
    "admin": [false],
    "push": [false],
    "pull": [true]
  }
}
