{
  "id": [118494414],
  "node_id": ["MDEwOlJlcG9zaXRvcnkxMTg0OTQ0MTQ="],
  "name": ["datamgmt"],
  "full_name": ["isteves/datamgmt"],
  "private": [false],
  "owner": {
    "login": ["isteves"],
    "id": [25118334],
    "node_id": ["MDQ6VXNlcjI1MTE4MzM0"],
    "avatar_url": ["https://avatars2.githubusercontent.com/u/25118334?v=4"],
    "gravatar_id": [""],
    "url": ["https://api.github.com/users/isteves"],
    "html_url": ["https://github.com/isteves"],
    "followers_url": ["https://api.github.com/users/isteves/followers"],
    "following_url": ["https://api.github.com/users/isteves/following{/other_user}"],
    "gists_url": ["https://api.github.com/users/isteves/gists{/gist_id}"],
    "starred_url": ["https://api.github.com/users/isteves/starred{/owner}{/repo}"],
    "subscriptions_url": ["https://api.github.com/users/isteves/subscriptions"],
    "organizations_url": ["https://api.github.com/users/isteves/orgs"],
    "repos_url": ["https://api.github.com/users/isteves/repos"],
    "events_url": ["https://api.github.com/users/isteves/events{/privacy}"],
    "received_events_url": ["https://api.github.com/users/isteves/received_events"],
    "type": ["User"],
    "site_admin": [false]
  },
  "html_url": ["https://github.com/isteves/datamgmt"],
  "description": ["Data management utilities for curating, documenting, and publishing data."],
  "fork": [true],
  "url": ["https://api.github.com/repos/isteves/datamgmt"],
  "forks_url": ["https://api.github.com/repos/isteves/datamgmt/forks"],
  "keys_url": ["https://api.github.com/repos/isteves/datamgmt/keys{/key_id}"],
  "collaborators_url": ["https://api.github.com/repos/isteves/datamgmt/collaborators{/collaborator}"],
  "teams_url": ["https://api.github.com/repos/isteves/datamgmt/teams"],
  "hooks_url": ["https://api.github.com/repos/isteves/datamgmt/hooks"],
  "issue_events_url": ["https://api.github.com/repos/isteves/datamgmt/issues/events{/number}"],
  "events_url": ["https://api.github.com/repos/isteves/datamgmt/events"],
  "assignees_url": ["https://api.github.com/repos/isteves/datamgmt/assignees{/user}"],
  "branches_url": ["https://api.github.com/repos/isteves/datamgmt/branches{/branch}"],
  "tags_url": ["https://api.github.com/repos/isteves/datamgmt/tags"],
  "blobs_url": ["https://api.github.com/repos/isteves/datamgmt/git/blobs{/sha}"],
  "git_tags_url": ["https://api.github.com/repos/isteves/datamgmt/git/tags{/sha}"],
  "git_refs_url": ["https://api.github.com/repos/isteves/datamgmt/git/refs{/sha}"],
  "trees_url": ["https://api.github.com/repos/isteves/datamgmt/git/trees{/sha}"],
  "statuses_url": ["https://api.github.com/repos/isteves/datamgmt/statuses/{sha}"],
  "languages_url": ["https://api.github.com/repos/isteves/datamgmt/languages"],
  "stargazers_url": ["https://api.github.com/repos/isteves/datamgmt/stargazers"],
  "contributors_url": ["https://api.github.com/repos/isteves/datamgmt/contributors"],
  "subscribers_url": ["https://api.github.com/repos/isteves/datamgmt/subscribers"],
  "subscription_url": ["https://api.github.com/repos/isteves/datamgmt/subscription"],
  "commits_url": ["https://api.github.com/repos/isteves/datamgmt/commits{/sha}"],
  "git_commits_url": ["https://api.github.com/repos/isteves/datamgmt/git/commits{/sha}"],
  "comments_url": ["https://api.github.com/repos/isteves/datamgmt/comments{/number}"],
  "issue_comment_url": ["https://api.github.com/repos/isteves/datamgmt/issues/comments{/number}"],
  "contents_url": ["https://api.github.com/repos/isteves/datamgmt/contents/{+path}"],
  "compare_url": ["https://api.github.com/repos/isteves/datamgmt/compare/{base}...{head}"],
  "merges_url": ["https://api.github.com/repos/isteves/datamgmt/merges"],
  "archive_url": ["https://api.github.com/repos/isteves/datamgmt/{archive_format}{/ref}"],
  "downloads_url": ["https://api.github.com/repos/isteves/datamgmt/downloads"],
  "issues_url": ["https://api.github.com/repos/isteves/datamgmt/issues{/number}"],
  "pulls_url": ["https://api.github.com/repos/isteves/datamgmt/pulls{/number}"],
  "milestones_url": ["https://api.github.com/repos/isteves/datamgmt/milestones{/number}"],
  "notifications_url": ["https://api.github.com/repos/isteves/datamgmt/notifications{?since,all,participating}"],
  "labels_url": ["https://api.github.com/repos/isteves/datamgmt/labels{/name}"],
  "releases_url": ["https://api.github.com/repos/isteves/datamgmt/releases{/id}"],
  "deployments_url": ["https://api.github.com/repos/isteves/datamgmt/deployments"],
  "created_at": ["2018-01-22T18:02:10Z"],
  "updated_at": ["2018-05-24T17:18:02Z"],
  "pushed_at": ["2018-05-24T17:18:01Z"],
  "git_url": ["git://github.com/isteves/datamgmt.git"],
  "ssh_url": ["git@github.com:isteves/datamgmt.git"],
  "clone_url": ["https://github.com/isteves/datamgmt.git"],
  "svn_url": ["https://github.com/isteves/datamgmt"],
  "homepage": {},
  "size": [1458],
  "stargazers_count": [0],
  "watchers_count": [0],
  "language": ["R"],
  "has_issues": [false],
  "has_projects": [true],
  "has_downloads": [true],
  "has_wiki": [true],
  "has_pages": [false],
  "forks_count": [2],
  "mirror_url": {},
  "archived": [false],
  "open_issues_count": [0],
  "license": {},
  "forks": [2],
  "open_issues": [0],
  "watchers": [0],
  "default_branch": ["master"],
  "permissions": {
    "admin": [false],
    "push": [false],
    "pull": [true]
  }
}
