{
  "id": [165155378],
  "node_id": ["MDEwOlJlcG9zaXRvcnkxNjUxNTUzNzg="],
  "name": ["ds-puzzles"],
  "full_name": ["isteves/ds-puzzles"],
  "private": [false],
  "owner": {
    "login": ["isteves"],
    "id": [25118334],
    "node_id": ["MDQ6VXNlcjI1MTE4MzM0"],
    "avatar_url": ["https://avatars2.githubusercontent.com/u/25118334?v=4"],
    "gravatar_id": [""],
    "url": ["https://api.github.com/users/isteves"],
    "html_url": ["https://github.com/isteves"],
    "followers_url": ["https://api.github.com/users/isteves/followers"],
    "following_url": ["https://api.github.com/users/isteves/following{/other_user}"],
    "gists_url": ["https://api.github.com/users/isteves/gists{/gist_id}"],
    "starred_url": ["https://api.github.com/users/isteves/starred{/owner}{/repo}"],
    "subscriptions_url": ["https://api.github.com/users/isteves/subscriptions"],
    "organizations_url": ["https://api.github.com/users/isteves/orgs"],
    "repos_url": ["https://api.github.com/users/isteves/repos"],
    "events_url": ["https://api.github.com/users/isteves/events{/privacy}"],
    "received_events_url": ["https://api.github.com/users/isteves/received_events"],
    "type": ["User"],
    "site_admin": [false]
  },
  "html_url": ["https://github.com/isteves/ds-puzzles"],
  "description": ["https://speakerdeck.com/isteves/teaching-data-science-with-puzzles"],
  "fork": [false],
  "url": ["https://api.github.com/repos/isteves/ds-puzzles"],
  "forks_url": ["https://api.github.com/repos/isteves/ds-puzzles/forks"],
  "keys_url": ["https://api.github.com/repos/isteves/ds-puzzles/keys{/key_id}"],
  "collaborators_url": ["https://api.github.com/repos/isteves/ds-puzzles/collaborators{/collaborator}"],
  "teams_url": ["https://api.github.com/repos/isteves/ds-puzzles/teams"],
  "hooks_url": ["https://api.github.com/repos/isteves/ds-puzzles/hooks"],
  "issue_events_url": ["https://api.github.com/repos/isteves/ds-puzzles/issues/events{/number}"],
  "events_url": ["https://api.github.com/repos/isteves/ds-puzzles/events"],
  "assignees_url": ["https://api.github.com/repos/isteves/ds-puzzles/assignees{/user}"],
  "branches_url": ["https://api.github.com/repos/isteves/ds-puzzles/branches{/branch}"],
  "tags_url": ["https://api.github.com/repos/isteves/ds-puzzles/tags"],
  "blobs_url": ["https://api.github.com/repos/isteves/ds-puzzles/git/blobs{/sha}"],
  "git_tags_url": ["https://api.github.com/repos/isteves/ds-puzzles/git/tags{/sha}"],
  "git_refs_url": ["https://api.github.com/repos/isteves/ds-puzzles/git/refs{/sha}"],
  "trees_url": ["https://api.github.com/repos/isteves/ds-puzzles/git/trees{/sha}"],
  "statuses_url": ["https://api.github.com/repos/isteves/ds-puzzles/statuses/{sha}"],
  "languages_url": ["https://api.github.com/repos/isteves/ds-puzzles/languages"],
  "stargazers_url": ["https://api.github.com/repos/isteves/ds-puzzles/stargazers"],
  "contributors_url": ["https://api.github.com/repos/isteves/ds-puzzles/contributors"],
  "subscribers_url": ["https://api.github.com/repos/isteves/ds-puzzles/subscribers"],
  "subscription_url": ["https://api.github.com/repos/isteves/ds-puzzles/subscription"],
  "commits_url": ["https://api.github.com/repos/isteves/ds-puzzles/commits{/sha}"],
  "git_commits_url": ["https://api.github.com/repos/isteves/ds-puzzles/git/commits{/sha}"],
  "comments_url": ["https://api.github.com/repos/isteves/ds-puzzles/comments{/number}"],
  "issue_comment_url": ["https://api.github.com/repos/isteves/ds-puzzles/issues/comments{/number}"],
  "contents_url": ["https://api.github.com/repos/isteves/ds-puzzles/contents/{+path}"],
  "compare_url": ["https://api.github.com/repos/isteves/ds-puzzles/compare/{base}...{head}"],
  "merges_url": ["https://api.github.com/repos/isteves/ds-puzzles/merges"],
  "archive_url": ["https://api.github.com/repos/isteves/ds-puzzles/{archive_format}{/ref}"],
  "downloads_url": ["https://api.github.com/repos/isteves/ds-puzzles/downloads"],
  "issues_url": ["https://api.github.com/repos/isteves/ds-puzzles/issues{/number}"],
  "pulls_url": ["https://api.github.com/repos/isteves/ds-puzzles/pulls{/number}"],
  "milestones_url": ["https://api.github.com/repos/isteves/ds-puzzles/milestones{/number}"],
  "notifications_url": ["https://api.github.com/repos/isteves/ds-puzzles/notifications{?since,all,participating}"],
  "labels_url": ["https://api.github.com/repos/isteves/ds-puzzles/labels{/name}"],
  "releases_url": ["https://api.github.com/repos/isteves/ds-puzzles/releases{/id}"],
  "deployments_url": ["https://api.github.com/repos/isteves/ds-puzzles/deployments"],
  "created_at": ["2019-01-11T01:04:26Z"],
  "updated_at": ["2019-03-10T18:44:25Z"],
  "pushed_at": ["2019-01-28T16:14:15Z"],
  "git_url": ["git://github.com/isteves/ds-puzzles.git"],
  "ssh_url": ["git@github.com:isteves/ds-puzzles.git"],
  "clone_url": ["https://github.com/isteves/ds-puzzles.git"],
  "svn_url": ["https://github.com/isteves/ds-puzzles"],
  "homepage": [""],
  "size": [1368],
  "stargazers_count": [46],
  "watchers_count": [46],
  "language": ["R"],
  "has_issues": [true],
  "has_projects": [true],
  "has_downloads": [true],
  "has_wiki": [true],
  "has_pages": [false],
  "forks_count": [1],
  "mirror_url": {},
  "archived": [false],
  "open_issues_count": [0],
  "license": {},
  "forks": [1],
  "open_issues": [0],
  "watchers": [46],
  "default_branch": ["master"],
  "permissions": {
    "admin": [false],
    "push": [false],
    "pull": [true]
  }
}
