{
  "id": [125595828],
  "node_id": ["MDEwOlJlcG9zaXRvcnkxMjU1OTU4Mjg="],
  "name": ["ecolog"],
  "full_name": ["isteves/ecolog"],
  "private": [false],
  "owner": {
    "login": ["isteves"],
    "id": [25118334],
    "node_id": ["MDQ6VXNlcjI1MTE4MzM0"],
    "avatar_url": ["https://avatars2.githubusercontent.com/u/25118334?v=4"],
    "gravatar_id": [""],
    "url": ["https://api.github.com/users/isteves"],
    "html_url": ["https://github.com/isteves"],
    "followers_url": ["https://api.github.com/users/isteves/followers"],
    "following_url": ["https://api.github.com/users/isteves/following{/other_user}"],
    "gists_url": ["https://api.github.com/users/isteves/gists{/gist_id}"],
    "starred_url": ["https://api.github.com/users/isteves/starred{/owner}{/repo}"],
    "subscriptions_url": ["https://api.github.com/users/isteves/subscriptions"],
    "organizations_url": ["https://api.github.com/users/isteves/orgs"],
    "repos_url": ["https://api.github.com/users/isteves/repos"],
    "events_url": ["https://api.github.com/users/isteves/events{/privacy}"],
    "received_events_url": ["https://api.github.com/users/isteves/received_events"],
    "type": ["User"],
    "site_admin": [false]
  },
  "html_url": ["https://github.com/isteves/ecolog"],
  "description": {},
  "fork": [false],
  "url": ["https://api.github.com/repos/isteves/ecolog"],
  "forks_url": ["https://api.github.com/repos/isteves/ecolog/forks"],
  "keys_url": ["https://api.github.com/repos/isteves/ecolog/keys{/key_id}"],
  "collaborators_url": ["https://api.github.com/repos/isteves/ecolog/collaborators{/collaborator}"],
  "teams_url": ["https://api.github.com/repos/isteves/ecolog/teams"],
  "hooks_url": ["https://api.github.com/repos/isteves/ecolog/hooks"],
  "issue_events_url": ["https://api.github.com/repos/isteves/ecolog/issues/events{/number}"],
  "events_url": ["https://api.github.com/repos/isteves/ecolog/events"],
  "assignees_url": ["https://api.github.com/repos/isteves/ecolog/assignees{/user}"],
  "branches_url": ["https://api.github.com/repos/isteves/ecolog/branches{/branch}"],
  "tags_url": ["https://api.github.com/repos/isteves/ecolog/tags"],
  "blobs_url": ["https://api.github.com/repos/isteves/ecolog/git/blobs{/sha}"],
  "git_tags_url": ["https://api.github.com/repos/isteves/ecolog/git/tags{/sha}"],
  "git_refs_url": ["https://api.github.com/repos/isteves/ecolog/git/refs{/sha}"],
  "trees_url": ["https://api.github.com/repos/isteves/ecolog/git/trees{/sha}"],
  "statuses_url": ["https://api.github.com/repos/isteves/ecolog/statuses/{sha}"],
  "languages_url": ["https://api.github.com/repos/isteves/ecolog/languages"],
  "stargazers_url": ["https://api.github.com/repos/isteves/ecolog/stargazers"],
  "contributors_url": ["https://api.github.com/repos/isteves/ecolog/contributors"],
  "subscribers_url": ["https://api.github.com/repos/isteves/ecolog/subscribers"],
  "subscription_url": ["https://api.github.com/repos/isteves/ecolog/subscription"],
  "commits_url": ["https://api.github.com/repos/isteves/ecolog/commits{/sha}"],
  "git_commits_url": ["https://api.github.com/repos/isteves/ecolog/git/commits{/sha}"],
  "comments_url": ["https://api.github.com/repos/isteves/ecolog/comments{/number}"],
  "issue_comment_url": ["https://api.github.com/repos/isteves/ecolog/issues/comments{/number}"],
  "contents_url": ["https://api.github.com/repos/isteves/ecolog/contents/{+path}"],
  "compare_url": ["https://api.github.com/repos/isteves/ecolog/compare/{base}...{head}"],
  "merges_url": ["https://api.github.com/repos/isteves/ecolog/merges"],
  "archive_url": ["https://api.github.com/repos/isteves/ecolog/{archive_format}{/ref}"],
  "downloads_url": ["https://api.github.com/repos/isteves/ecolog/downloads"],
  "issues_url": ["https://api.github.com/repos/isteves/ecolog/issues{/number}"],
  "pulls_url": ["https://api.github.com/repos/isteves/ecolog/pulls{/number}"],
  "milestones_url": ["https://api.github.com/repos/isteves/ecolog/milestones{/number}"],
  "notifications_url": ["https://api.github.com/repos/isteves/ecolog/notifications{?since,all,participating}"],
  "labels_url": ["https://api.github.com/repos/isteves/ecolog/labels{/name}"],
  "releases_url": ["https://api.github.com/repos/isteves/ecolog/releases{/id}"],
  "deployments_url": ["https://api.github.com/repos/isteves/ecolog/deployments"],
  "created_at": ["2018-03-17T04:11:10Z"],
  "updated_at": ["2018-05-09T04:00:43Z"],
  "pushed_at": ["2018-05-09T04:00:41Z"],
  "git_url": ["git://github.com/isteves/ecolog.git"],
  "ssh_url": ["git@github.com:isteves/ecolog.git"],
  "clone_url": ["https://github.com/isteves/ecolog.git"],
  "svn_url": ["https://github.com/isteves/ecolog"],
  "homepage": {},
  "size": [12591],
  "stargazers_count": [0],
  "watchers_count": [0],
  "language": ["R"],
  "has_issues": [true],
  "has_projects": [true],
  "has_downloads": [true],
  "has_wiki": [true],
  "has_pages": [true],
  "forks_count": [0],
  "mirror_url": {},
  "archived": [false],
  "open_issues_count": [0],
  "license": {},
  "forks": [0],
  "open_issues": [0],
  "watchers": [0],
  "default_branch": ["master"],
  "permissions": {
    "admin": [false],
    "push": [false],
    "pull": [true]
  }
}
