{
  "id": [137397738],
  "node_id": ["MDEwOlJlcG9zaXRvcnkxMzczOTc3Mzg="],
  "name": ["eml2"],
  "full_name": ["isteves/eml2"],
  "private": [false],
  "owner": {
    "login": ["isteves"],
    "id": [25118334],
    "node_id": ["MDQ6VXNlcjI1MTE4MzM0"],
    "avatar_url": ["https://avatars2.githubusercontent.com/u/25118334?v=4"],
    "gravatar_id": [""],
    "url": ["https://api.github.com/users/isteves"],
    "html_url": ["https://github.com/isteves"],
    "followers_url": ["https://api.github.com/users/isteves/followers"],
    "following_url": ["https://api.github.com/users/isteves/following{/other_user}"],
    "gists_url": ["https://api.github.com/users/isteves/gists{/gist_id}"],
    "starred_url": ["https://api.github.com/users/isteves/starred{/owner}{/repo}"],
    "subscriptions_url": ["https://api.github.com/users/isteves/subscriptions"],
    "organizations_url": ["https://api.github.com/users/isteves/orgs"],
    "repos_url": ["https://api.github.com/users/isteves/repos"],
    "events_url": ["https://api.github.com/users/isteves/events{/privacy}"],
    "received_events_url": ["https://api.github.com/users/isteves/received_events"],
    "type": ["User"],
    "site_admin": [false]
  },
  "html_url": ["https://github.com/isteves/eml2"],
  "description": ["A list-based rewrite of higher-level functions from EML"],
  "fork": [true],
  "url": ["https://api.github.com/repos/isteves/eml2"],
  "forks_url": ["https://api.github.com/repos/isteves/eml2/forks"],
  "keys_url": ["https://api.github.com/repos/isteves/eml2/keys{/key_id}"],
  "collaborators_url": ["https://api.github.com/repos/isteves/eml2/collaborators{/collaborator}"],
  "teams_url": ["https://api.github.com/repos/isteves/eml2/teams"],
  "hooks_url": ["https://api.github.com/repos/isteves/eml2/hooks"],
  "issue_events_url": ["https://api.github.com/repos/isteves/eml2/issues/events{/number}"],
  "events_url": ["https://api.github.com/repos/isteves/eml2/events"],
  "assignees_url": ["https://api.github.com/repos/isteves/eml2/assignees{/user}"],
  "branches_url": ["https://api.github.com/repos/isteves/eml2/branches{/branch}"],
  "tags_url": ["https://api.github.com/repos/isteves/eml2/tags"],
  "blobs_url": ["https://api.github.com/repos/isteves/eml2/git/blobs{/sha}"],
  "git_tags_url": ["https://api.github.com/repos/isteves/eml2/git/tags{/sha}"],
  "git_refs_url": ["https://api.github.com/repos/isteves/eml2/git/refs{/sha}"],
  "trees_url": ["https://api.github.com/repos/isteves/eml2/git/trees{/sha}"],
  "statuses_url": ["https://api.github.com/repos/isteves/eml2/statuses/{sha}"],
  "languages_url": ["https://api.github.com/repos/isteves/eml2/languages"],
  "stargazers_url": ["https://api.github.com/repos/isteves/eml2/stargazers"],
  "contributors_url": ["https://api.github.com/repos/isteves/eml2/contributors"],
  "subscribers_url": ["https://api.github.com/repos/isteves/eml2/subscribers"],
  "subscription_url": ["https://api.github.com/repos/isteves/eml2/subscription"],
  "commits_url": ["https://api.github.com/repos/isteves/eml2/commits{/sha}"],
  "git_commits_url": ["https://api.github.com/repos/isteves/eml2/git/commits{/sha}"],
  "comments_url": ["https://api.github.com/repos/isteves/eml2/comments{/number}"],
  "issue_comment_url": ["https://api.github.com/repos/isteves/eml2/issues/comments{/number}"],
  "contents_url": ["https://api.github.com/repos/isteves/eml2/contents/{+path}"],
  "compare_url": ["https://api.github.com/repos/isteves/eml2/compare/{base}...{head}"],
  "merges_url": ["https://api.github.com/repos/isteves/eml2/merges"],
  "archive_url": ["https://api.github.com/repos/isteves/eml2/{archive_format}{/ref}"],
  "downloads_url": ["https://api.github.com/repos/isteves/eml2/downloads"],
  "issues_url": ["https://api.github.com/repos/isteves/eml2/issues{/number}"],
  "pulls_url": ["https://api.github.com/repos/isteves/eml2/pulls{/number}"],
  "milestones_url": ["https://api.github.com/repos/isteves/eml2/milestones{/number}"],
  "notifications_url": ["https://api.github.com/repos/isteves/eml2/notifications{?since,all,participating}"],
  "labels_url": ["https://api.github.com/repos/isteves/eml2/labels{/name}"],
  "releases_url": ["https://api.github.com/repos/isteves/eml2/releases{/id}"],
  "deployments_url": ["https://api.github.com/repos/isteves/eml2/deployments"],
  "created_at": ["2018-06-14T19:02:36Z"],
  "updated_at": ["2018-06-27T22:03:47Z"],
  "pushed_at": ["2018-06-27T22:03:45Z"],
  "git_url": ["git://github.com/isteves/eml2.git"],
  "ssh_url": ["git@github.com:isteves/eml2.git"],
  "clone_url": ["https://github.com/isteves/eml2.git"],
  "svn_url": ["https://github.com/isteves/eml2"],
  "homepage": {},
  "size": [1715],
  "stargazers_count": [0],
  "watchers_count": [0],
  "language": ["R"],
  "has_issues": [false],
  "has_projects": [true],
  "has_downloads": [true],
  "has_wiki": [true],
  "has_pages": [false],
  "forks_count": [0],
  "mirror_url": {},
  "archived": [false],
  "open_issues_count": [0],
  "license": {
    "key": ["other"],
    "name": ["Other"],
    "spdx_id": ["NOASSERTION"],
    "url": {},
    "node_id": ["MDc6TGljZW5zZTA="]
  },
  "forks": [0],
  "open_issues": [0],
  "watchers": [0],
  "default_branch": ["master"],
  "permissions": {
    "admin": [false],
    "push": [false],
    "pull": [true]
  }
}
