{
  "id": [137239806],
  "node_id": ["MDEwOlJlcG9zaXRvcnkxMzcyMzk4MDY="],
  "name": ["emld"],
  "full_name": ["isteves/emld"],
  "private": [false],
  "owner": {
    "login": ["isteves"],
    "id": [25118334],
    "node_id": ["MDQ6VXNlcjI1MTE4MzM0"],
    "avatar_url": ["https://avatars2.githubusercontent.com/u/25118334?v=4"],
    "gravatar_id": [""],
    "url": ["https://api.github.com/users/isteves"],
    "html_url": ["https://github.com/isteves"],
    "followers_url": ["https://api.github.com/users/isteves/followers"],
    "following_url": ["https://api.github.com/users/isteves/following{/other_user}"],
    "gists_url": ["https://api.github.com/users/isteves/gists{/gist_id}"],
    "starred_url": ["https://api.github.com/users/isteves/starred{/owner}{/repo}"],
    "subscriptions_url": ["https://api.github.com/users/isteves/subscriptions"],
    "organizations_url": ["https://api.github.com/users/isteves/orgs"],
    "repos_url": ["https://api.github.com/users/isteves/repos"],
    "events_url": ["https://api.github.com/users/isteves/events{/privacy}"],
    "received_events_url": ["https://api.github.com/users/isteves/received_events"],
    "type": ["User"],
    "site_admin": [false]
  },
  "html_url": ["https://github.com/isteves/emld"],
  "description": ["JSON-LD representation of EML"],
  "fork": [true],
  "url": ["https://api.github.com/repos/isteves/emld"],
  "forks_url": ["https://api.github.com/repos/isteves/emld/forks"],
  "keys_url": ["https://api.github.com/repos/isteves/emld/keys{/key_id}"],
  "collaborators_url": ["https://api.github.com/repos/isteves/emld/collaborators{/collaborator}"],
  "teams_url": ["https://api.github.com/repos/isteves/emld/teams"],
  "hooks_url": ["https://api.github.com/repos/isteves/emld/hooks"],
  "issue_events_url": ["https://api.github.com/repos/isteves/emld/issues/events{/number}"],
  "events_url": ["https://api.github.com/repos/isteves/emld/events"],
  "assignees_url": ["https://api.github.com/repos/isteves/emld/assignees{/user}"],
  "branches_url": ["https://api.github.com/repos/isteves/emld/branches{/branch}"],
  "tags_url": ["https://api.github.com/repos/isteves/emld/tags"],
  "blobs_url": ["https://api.github.com/repos/isteves/emld/git/blobs{/sha}"],
  "git_tags_url": ["https://api.github.com/repos/isteves/emld/git/tags{/sha}"],
  "git_refs_url": ["https://api.github.com/repos/isteves/emld/git/refs{/sha}"],
  "trees_url": ["https://api.github.com/repos/isteves/emld/git/trees{/sha}"],
  "statuses_url": ["https://api.github.com/repos/isteves/emld/statuses/{sha}"],
  "languages_url": ["https://api.github.com/repos/isteves/emld/languages"],
  "stargazers_url": ["https://api.github.com/repos/isteves/emld/stargazers"],
  "contributors_url": ["https://api.github.com/repos/isteves/emld/contributors"],
  "subscribers_url": ["https://api.github.com/repos/isteves/emld/subscribers"],
  "subscription_url": ["https://api.github.com/repos/isteves/emld/subscription"],
  "commits_url": ["https://api.github.com/repos/isteves/emld/commits{/sha}"],
  "git_commits_url": ["https://api.github.com/repos/isteves/emld/git/commits{/sha}"],
  "comments_url": ["https://api.github.com/repos/isteves/emld/comments{/number}"],
  "issue_comment_url": ["https://api.github.com/repos/isteves/emld/issues/comments{/number}"],
  "contents_url": ["https://api.github.com/repos/isteves/emld/contents/{+path}"],
  "compare_url": ["https://api.github.com/repos/isteves/emld/compare/{base}...{head}"],
  "merges_url": ["https://api.github.com/repos/isteves/emld/merges"],
  "archive_url": ["https://api.github.com/repos/isteves/emld/{archive_format}{/ref}"],
  "downloads_url": ["https://api.github.com/repos/isteves/emld/downloads"],
  "issues_url": ["https://api.github.com/repos/isteves/emld/issues{/number}"],
  "pulls_url": ["https://api.github.com/repos/isteves/emld/pulls{/number}"],
  "milestones_url": ["https://api.github.com/repos/isteves/emld/milestones{/number}"],
  "notifications_url": ["https://api.github.com/repos/isteves/emld/notifications{?since,all,participating}"],
  "labels_url": ["https://api.github.com/repos/isteves/emld/labels{/name}"],
  "releases_url": ["https://api.github.com/repos/isteves/emld/releases{/id}"],
  "deployments_url": ["https://api.github.com/repos/isteves/emld/deployments"],
  "created_at": ["2018-06-13T16:08:35Z"],
  "updated_at": ["2019-02-23T04:03:07Z"],
  "pushed_at": ["2018-06-13T17:07:23Z"],
  "git_url": ["git://github.com/isteves/emld.git"],
  "ssh_url": ["git@github.com:isteves/emld.git"],
  "clone_url": ["https://github.com/isteves/emld.git"],
  "svn_url": ["https://github.com/isteves/emld"],
  "homepage": {},
  "size": [2420],
  "stargazers_count": [0],
  "watchers_count": [0],
  "language": ["R"],
  "has_issues": [false],
  "has_projects": [true],
  "has_downloads": [true],
  "has_wiki": [true],
  "has_pages": [false],
  "forks_count": [0],
  "mirror_url": {},
  "archived": [false],
  "open_issues_count": [0],
  "license": {
    "key": ["other"],
    "name": ["Other"],
    "spdx_id": ["NOASSERTION"],
    "url": {},
    "node_id": ["MDc6TGljZW5zZTA="]
  },
  "forks": [0],
  "open_issues": [0],
  "watchers": [0],
  "default_branch": ["master"],
  "permissions": {
    "admin": [false],
    "push": [false],
    "pull": [true]
  }
}
