{
  "id": [137396850],
  "node_id": ["MDEwOlJlcG9zaXRvcnkxMzczOTY4NTA="],
  "name": ["emlspice"],
  "full_name": ["isteves/emlspice"],
  "private": [false],
  "owner": {
    "login": ["isteves"],
    "id": [25118334],
    "node_id": ["MDQ6VXNlcjI1MTE4MzM0"],
    "avatar_url": ["https://avatars2.githubusercontent.com/u/25118334?v=4"],
    "gravatar_id": [""],
    "url": ["https://api.github.com/users/isteves"],
    "html_url": ["https://github.com/isteves"],
    "followers_url": ["https://api.github.com/users/isteves/followers"],
    "following_url": ["https://api.github.com/users/isteves/following{/other_user}"],
    "gists_url": ["https://api.github.com/users/isteves/gists{/gist_id}"],
    "starred_url": ["https://api.github.com/users/isteves/starred{/owner}{/repo}"],
    "subscriptions_url": ["https://api.github.com/users/isteves/subscriptions"],
    "organizations_url": ["https://api.github.com/users/isteves/orgs"],
    "repos_url": ["https://api.github.com/users/isteves/repos"],
    "events_url": ["https://api.github.com/users/isteves/events{/privacy}"],
    "received_events_url": ["https://api.github.com/users/isteves/received_events"],
    "type": ["User"],
    "site_admin": [false]
  },
  "html_url": ["https://github.com/isteves/emlspice"],
  "description": ["Translate Ecological Metadata Language (EML) into `dataspice` tabular formats"],
  "fork": [false],
  "url": ["https://api.github.com/repos/isteves/emlspice"],
  "forks_url": ["https://api.github.com/repos/isteves/emlspice/forks"],
  "keys_url": ["https://api.github.com/repos/isteves/emlspice/keys{/key_id}"],
  "collaborators_url": ["https://api.github.com/repos/isteves/emlspice/collaborators{/collaborator}"],
  "teams_url": ["https://api.github.com/repos/isteves/emlspice/teams"],
  "hooks_url": ["https://api.github.com/repos/isteves/emlspice/hooks"],
  "issue_events_url": ["https://api.github.com/repos/isteves/emlspice/issues/events{/number}"],
  "events_url": ["https://api.github.com/repos/isteves/emlspice/events"],
  "assignees_url": ["https://api.github.com/repos/isteves/emlspice/assignees{/user}"],
  "branches_url": ["https://api.github.com/repos/isteves/emlspice/branches{/branch}"],
  "tags_url": ["https://api.github.com/repos/isteves/emlspice/tags"],
  "blobs_url": ["https://api.github.com/repos/isteves/emlspice/git/blobs{/sha}"],
  "git_tags_url": ["https://api.github.com/repos/isteves/emlspice/git/tags{/sha}"],
  "git_refs_url": ["https://api.github.com/repos/isteves/emlspice/git/refs{/sha}"],
  "trees_url": ["https://api.github.com/repos/isteves/emlspice/git/trees{/sha}"],
  "statuses_url": ["https://api.github.com/repos/isteves/emlspice/statuses/{sha}"],
  "languages_url": ["https://api.github.com/repos/isteves/emlspice/languages"],
  "stargazers_url": ["https://api.github.com/repos/isteves/emlspice/stargazers"],
  "contributors_url": ["https://api.github.com/repos/isteves/emlspice/contributors"],
  "subscribers_url": ["https://api.github.com/repos/isteves/emlspice/subscribers"],
  "subscription_url": ["https://api.github.com/repos/isteves/emlspice/subscription"],
  "commits_url": ["https://api.github.com/repos/isteves/emlspice/commits{/sha}"],
  "git_commits_url": ["https://api.github.com/repos/isteves/emlspice/git/commits{/sha}"],
  "comments_url": ["https://api.github.com/repos/isteves/emlspice/comments{/number}"],
  "issue_comment_url": ["https://api.github.com/repos/isteves/emlspice/issues/comments{/number}"],
  "contents_url": ["https://api.github.com/repos/isteves/emlspice/contents/{+path}"],
  "compare_url": ["https://api.github.com/repos/isteves/emlspice/compare/{base}...{head}"],
  "merges_url": ["https://api.github.com/repos/isteves/emlspice/merges"],
  "archive_url": ["https://api.github.com/repos/isteves/emlspice/{archive_format}{/ref}"],
  "downloads_url": ["https://api.github.com/repos/isteves/emlspice/downloads"],
  "issues_url": ["https://api.github.com/repos/isteves/emlspice/issues{/number}"],
  "pulls_url": ["https://api.github.com/repos/isteves/emlspice/pulls{/number}"],
  "milestones_url": ["https://api.github.com/repos/isteves/emlspice/milestones{/number}"],
  "notifications_url": ["https://api.github.com/repos/isteves/emlspice/notifications{?since,all,participating}"],
  "labels_url": ["https://api.github.com/repos/isteves/emlspice/labels{/name}"],
  "releases_url": ["https://api.github.com/repos/isteves/emlspice/releases{/id}"],
  "deployments_url": ["https://api.github.com/repos/isteves/emlspice/deployments"],
  "created_at": ["2018-06-14T18:53:17Z"],
  "updated_at": ["2018-07-03T15:50:50Z"],
  "pushed_at": ["2018-06-28T05:35:21Z"],
  "git_url": ["git://github.com/isteves/emlspice.git"],
  "ssh_url": ["git@github.com:isteves/emlspice.git"],
  "clone_url": ["https://github.com/isteves/emlspice.git"],
  "svn_url": ["https://github.com/isteves/emlspice"],
  "homepage": [""],
  "size": [45],
  "stargazers_count": [6],
  "watchers_count": [6],
  "language": ["R"],
  "has_issues": [true],
  "has_projects": [true],
  "has_downloads": [true],
  "has_wiki": [true],
  "has_pages": [false],
  "forks_count": [0],
  "mirror_url": {},
  "archived": [false],
  "open_issues_count": [1],
  "license": {},
  "forks": [0],
  "open_issues": [1],
  "watchers": [6],
  "default_branch": ["master"],
  "permissions": {
    "admin": [false],
    "push": [false],
    "pull": [true]
  }
}
