{
  "id": [147528505],
  "node_id": ["MDEwOlJlcG9zaXRvcnkxNDc1Mjg1MDU="],
  "name": ["errormoji"],
  "full_name": ["isteves/errormoji"],
  "private": [false],
  "owner": {
    "login": ["isteves"],
    "id": [25118334],
    "node_id": ["MDQ6VXNlcjI1MTE4MzM0"],
    "avatar_url": ["https://avatars2.githubusercontent.com/u/25118334?v=4"],
    "gravatar_id": [""],
    "url": ["https://api.github.com/users/isteves"],
    "html_url": ["https://github.com/isteves"],
    "followers_url": ["https://api.github.com/users/isteves/followers"],
    "following_url": ["https://api.github.com/users/isteves/following{/other_user}"],
    "gists_url": ["https://api.github.com/users/isteves/gists{/gist_id}"],
    "starred_url": ["https://api.github.com/users/isteves/starred{/owner}{/repo}"],
    "subscriptions_url": ["https://api.github.com/users/isteves/subscriptions"],
    "organizations_url": ["https://api.github.com/users/isteves/orgs"],
    "repos_url": ["https://api.github.com/users/isteves/repos"],
    "events_url": ["https://api.github.com/users/isteves/events{/privacy}"],
    "received_events_url": ["https://api.github.com/users/isteves/received_events"],
    "type": ["User"],
    "site_admin": [false]
  },
  "html_url": ["https://github.com/isteves/errormoji"],
  "description": ["®️ errors, in emoji"],
  "fork": [true],
  "url": ["https://api.github.com/repos/isteves/errormoji"],
  "forks_url": ["https://api.github.com/repos/isteves/errormoji/forks"],
  "keys_url": ["https://api.github.com/repos/isteves/errormoji/keys{/key_id}"],
  "collaborators_url": ["https://api.github.com/repos/isteves/errormoji/collaborators{/collaborator}"],
  "teams_url": ["https://api.github.com/repos/isteves/errormoji/teams"],
  "hooks_url": ["https://api.github.com/repos/isteves/errormoji/hooks"],
  "issue_events_url": ["https://api.github.com/repos/isteves/errormoji/issues/events{/number}"],
  "events_url": ["https://api.github.com/repos/isteves/errormoji/events"],
  "assignees_url": ["https://api.github.com/repos/isteves/errormoji/assignees{/user}"],
  "branches_url": ["https://api.github.com/repos/isteves/errormoji/branches{/branch}"],
  "tags_url": ["https://api.github.com/repos/isteves/errormoji/tags"],
  "blobs_url": ["https://api.github.com/repos/isteves/errormoji/git/blobs{/sha}"],
  "git_tags_url": ["https://api.github.com/repos/isteves/errormoji/git/tags{/sha}"],
  "git_refs_url": ["https://api.github.com/repos/isteves/errormoji/git/refs{/sha}"],
  "trees_url": ["https://api.github.com/repos/isteves/errormoji/git/trees{/sha}"],
  "statuses_url": ["https://api.github.com/repos/isteves/errormoji/statuses/{sha}"],
  "languages_url": ["https://api.github.com/repos/isteves/errormoji/languages"],
  "stargazers_url": ["https://api.github.com/repos/isteves/errormoji/stargazers"],
  "contributors_url": ["https://api.github.com/repos/isteves/errormoji/contributors"],
  "subscribers_url": ["https://api.github.com/repos/isteves/errormoji/subscribers"],
  "subscription_url": ["https://api.github.com/repos/isteves/errormoji/subscription"],
  "commits_url": ["https://api.github.com/repos/isteves/errormoji/commits{/sha}"],
  "git_commits_url": ["https://api.github.com/repos/isteves/errormoji/git/commits{/sha}"],
  "comments_url": ["https://api.github.com/repos/isteves/errormoji/comments{/number}"],
  "issue_comment_url": ["https://api.github.com/repos/isteves/errormoji/issues/comments{/number}"],
  "contents_url": ["https://api.github.com/repos/isteves/errormoji/contents/{+path}"],
  "compare_url": ["https://api.github.com/repos/isteves/errormoji/compare/{base}...{head}"],
  "merges_url": ["https://api.github.com/repos/isteves/errormoji/merges"],
  "archive_url": ["https://api.github.com/repos/isteves/errormoji/{archive_format}{/ref}"],
  "downloads_url": ["https://api.github.com/repos/isteves/errormoji/downloads"],
  "issues_url": ["https://api.github.com/repos/isteves/errormoji/issues{/number}"],
  "pulls_url": ["https://api.github.com/repos/isteves/errormoji/pulls{/number}"],
  "milestones_url": ["https://api.github.com/repos/isteves/errormoji/milestones{/number}"],
  "notifications_url": ["https://api.github.com/repos/isteves/errormoji/notifications{?since,all,participating}"],
  "labels_url": ["https://api.github.com/repos/isteves/errormoji/labels{/name}"],
  "releases_url": ["https://api.github.com/repos/isteves/errormoji/releases{/id}"],
  "deployments_url": ["https://api.github.com/repos/isteves/errormoji/deployments"],
  "created_at": ["2018-09-05T14:11:06Z"],
  "updated_at": ["2018-09-05T14:32:02Z"],
  "pushed_at": ["2018-09-05T14:32:00Z"],
  "git_url": ["git://github.com/isteves/errormoji.git"],
  "ssh_url": ["git@github.com:isteves/errormoji.git"],
  "clone_url": ["https://github.com/isteves/errormoji.git"],
  "svn_url": ["https://github.com/isteves/errormoji"],
  "homepage": [""],
  "size": [62],
  "stargazers_count": [0],
  "watchers_count": [0],
  "language": {},
  "has_issues": [false],
  "has_projects": [true],
  "has_downloads": [true],
  "has_wiki": [true],
  "has_pages": [false],
  "forks_count": [0],
  "mirror_url": {},
  "archived": [false],
  "open_issues_count": [0],
  "license": {},
  "forks": [0],
  "open_issues": [0],
  "watchers": [0],
  "default_branch": ["master"],
  "permissions": {
    "admin": [false],
    "push": [false],
    "pull": [true]
  }
}
