{
  "id": [148971812],
  "node_id": ["MDEwOlJlcG9zaXRvcnkxNDg5NzE4MTI="],
  "name": ["ghrecipes"],
  "full_name": ["isteves/ghrecipes"],
  "private": [false],
  "owner": {
    "login": ["isteves"],
    "id": [25118334],
    "node_id": ["MDQ6VXNlcjI1MTE4MzM0"],
    "avatar_url": ["https://avatars2.githubusercontent.com/u/25118334?v=4"],
    "gravatar_id": [""],
    "url": ["https://api.github.com/users/isteves"],
    "html_url": ["https://github.com/isteves"],
    "followers_url": ["https://api.github.com/users/isteves/followers"],
    "following_url": ["https://api.github.com/users/isteves/following{/other_user}"],
    "gists_url": ["https://api.github.com/users/isteves/gists{/gist_id}"],
    "starred_url": ["https://api.github.com/users/isteves/starred{/owner}{/repo}"],
    "subscriptions_url": ["https://api.github.com/users/isteves/subscriptions"],
    "organizations_url": ["https://api.github.com/users/isteves/orgs"],
    "repos_url": ["https://api.github.com/users/isteves/repos"],
    "events_url": ["https://api.github.com/users/isteves/events{/privacy}"],
    "received_events_url": ["https://api.github.com/users/isteves/received_events"],
    "type": ["User"],
    "site_admin": [false]
  },
  "html_url": ["https://github.com/isteves/ghrecipes"],
  "description": ["Provides some helper functions for using GitHub V4 API"],
  "fork": [true],
  "url": ["https://api.github.com/repos/isteves/ghrecipes"],
  "forks_url": ["https://api.github.com/repos/isteves/ghrecipes/forks"],
  "keys_url": ["https://api.github.com/repos/isteves/ghrecipes/keys{/key_id}"],
  "collaborators_url": ["https://api.github.com/repos/isteves/ghrecipes/collaborators{/collaborator}"],
  "teams_url": ["https://api.github.com/repos/isteves/ghrecipes/teams"],
  "hooks_url": ["https://api.github.com/repos/isteves/ghrecipes/hooks"],
  "issue_events_url": ["https://api.github.com/repos/isteves/ghrecipes/issues/events{/number}"],
  "events_url": ["https://api.github.com/repos/isteves/ghrecipes/events"],
  "assignees_url": ["https://api.github.com/repos/isteves/ghrecipes/assignees{/user}"],
  "branches_url": ["https://api.github.com/repos/isteves/ghrecipes/branches{/branch}"],
  "tags_url": ["https://api.github.com/repos/isteves/ghrecipes/tags"],
  "blobs_url": ["https://api.github.com/repos/isteves/ghrecipes/git/blobs{/sha}"],
  "git_tags_url": ["https://api.github.com/repos/isteves/ghrecipes/git/tags{/sha}"],
  "git_refs_url": ["https://api.github.com/repos/isteves/ghrecipes/git/refs{/sha}"],
  "trees_url": ["https://api.github.com/repos/isteves/ghrecipes/git/trees{/sha}"],
  "statuses_url": ["https://api.github.com/repos/isteves/ghrecipes/statuses/{sha}"],
  "languages_url": ["https://api.github.com/repos/isteves/ghrecipes/languages"],
  "stargazers_url": ["https://api.github.com/repos/isteves/ghrecipes/stargazers"],
  "contributors_url": ["https://api.github.com/repos/isteves/ghrecipes/contributors"],
  "subscribers_url": ["https://api.github.com/repos/isteves/ghrecipes/subscribers"],
  "subscription_url": ["https://api.github.com/repos/isteves/ghrecipes/subscription"],
  "commits_url": ["https://api.github.com/repos/isteves/ghrecipes/commits{/sha}"],
  "git_commits_url": ["https://api.github.com/repos/isteves/ghrecipes/git/commits{/sha}"],
  "comments_url": ["https://api.github.com/repos/isteves/ghrecipes/comments{/number}"],
  "issue_comment_url": ["https://api.github.com/repos/isteves/ghrecipes/issues/comments{/number}"],
  "contents_url": ["https://api.github.com/repos/isteves/ghrecipes/contents/{+path}"],
  "compare_url": ["https://api.github.com/repos/isteves/ghrecipes/compare/{base}...{head}"],
  "merges_url": ["https://api.github.com/repos/isteves/ghrecipes/merges"],
  "archive_url": ["https://api.github.com/repos/isteves/ghrecipes/{archive_format}{/ref}"],
  "downloads_url": ["https://api.github.com/repos/isteves/ghrecipes/downloads"],
  "issues_url": ["https://api.github.com/repos/isteves/ghrecipes/issues{/number}"],
  "pulls_url": ["https://api.github.com/repos/isteves/ghrecipes/pulls{/number}"],
  "milestones_url": ["https://api.github.com/repos/isteves/ghrecipes/milestones{/number}"],
  "notifications_url": ["https://api.github.com/repos/isteves/ghrecipes/notifications{?since,all,participating}"],
  "labels_url": ["https://api.github.com/repos/isteves/ghrecipes/labels{/name}"],
  "releases_url": ["https://api.github.com/repos/isteves/ghrecipes/releases{/id}"],
  "deployments_url": ["https://api.github.com/repos/isteves/ghrecipes/deployments"],
  "created_at": ["2018-09-16T07:02:39Z"],
  "updated_at": ["2018-10-01T08:02:55Z"],
  "pushed_at": ["2018-10-05T08:57:31Z"],
  "git_url": ["git://github.com/isteves/ghrecipes.git"],
  "ssh_url": ["git@github.com:isteves/ghrecipes.git"],
  "clone_url": ["https://github.com/isteves/ghrecipes.git"],
  "svn_url": ["https://github.com/isteves/ghrecipes"],
  "homepage": [""],
  "size": [60],
  "stargazers_count": [0],
  "watchers_count": [0],
  "language": ["R"],
  "has_issues": [false],
  "has_projects": [true],
  "has_downloads": [true],
  "has_wiki": [true],
  "has_pages": [false],
  "forks_count": [0],
  "mirror_url": {},
  "archived": [false],
  "open_issues_count": [0],
  "license": {
    "key": ["other"],
    "name": ["Other"],
    "spdx_id": ["NOASSERTION"],
    "url": {},
    "node_id": ["MDc6TGljZW5zZTA="]
  },
  "forks": [0],
  "open_issues": [0],
  "watchers": [0],
  "default_branch": ["master"],
  "permissions": {
    "admin": [false],
    "push": [false],
    "pull": [true]
  }
}
