{
  "id": [90246021],
  "node_id": ["MDEwOlJlcG9zaXRvcnk5MDI0NjAyMQ=="],
  "name": ["git_tutorial"],
  "full_name": ["isteves/git_tutorial"],
  "private": [false],
  "owner": {
    "login": ["isteves"],
    "id": [25118334],
    "node_id": ["MDQ6VXNlcjI1MTE4MzM0"],
    "avatar_url": ["https://avatars2.githubusercontent.com/u/25118334?v=4"],
    "gravatar_id": [""],
    "url": ["https://api.github.com/users/isteves"],
    "html_url": ["https://github.com/isteves"],
    "followers_url": ["https://api.github.com/users/isteves/followers"],
    "following_url": ["https://api.github.com/users/isteves/following{/other_user}"],
    "gists_url": ["https://api.github.com/users/isteves/gists{/gist_id}"],
    "starred_url": ["https://api.github.com/users/isteves/starred{/owner}{/repo}"],
    "subscriptions_url": ["https://api.github.com/users/isteves/subscriptions"],
    "organizations_url": ["https://api.github.com/users/isteves/orgs"],
    "repos_url": ["https://api.github.com/users/isteves/repos"],
    "events_url": ["https://api.github.com/users/isteves/events{/privacy}"],
    "received_events_url": ["https://api.github.com/users/isteves/received_events"],
    "type": ["User"],
    "site_admin": [false]
  },
  "html_url": ["https://github.com/isteves/git_tutorial"],
  "description": ["presentation on how to use git"],
  "fork": [true],
  "url": ["https://api.github.com/repos/isteves/git_tutorial"],
  "forks_url": ["https://api.github.com/repos/isteves/git_tutorial/forks"],
  "keys_url": ["https://api.github.com/repos/isteves/git_tutorial/keys{/key_id}"],
  "collaborators_url": ["https://api.github.com/repos/isteves/git_tutorial/collaborators{/collaborator}"],
  "teams_url": ["https://api.github.com/repos/isteves/git_tutorial/teams"],
  "hooks_url": ["https://api.github.com/repos/isteves/git_tutorial/hooks"],
  "issue_events_url": ["https://api.github.com/repos/isteves/git_tutorial/issues/events{/number}"],
  "events_url": ["https://api.github.com/repos/isteves/git_tutorial/events"],
  "assignees_url": ["https://api.github.com/repos/isteves/git_tutorial/assignees{/user}"],
  "branches_url": ["https://api.github.com/repos/isteves/git_tutorial/branches{/branch}"],
  "tags_url": ["https://api.github.com/repos/isteves/git_tutorial/tags"],
  "blobs_url": ["https://api.github.com/repos/isteves/git_tutorial/git/blobs{/sha}"],
  "git_tags_url": ["https://api.github.com/repos/isteves/git_tutorial/git/tags{/sha}"],
  "git_refs_url": ["https://api.github.com/repos/isteves/git_tutorial/git/refs{/sha}"],
  "trees_url": ["https://api.github.com/repos/isteves/git_tutorial/git/trees{/sha}"],
  "statuses_url": ["https://api.github.com/repos/isteves/git_tutorial/statuses/{sha}"],
  "languages_url": ["https://api.github.com/repos/isteves/git_tutorial/languages"],
  "stargazers_url": ["https://api.github.com/repos/isteves/git_tutorial/stargazers"],
  "contributors_url": ["https://api.github.com/repos/isteves/git_tutorial/contributors"],
  "subscribers_url": ["https://api.github.com/repos/isteves/git_tutorial/subscribers"],
  "subscription_url": ["https://api.github.com/repos/isteves/git_tutorial/subscription"],
  "commits_url": ["https://api.github.com/repos/isteves/git_tutorial/commits{/sha}"],
  "git_commits_url": ["https://api.github.com/repos/isteves/git_tutorial/git/commits{/sha}"],
  "comments_url": ["https://api.github.com/repos/isteves/git_tutorial/comments{/number}"],
  "issue_comment_url": ["https://api.github.com/repos/isteves/git_tutorial/issues/comments{/number}"],
  "contents_url": ["https://api.github.com/repos/isteves/git_tutorial/contents/{+path}"],
  "compare_url": ["https://api.github.com/repos/isteves/git_tutorial/compare/{base}...{head}"],
  "merges_url": ["https://api.github.com/repos/isteves/git_tutorial/merges"],
  "archive_url": ["https://api.github.com/repos/isteves/git_tutorial/{archive_format}{/ref}"],
  "downloads_url": ["https://api.github.com/repos/isteves/git_tutorial/downloads"],
  "issues_url": ["https://api.github.com/repos/isteves/git_tutorial/issues{/number}"],
  "pulls_url": ["https://api.github.com/repos/isteves/git_tutorial/pulls{/number}"],
  "milestones_url": ["https://api.github.com/repos/isteves/git_tutorial/milestones{/number}"],
  "notifications_url": ["https://api.github.com/repos/isteves/git_tutorial/notifications{?since,all,participating}"],
  "labels_url": ["https://api.github.com/repos/isteves/git_tutorial/labels{/name}"],
  "releases_url": ["https://api.github.com/repos/isteves/git_tutorial/releases{/id}"],
  "deployments_url": ["https://api.github.com/repos/isteves/git_tutorial/deployments"],
  "created_at": ["2017-05-04T09:33:24Z"],
  "updated_at": ["2017-05-04T09:45:58Z"],
  "pushed_at": ["2017-05-11T09:27:23Z"],
  "git_url": ["git://github.com/isteves/git_tutorial.git"],
  "ssh_url": ["git@github.com:isteves/git_tutorial.git"],
  "clone_url": ["https://github.com/isteves/git_tutorial.git"],
  "svn_url": ["https://github.com/isteves/git_tutorial"],
  "homepage": {},
  "size": [2],
  "stargazers_count": [0],
  "watchers_count": [0],
  "language": ["R"],
  "has_issues": [false],
  "has_projects": [true],
  "has_downloads": [true],
  "has_wiki": [true],
  "has_pages": [false],
  "forks_count": [0],
  "mirror_url": {},
  "archived": [false],
  "open_issues_count": [0],
  "license": {},
  "forks": [0],
  "open_issues": [0],
  "watchers": [0],
  "default_branch": ["master"],
  "permissions": {
    "admin": [false],
    "push": [false],
    "pull": [true]
  }
}
