{
  "id": [129970302],
  "node_id": ["MDEwOlJlcG9zaXRvcnkxMjk5NzAzMDI="],
  "name": ["kableExtra"],
  "full_name": ["isteves/kableExtra"],
  "private": [false],
  "owner": {
    "login": ["isteves"],
    "id": [25118334],
    "node_id": ["MDQ6VXNlcjI1MTE4MzM0"],
    "avatar_url": ["https://avatars2.githubusercontent.com/u/25118334?v=4"],
    "gravatar_id": [""],
    "url": ["https://api.github.com/users/isteves"],
    "html_url": ["https://github.com/isteves"],
    "followers_url": ["https://api.github.com/users/isteves/followers"],
    "following_url": ["https://api.github.com/users/isteves/following{/other_user}"],
    "gists_url": ["https://api.github.com/users/isteves/gists{/gist_id}"],
    "starred_url": ["https://api.github.com/users/isteves/starred{/owner}{/repo}"],
    "subscriptions_url": ["https://api.github.com/users/isteves/subscriptions"],
    "organizations_url": ["https://api.github.com/users/isteves/orgs"],
    "repos_url": ["https://api.github.com/users/isteves/repos"],
    "events_url": ["https://api.github.com/users/isteves/events{/privacy}"],
    "received_events_url": ["https://api.github.com/users/isteves/received_events"],
    "type": ["User"],
    "site_admin": [false]
  },
  "html_url": ["https://github.com/isteves/kableExtra"],
  "description": ["Construct Complex Table with knitr::kable() + pipe"],
  "fork": [true],
  "url": ["https://api.github.com/repos/isteves/kableExtra"],
  "forks_url": ["https://api.github.com/repos/isteves/kableExtra/forks"],
  "keys_url": ["https://api.github.com/repos/isteves/kableExtra/keys{/key_id}"],
  "collaborators_url": ["https://api.github.com/repos/isteves/kableExtra/collaborators{/collaborator}"],
  "teams_url": ["https://api.github.com/repos/isteves/kableExtra/teams"],
  "hooks_url": ["https://api.github.com/repos/isteves/kableExtra/hooks"],
  "issue_events_url": ["https://api.github.com/repos/isteves/kableExtra/issues/events{/number}"],
  "events_url": ["https://api.github.com/repos/isteves/kableExtra/events"],
  "assignees_url": ["https://api.github.com/repos/isteves/kableExtra/assignees{/user}"],
  "branches_url": ["https://api.github.com/repos/isteves/kableExtra/branches{/branch}"],
  "tags_url": ["https://api.github.com/repos/isteves/kableExtra/tags"],
  "blobs_url": ["https://api.github.com/repos/isteves/kableExtra/git/blobs{/sha}"],
  "git_tags_url": ["https://api.github.com/repos/isteves/kableExtra/git/tags{/sha}"],
  "git_refs_url": ["https://api.github.com/repos/isteves/kableExtra/git/refs{/sha}"],
  "trees_url": ["https://api.github.com/repos/isteves/kableExtra/git/trees{/sha}"],
  "statuses_url": ["https://api.github.com/repos/isteves/kableExtra/statuses/{sha}"],
  "languages_url": ["https://api.github.com/repos/isteves/kableExtra/languages"],
  "stargazers_url": ["https://api.github.com/repos/isteves/kableExtra/stargazers"],
  "contributors_url": ["https://api.github.com/repos/isteves/kableExtra/contributors"],
  "subscribers_url": ["https://api.github.com/repos/isteves/kableExtra/subscribers"],
  "subscription_url": ["https://api.github.com/repos/isteves/kableExtra/subscription"],
  "commits_url": ["https://api.github.com/repos/isteves/kableExtra/commits{/sha}"],
  "git_commits_url": ["https://api.github.com/repos/isteves/kableExtra/git/commits{/sha}"],
  "comments_url": ["https://api.github.com/repos/isteves/kableExtra/comments{/number}"],
  "issue_comment_url": ["https://api.github.com/repos/isteves/kableExtra/issues/comments{/number}"],
  "contents_url": ["https://api.github.com/repos/isteves/kableExtra/contents/{+path}"],
  "compare_url": ["https://api.github.com/repos/isteves/kableExtra/compare/{base}...{head}"],
  "merges_url": ["https://api.github.com/repos/isteves/kableExtra/merges"],
  "archive_url": ["https://api.github.com/repos/isteves/kableExtra/{archive_format}{/ref}"],
  "downloads_url": ["https://api.github.com/repos/isteves/kableExtra/downloads"],
  "issues_url": ["https://api.github.com/repos/isteves/kableExtra/issues{/number}"],
  "pulls_url": ["https://api.github.com/repos/isteves/kableExtra/pulls{/number}"],
  "milestones_url": ["https://api.github.com/repos/isteves/kableExtra/milestones{/number}"],
  "notifications_url": ["https://api.github.com/repos/isteves/kableExtra/notifications{?since,all,participating}"],
  "labels_url": ["https://api.github.com/repos/isteves/kableExtra/labels{/name}"],
  "releases_url": ["https://api.github.com/repos/isteves/kableExtra/releases{/id}"],
  "deployments_url": ["https://api.github.com/repos/isteves/kableExtra/deployments"],
  "created_at": ["2018-04-17T22:03:56Z"],
  "updated_at": ["2018-04-18T22:44:38Z"],
  "pushed_at": ["2018-04-17T22:37:52Z"],
  "git_url": ["git://github.com/isteves/kableExtra.git"],
  "ssh_url": ["git@github.com:isteves/kableExtra.git"],
  "clone_url": ["https://github.com/isteves/kableExtra.git"],
  "svn_url": ["https://github.com/isteves/kableExtra"],
  "homepage": ["http://haozhu233.github.io/kableExtra/"],
  "size": [17162],
  "stargazers_count": [1],
  "watchers_count": [1],
  "language": ["R"],
  "has_issues": [false],
  "has_projects": [true],
  "has_downloads": [true],
  "has_wiki": [true],
  "has_pages": [false],
  "forks_count": [0],
  "mirror_url": {},
  "archived": [false],
  "open_issues_count": [0],
  "license": {
    "key": ["other"],
    "name": ["Other"],
    "spdx_id": ["NOASSERTION"],
    "url": {},
    "node_id": ["MDc6TGljZW5zZTA="]
  },
  "forks": [0],
  "open_issues": [0],
  "watchers": [1],
  "default_branch": ["master"],
  "permissions": {
    "admin": [false],
    "push": [false],
    "pull": [true]
  }
}
