{
  "id": [134598998],
  "node_id": ["MDEwOlJlcG9zaXRvcnkxMzQ1OTg5OTg="],
  "name": ["learn-purrr"],
  "full_name": ["isteves/learn-purrr"],
  "private": [false],
  "owner": {
    "login": ["isteves"],
    "id": [25118334],
    "node_id": ["MDQ6VXNlcjI1MTE4MzM0"],
    "avatar_url": ["https://avatars2.githubusercontent.com/u/25118334?v=4"],
    "gravatar_id": [""],
    "url": ["https://api.github.com/users/isteves"],
    "html_url": ["https://github.com/isteves"],
    "followers_url": ["https://api.github.com/users/isteves/followers"],
    "following_url": ["https://api.github.com/users/isteves/following{/other_user}"],
    "gists_url": ["https://api.github.com/users/isteves/gists{/gist_id}"],
    "starred_url": ["https://api.github.com/users/isteves/starred{/owner}{/repo}"],
    "subscriptions_url": ["https://api.github.com/users/isteves/subscriptions"],
    "organizations_url": ["https://api.github.com/users/isteves/orgs"],
    "repos_url": ["https://api.github.com/users/isteves/repos"],
    "events_url": ["https://api.github.com/users/isteves/events{/privacy}"],
    "received_events_url": ["https://api.github.com/users/isteves/received_events"],
    "type": ["User"],
    "site_admin": [false]
  },
  "html_url": ["https://github.com/isteves/learn-purrr"],
  "description": ["Some tools for learning purrr"],
  "fork": [true],
  "url": ["https://api.github.com/repos/isteves/learn-purrr"],
  "forks_url": ["https://api.github.com/repos/isteves/learn-purrr/forks"],
  "keys_url": ["https://api.github.com/repos/isteves/learn-purrr/keys{/key_id}"],
  "collaborators_url": ["https://api.github.com/repos/isteves/learn-purrr/collaborators{/collaborator}"],
  "teams_url": ["https://api.github.com/repos/isteves/learn-purrr/teams"],
  "hooks_url": ["https://api.github.com/repos/isteves/learn-purrr/hooks"],
  "issue_events_url": ["https://api.github.com/repos/isteves/learn-purrr/issues/events{/number}"],
  "events_url": ["https://api.github.com/repos/isteves/learn-purrr/events"],
  "assignees_url": ["https://api.github.com/repos/isteves/learn-purrr/assignees{/user}"],
  "branches_url": ["https://api.github.com/repos/isteves/learn-purrr/branches{/branch}"],
  "tags_url": ["https://api.github.com/repos/isteves/learn-purrr/tags"],
  "blobs_url": ["https://api.github.com/repos/isteves/learn-purrr/git/blobs{/sha}"],
  "git_tags_url": ["https://api.github.com/repos/isteves/learn-purrr/git/tags{/sha}"],
  "git_refs_url": ["https://api.github.com/repos/isteves/learn-purrr/git/refs{/sha}"],
  "trees_url": ["https://api.github.com/repos/isteves/learn-purrr/git/trees{/sha}"],
  "statuses_url": ["https://api.github.com/repos/isteves/learn-purrr/statuses/{sha}"],
  "languages_url": ["https://api.github.com/repos/isteves/learn-purrr/languages"],
  "stargazers_url": ["https://api.github.com/repos/isteves/learn-purrr/stargazers"],
  "contributors_url": ["https://api.github.com/repos/isteves/learn-purrr/contributors"],
  "subscribers_url": ["https://api.github.com/repos/isteves/learn-purrr/subscribers"],
  "subscription_url": ["https://api.github.com/repos/isteves/learn-purrr/subscription"],
  "commits_url": ["https://api.github.com/repos/isteves/learn-purrr/commits{/sha}"],
  "git_commits_url": ["https://api.github.com/repos/isteves/learn-purrr/git/commits{/sha}"],
  "comments_url": ["https://api.github.com/repos/isteves/learn-purrr/comments{/number}"],
  "issue_comment_url": ["https://api.github.com/repos/isteves/learn-purrr/issues/comments{/number}"],
  "contents_url": ["https://api.github.com/repos/isteves/learn-purrr/contents/{+path}"],
  "compare_url": ["https://api.github.com/repos/isteves/learn-purrr/compare/{base}...{head}"],
  "merges_url": ["https://api.github.com/repos/isteves/learn-purrr/merges"],
  "archive_url": ["https://api.github.com/repos/isteves/learn-purrr/{archive_format}{/ref}"],
  "downloads_url": ["https://api.github.com/repos/isteves/learn-purrr/downloads"],
  "issues_url": ["https://api.github.com/repos/isteves/learn-purrr/issues{/number}"],
  "pulls_url": ["https://api.github.com/repos/isteves/learn-purrr/pulls{/number}"],
  "milestones_url": ["https://api.github.com/repos/isteves/learn-purrr/milestones{/number}"],
  "notifications_url": ["https://api.github.com/repos/isteves/learn-purrr/notifications{?since,all,participating}"],
  "labels_url": ["https://api.github.com/repos/isteves/learn-purrr/labels{/name}"],
  "releases_url": ["https://api.github.com/repos/isteves/learn-purrr/releases{/id}"],
  "deployments_url": ["https://api.github.com/repos/isteves/learn-purrr/deployments"],
  "created_at": ["2018-05-23T16:42:12Z"],
  "updated_at": ["2018-05-23T16:42:14Z"],
  "pushed_at": ["2018-05-23T20:36:28Z"],
  "git_url": ["git://github.com/isteves/learn-purrr.git"],
  "ssh_url": ["git@github.com:isteves/learn-purrr.git"],
  "clone_url": ["https://github.com/isteves/learn-purrr.git"],
  "svn_url": ["https://github.com/isteves/learn-purrr"],
  "homepage": {},
  "size": [3956],
  "stargazers_count": [0],
  "watchers_count": [0],
  "language": {},
  "has_issues": [false],
  "has_projects": [true],
  "has_downloads": [true],
  "has_wiki": [true],
  "has_pages": [false],
  "forks_count": [0],
  "mirror_url": {},
  "archived": [false],
  "open_issues_count": [0],
  "license": {
    "key": ["mit"],
    "name": ["MIT License"],
    "spdx_id": ["MIT"],
    "url": ["https://api.github.com/licenses/mit"],
    "node_id": ["MDc6TGljZW5zZTEz"]
  },
  "forks": [0],
  "open_issues": [0],
  "watchers": [0],
  "default_branch": ["master"],
  "permissions": {
    "admin": [false],
    "push": [false],
    "pull": [true]
  }
}
