{
  "id": [135601502],
  "node_id": ["MDEwOlJlcG9zaXRvcnkxMzU2MDE1MDI="],
  "name": ["meetup-presentations_santabarbara"],
  "full_name": ["isteves/meetup-presentations_santabarbara"],
  "private": [false],
  "owner": {
    "login": ["isteves"],
    "id": [25118334],
    "node_id": ["MDQ6VXNlcjI1MTE4MzM0"],
    "avatar_url": ["https://avatars2.githubusercontent.com/u/25118334?v=4"],
    "gravatar_id": [""],
    "url": ["https://api.github.com/users/isteves"],
    "html_url": ["https://github.com/isteves"],
    "followers_url": ["https://api.github.com/users/isteves/followers"],
    "following_url": ["https://api.github.com/users/isteves/following{/other_user}"],
    "gists_url": ["https://api.github.com/users/isteves/gists{/gist_id}"],
    "starred_url": ["https://api.github.com/users/isteves/starred{/owner}{/repo}"],
    "subscriptions_url": ["https://api.github.com/users/isteves/subscriptions"],
    "organizations_url": ["https://api.github.com/users/isteves/orgs"],
    "repos_url": ["https://api.github.com/users/isteves/repos"],
    "events_url": ["https://api.github.com/users/isteves/events{/privacy}"],
    "received_events_url": ["https://api.github.com/users/isteves/received_events"],
    "type": ["User"],
    "site_admin": [false]
  },
  "html_url": ["https://github.com/isteves/meetup-presentations_santabarbara"],
  "description": ["R Ladies Chapter in Santa Barbara, California, USA"],
  "fork": [true],
  "url": ["https://api.github.com/repos/isteves/meetup-presentations_santabarbara"],
  "forks_url": ["https://api.github.com/repos/isteves/meetup-presentations_santabarbara/forks"],
  "keys_url": ["https://api.github.com/repos/isteves/meetup-presentations_santabarbara/keys{/key_id}"],
  "collaborators_url": ["https://api.github.com/repos/isteves/meetup-presentations_santabarbara/collaborators{/collaborator}"],
  "teams_url": ["https://api.github.com/repos/isteves/meetup-presentations_santabarbara/teams"],
  "hooks_url": ["https://api.github.com/repos/isteves/meetup-presentations_santabarbara/hooks"],
  "issue_events_url": ["https://api.github.com/repos/isteves/meetup-presentations_santabarbara/issues/events{/number}"],
  "events_url": ["https://api.github.com/repos/isteves/meetup-presentations_santabarbara/events"],
  "assignees_url": ["https://api.github.com/repos/isteves/meetup-presentations_santabarbara/assignees{/user}"],
  "branches_url": ["https://api.github.com/repos/isteves/meetup-presentations_santabarbara/branches{/branch}"],
  "tags_url": ["https://api.github.com/repos/isteves/meetup-presentations_santabarbara/tags"],
  "blobs_url": ["https://api.github.com/repos/isteves/meetup-presentations_santabarbara/git/blobs{/sha}"],
  "git_tags_url": ["https://api.github.com/repos/isteves/meetup-presentations_santabarbara/git/tags{/sha}"],
  "git_refs_url": ["https://api.github.com/repos/isteves/meetup-presentations_santabarbara/git/refs{/sha}"],
  "trees_url": ["https://api.github.com/repos/isteves/meetup-presentations_santabarbara/git/trees{/sha}"],
  "statuses_url": ["https://api.github.com/repos/isteves/meetup-presentations_santabarbara/statuses/{sha}"],
  "languages_url": ["https://api.github.com/repos/isteves/meetup-presentations_santabarbara/languages"],
  "stargazers_url": ["https://api.github.com/repos/isteves/meetup-presentations_santabarbara/stargazers"],
  "contributors_url": ["https://api.github.com/repos/isteves/meetup-presentations_santabarbara/contributors"],
  "subscribers_url": ["https://api.github.com/repos/isteves/meetup-presentations_santabarbara/subscribers"],
  "subscription_url": ["https://api.github.com/repos/isteves/meetup-presentations_santabarbara/subscription"],
  "commits_url": ["https://api.github.com/repos/isteves/meetup-presentations_santabarbara/commits{/sha}"],
  "git_commits_url": ["https://api.github.com/repos/isteves/meetup-presentations_santabarbara/git/commits{/sha}"],
  "comments_url": ["https://api.github.com/repos/isteves/meetup-presentations_santabarbara/comments{/number}"],
  "issue_comment_url": ["https://api.github.com/repos/isteves/meetup-presentations_santabarbara/issues/comments{/number}"],
  "contents_url": ["https://api.github.com/repos/isteves/meetup-presentations_santabarbara/contents/{+path}"],
  "compare_url": ["https://api.github.com/repos/isteves/meetup-presentations_santabarbara/compare/{base}...{head}"],
  "merges_url": ["https://api.github.com/repos/isteves/meetup-presentations_santabarbara/merges"],
  "archive_url": ["https://api.github.com/repos/isteves/meetup-presentations_santabarbara/{archive_format}{/ref}"],
  "downloads_url": ["https://api.github.com/repos/isteves/meetup-presentations_santabarbara/downloads"],
  "issues_url": ["https://api.github.com/repos/isteves/meetup-presentations_santabarbara/issues{/number}"],
  "pulls_url": ["https://api.github.com/repos/isteves/meetup-presentations_santabarbara/pulls{/number}"],
  "milestones_url": ["https://api.github.com/repos/isteves/meetup-presentations_santabarbara/milestones{/number}"],
  "notifications_url": ["https://api.github.com/repos/isteves/meetup-presentations_santabarbara/notifications{?since,all,participating}"],
  "labels_url": ["https://api.github.com/repos/isteves/meetup-presentations_santabarbara/labels{/name}"],
  "releases_url": ["https://api.github.com/repos/isteves/meetup-presentations_santabarbara/releases{/id}"],
  "deployments_url": ["https://api.github.com/repos/isteves/meetup-presentations_santabarbara/deployments"],
  "created_at": ["2018-05-31T15:22:52Z"],
  "updated_at": ["2018-05-31T15:23:36Z"],
  "pushed_at": ["2018-05-31T15:23:34Z"],
  "git_url": ["git://github.com/isteves/meetup-presentations_santabarbara.git"],
  "ssh_url": ["git@github.com:isteves/meetup-presentations_santabarbara.git"],
  "clone_url": ["https://github.com/isteves/meetup-presentations_santabarbara.git"],
  "svn_url": ["https://github.com/isteves/meetup-presentations_santabarbara"],
  "homepage": {},
  "size": [7121],
  "stargazers_count": [0],
  "watchers_count": [0],
  "language": {},
  "has_issues": [false],
  "has_projects": [true],
  "has_downloads": [true],
  "has_wiki": [true],
  "has_pages": [false],
  "forks_count": [0],
  "mirror_url": {},
  "archived": [false],
  "open_issues_count": [0],
  "license": {
    "key": ["mit"],
    "name": ["MIT License"],
    "spdx_id": ["MIT"],
    "url": ["https://api.github.com/licenses/mit"],
    "node_id": ["MDc6TGljZW5zZTEz"]
  },
  "forks": [0],
  "open_issues": [0],
  "watchers": [0],
  "default_branch": ["master"],
  "permissions": {
    "admin": [false],
    "push": [false],
    "pull": [true]
  }
}
