{
  "id": [137385818],
  "node_id": ["MDEwOlJlcG9zaXRvcnkxMzczODU4MTg="],
  "name": ["metajam"],
  "full_name": ["isteves/metajam"],
  "private": [false],
  "owner": {
    "login": ["isteves"],
    "id": [25118334],
    "node_id": ["MDQ6VXNlcjI1MTE4MzM0"],
    "avatar_url": ["https://avatars2.githubusercontent.com/u/25118334?v=4"],
    "gravatar_id": [""],
    "url": ["https://api.github.com/users/isteves"],
    "html_url": ["https://github.com/isteves"],
    "followers_url": ["https://api.github.com/users/isteves/followers"],
    "following_url": ["https://api.github.com/users/isteves/following{/other_user}"],
    "gists_url": ["https://api.github.com/users/isteves/gists{/gist_id}"],
    "starred_url": ["https://api.github.com/users/isteves/starred{/owner}{/repo}"],
    "subscriptions_url": ["https://api.github.com/users/isteves/subscriptions"],
    "organizations_url": ["https://api.github.com/users/isteves/orgs"],
    "repos_url": ["https://api.github.com/users/isteves/repos"],
    "events_url": ["https://api.github.com/users/isteves/events{/privacy}"],
    "received_events_url": ["https://api.github.com/users/isteves/received_events"],
    "type": ["User"],
    "site_admin": [false]
  },
  "html_url": ["https://github.com/isteves/metajam"],
  "description": ["Bringing data and metadata together"],
  "fork": [true],
  "url": ["https://api.github.com/repos/isteves/metajam"],
  "forks_url": ["https://api.github.com/repos/isteves/metajam/forks"],
  "keys_url": ["https://api.github.com/repos/isteves/metajam/keys{/key_id}"],
  "collaborators_url": ["https://api.github.com/repos/isteves/metajam/collaborators{/collaborator}"],
  "teams_url": ["https://api.github.com/repos/isteves/metajam/teams"],
  "hooks_url": ["https://api.github.com/repos/isteves/metajam/hooks"],
  "issue_events_url": ["https://api.github.com/repos/isteves/metajam/issues/events{/number}"],
  "events_url": ["https://api.github.com/repos/isteves/metajam/events"],
  "assignees_url": ["https://api.github.com/repos/isteves/metajam/assignees{/user}"],
  "branches_url": ["https://api.github.com/repos/isteves/metajam/branches{/branch}"],
  "tags_url": ["https://api.github.com/repos/isteves/metajam/tags"],
  "blobs_url": ["https://api.github.com/repos/isteves/metajam/git/blobs{/sha}"],
  "git_tags_url": ["https://api.github.com/repos/isteves/metajam/git/tags{/sha}"],
  "git_refs_url": ["https://api.github.com/repos/isteves/metajam/git/refs{/sha}"],
  "trees_url": ["https://api.github.com/repos/isteves/metajam/git/trees{/sha}"],
  "statuses_url": ["https://api.github.com/repos/isteves/metajam/statuses/{sha}"],
  "languages_url": ["https://api.github.com/repos/isteves/metajam/languages"],
  "stargazers_url": ["https://api.github.com/repos/isteves/metajam/stargazers"],
  "contributors_url": ["https://api.github.com/repos/isteves/metajam/contributors"],
  "subscribers_url": ["https://api.github.com/repos/isteves/metajam/subscribers"],
  "subscription_url": ["https://api.github.com/repos/isteves/metajam/subscription"],
  "commits_url": ["https://api.github.com/repos/isteves/metajam/commits{/sha}"],
  "git_commits_url": ["https://api.github.com/repos/isteves/metajam/git/commits{/sha}"],
  "comments_url": ["https://api.github.com/repos/isteves/metajam/comments{/number}"],
  "issue_comment_url": ["https://api.github.com/repos/isteves/metajam/issues/comments{/number}"],
  "contents_url": ["https://api.github.com/repos/isteves/metajam/contents/{+path}"],
  "compare_url": ["https://api.github.com/repos/isteves/metajam/compare/{base}...{head}"],
  "merges_url": ["https://api.github.com/repos/isteves/metajam/merges"],
  "archive_url": ["https://api.github.com/repos/isteves/metajam/{archive_format}{/ref}"],
  "downloads_url": ["https://api.github.com/repos/isteves/metajam/downloads"],
  "issues_url": ["https://api.github.com/repos/isteves/metajam/issues{/number}"],
  "pulls_url": ["https://api.github.com/repos/isteves/metajam/pulls{/number}"],
  "milestones_url": ["https://api.github.com/repos/isteves/metajam/milestones{/number}"],
  "notifications_url": ["https://api.github.com/repos/isteves/metajam/notifications{?since,all,participating}"],
  "labels_url": ["https://api.github.com/repos/isteves/metajam/labels{/name}"],
  "releases_url": ["https://api.github.com/repos/isteves/metajam/releases{/id}"],
  "deployments_url": ["https://api.github.com/repos/isteves/metajam/deployments"],
  "created_at": ["2018-06-14T16:57:47Z"],
  "updated_at": ["2018-06-29T17:18:59Z"],
  "pushed_at": ["2018-06-29T17:18:58Z"],
  "git_url": ["git://github.com/isteves/metajam.git"],
  "ssh_url": ["git@github.com:isteves/metajam.git"],
  "clone_url": ["https://github.com/isteves/metajam.git"],
  "svn_url": ["https://github.com/isteves/metajam"],
  "homepage": {},
  "size": [580],
  "stargazers_count": [0],
  "watchers_count": [0],
  "language": ["R"],
  "has_issues": [false],
  "has_projects": [true],
  "has_downloads": [true],
  "has_wiki": [true],
  "has_pages": [false],
  "forks_count": [0],
  "mirror_url": {},
  "archived": [false],
  "open_issues_count": [0],
  "license": {},
  "forks": [0],
  "open_issues": [0],
  "watchers": [0],
  "default_branch": ["master"],
  "permissions": {
    "admin": [false],
    "push": [false],
    "pull": [true]
  }
}
