{
  "id": [144509684],
  "node_id": ["MDEwOlJlcG9zaXRvcnkxNDQ1MDk2ODQ="],
  "name": ["paris"],
  "full_name": ["isteves/paris"],
  "private": [false],
  "owner": {
    "login": ["isteves"],
    "id": [25118334],
    "node_id": ["MDQ6VXNlcjI1MTE4MzM0"],
    "avatar_url": ["https://avatars2.githubusercontent.com/u/25118334?v=4"],
    "gravatar_id": [""],
    "url": ["https://api.github.com/users/isteves"],
    "html_url": ["https://github.com/isteves"],
    "followers_url": ["https://api.github.com/users/isteves/followers"],
    "following_url": ["https://api.github.com/users/isteves/following{/other_user}"],
    "gists_url": ["https://api.github.com/users/isteves/gists{/gist_id}"],
    "starred_url": ["https://api.github.com/users/isteves/starred{/owner}{/repo}"],
    "subscriptions_url": ["https://api.github.com/users/isteves/subscriptions"],
    "organizations_url": ["https://api.github.com/users/isteves/orgs"],
    "repos_url": ["https://api.github.com/users/isteves/repos"],
    "events_url": ["https://api.github.com/users/isteves/events{/privacy}"],
    "received_events_url": ["https://api.github.com/users/isteves/received_events"],
    "type": ["User"],
    "site_admin": [false]
  },
  "html_url": ["https://github.com/isteves/paris"],
  "description": {},
  "fork": [false],
  "url": ["https://api.github.com/repos/isteves/paris"],
  "forks_url": ["https://api.github.com/repos/isteves/paris/forks"],
  "keys_url": ["https://api.github.com/repos/isteves/paris/keys{/key_id}"],
  "collaborators_url": ["https://api.github.com/repos/isteves/paris/collaborators{/collaborator}"],
  "teams_url": ["https://api.github.com/repos/isteves/paris/teams"],
  "hooks_url": ["https://api.github.com/repos/isteves/paris/hooks"],
  "issue_events_url": ["https://api.github.com/repos/isteves/paris/issues/events{/number}"],
  "events_url": ["https://api.github.com/repos/isteves/paris/events"],
  "assignees_url": ["https://api.github.com/repos/isteves/paris/assignees{/user}"],
  "branches_url": ["https://api.github.com/repos/isteves/paris/branches{/branch}"],
  "tags_url": ["https://api.github.com/repos/isteves/paris/tags"],
  "blobs_url": ["https://api.github.com/repos/isteves/paris/git/blobs{/sha}"],
  "git_tags_url": ["https://api.github.com/repos/isteves/paris/git/tags{/sha}"],
  "git_refs_url": ["https://api.github.com/repos/isteves/paris/git/refs{/sha}"],
  "trees_url": ["https://api.github.com/repos/isteves/paris/git/trees{/sha}"],
  "statuses_url": ["https://api.github.com/repos/isteves/paris/statuses/{sha}"],
  "languages_url": ["https://api.github.com/repos/isteves/paris/languages"],
  "stargazers_url": ["https://api.github.com/repos/isteves/paris/stargazers"],
  "contributors_url": ["https://api.github.com/repos/isteves/paris/contributors"],
  "subscribers_url": ["https://api.github.com/repos/isteves/paris/subscribers"],
  "subscription_url": ["https://api.github.com/repos/isteves/paris/subscription"],
  "commits_url": ["https://api.github.com/repos/isteves/paris/commits{/sha}"],
  "git_commits_url": ["https://api.github.com/repos/isteves/paris/git/commits{/sha}"],
  "comments_url": ["https://api.github.com/repos/isteves/paris/comments{/number}"],
  "issue_comment_url": ["https://api.github.com/repos/isteves/paris/issues/comments{/number}"],
  "contents_url": ["https://api.github.com/repos/isteves/paris/contents/{+path}"],
  "compare_url": ["https://api.github.com/repos/isteves/paris/compare/{base}...{head}"],
  "merges_url": ["https://api.github.com/repos/isteves/paris/merges"],
  "archive_url": ["https://api.github.com/repos/isteves/paris/{archive_format}{/ref}"],
  "downloads_url": ["https://api.github.com/repos/isteves/paris/downloads"],
  "issues_url": ["https://api.github.com/repos/isteves/paris/issues{/number}"],
  "pulls_url": ["https://api.github.com/repos/isteves/paris/pulls{/number}"],
  "milestones_url": ["https://api.github.com/repos/isteves/paris/milestones{/number}"],
  "notifications_url": ["https://api.github.com/repos/isteves/paris/notifications{?since,all,participating}"],
  "labels_url": ["https://api.github.com/repos/isteves/paris/labels{/name}"],
  "releases_url": ["https://api.github.com/repos/isteves/paris/releases{/id}"],
  "deployments_url": ["https://api.github.com/repos/isteves/paris/deployments"],
  "created_at": ["2018-08-13T00:04:14Z"],
  "updated_at": ["2019-02-26T15:15:44Z"],
  "pushed_at": ["2018-08-31T21:18:12Z"],
  "git_url": ["git://github.com/isteves/paris.git"],
  "ssh_url": ["git@github.com:isteves/paris.git"],
  "clone_url": ["https://github.com/isteves/paris.git"],
  "svn_url": ["https://github.com/isteves/paris"],
  "homepage": ["https://isteves.github.io/paris/rladies.html#1"],
  "size": [33381],
  "stargazers_count": [0],
  "watchers_count": [0],
  "language": ["CSS"],
  "has_issues": [true],
  "has_projects": [true],
  "has_downloads": [true],
  "has_wiki": [true],
  "has_pages": [true],
  "forks_count": [0],
  "mirror_url": {},
  "archived": [false],
  "open_issues_count": [0],
  "license": {},
  "forks": [0],
  "open_issues": [0],
  "watchers": [0],
  "default_branch": ["master"],
  "permissions": {
    "admin": [false],
    "push": [false],
    "pull": [true]
  }
}
