{
  "id": [143897953],
  "node_id": ["MDEwOlJlcG9zaXRvcnkxNDM4OTc5NTM="],
  "name": ["pkgload"],
  "full_name": ["isteves/pkgload"],
  "private": [false],
  "owner": {
    "login": ["isteves"],
    "id": [25118334],
    "node_id": ["MDQ6VXNlcjI1MTE4MzM0"],
    "avatar_url": ["https://avatars2.githubusercontent.com/u/25118334?v=4"],
    "gravatar_id": [""],
    "url": ["https://api.github.com/users/isteves"],
    "html_url": ["https://github.com/isteves"],
    "followers_url": ["https://api.github.com/users/isteves/followers"],
    "following_url": ["https://api.github.com/users/isteves/following{/other_user}"],
    "gists_url": ["https://api.github.com/users/isteves/gists{/gist_id}"],
    "starred_url": ["https://api.github.com/users/isteves/starred{/owner}{/repo}"],
    "subscriptions_url": ["https://api.github.com/users/isteves/subscriptions"],
    "organizations_url": ["https://api.github.com/users/isteves/orgs"],
    "repos_url": ["https://api.github.com/users/isteves/repos"],
    "events_url": ["https://api.github.com/users/isteves/events{/privacy}"],
    "received_events_url": ["https://api.github.com/users/isteves/received_events"],
    "type": ["User"],
    "site_admin": [false]
  },
  "html_url": ["https://github.com/isteves/pkgload"],
  "description": ["Simulate installing and loading a package"],
  "fork": [true],
  "url": ["https://api.github.com/repos/isteves/pkgload"],
  "forks_url": ["https://api.github.com/repos/isteves/pkgload/forks"],
  "keys_url": ["https://api.github.com/repos/isteves/pkgload/keys{/key_id}"],
  "collaborators_url": ["https://api.github.com/repos/isteves/pkgload/collaborators{/collaborator}"],
  "teams_url": ["https://api.github.com/repos/isteves/pkgload/teams"],
  "hooks_url": ["https://api.github.com/repos/isteves/pkgload/hooks"],
  "issue_events_url": ["https://api.github.com/repos/isteves/pkgload/issues/events{/number}"],
  "events_url": ["https://api.github.com/repos/isteves/pkgload/events"],
  "assignees_url": ["https://api.github.com/repos/isteves/pkgload/assignees{/user}"],
  "branches_url": ["https://api.github.com/repos/isteves/pkgload/branches{/branch}"],
  "tags_url": ["https://api.github.com/repos/isteves/pkgload/tags"],
  "blobs_url": ["https://api.github.com/repos/isteves/pkgload/git/blobs{/sha}"],
  "git_tags_url": ["https://api.github.com/repos/isteves/pkgload/git/tags{/sha}"],
  "git_refs_url": ["https://api.github.com/repos/isteves/pkgload/git/refs{/sha}"],
  "trees_url": ["https://api.github.com/repos/isteves/pkgload/git/trees{/sha}"],
  "statuses_url": ["https://api.github.com/repos/isteves/pkgload/statuses/{sha}"],
  "languages_url": ["https://api.github.com/repos/isteves/pkgload/languages"],
  "stargazers_url": ["https://api.github.com/repos/isteves/pkgload/stargazers"],
  "contributors_url": ["https://api.github.com/repos/isteves/pkgload/contributors"],
  "subscribers_url": ["https://api.github.com/repos/isteves/pkgload/subscribers"],
  "subscription_url": ["https://api.github.com/repos/isteves/pkgload/subscription"],
  "commits_url": ["https://api.github.com/repos/isteves/pkgload/commits{/sha}"],
  "git_commits_url": ["https://api.github.com/repos/isteves/pkgload/git/commits{/sha}"],
  "comments_url": ["https://api.github.com/repos/isteves/pkgload/comments{/number}"],
  "issue_comment_url": ["https://api.github.com/repos/isteves/pkgload/issues/comments{/number}"],
  "contents_url": ["https://api.github.com/repos/isteves/pkgload/contents/{+path}"],
  "compare_url": ["https://api.github.com/repos/isteves/pkgload/compare/{base}...{head}"],
  "merges_url": ["https://api.github.com/repos/isteves/pkgload/merges"],
  "archive_url": ["https://api.github.com/repos/isteves/pkgload/{archive_format}{/ref}"],
  "downloads_url": ["https://api.github.com/repos/isteves/pkgload/downloads"],
  "issues_url": ["https://api.github.com/repos/isteves/pkgload/issues{/number}"],
  "pulls_url": ["https://api.github.com/repos/isteves/pkgload/pulls{/number}"],
  "milestones_url": ["https://api.github.com/repos/isteves/pkgload/milestones{/number}"],
  "notifications_url": ["https://api.github.com/repos/isteves/pkgload/notifications{?since,all,participating}"],
  "labels_url": ["https://api.github.com/repos/isteves/pkgload/labels{/name}"],
  "releases_url": ["https://api.github.com/repos/isteves/pkgload/releases{/id}"],
  "deployments_url": ["https://api.github.com/repos/isteves/pkgload/deployments"],
  "created_at": ["2018-08-07T16:09:40Z"],
  "updated_at": ["2018-08-07T16:13:36Z"],
  "pushed_at": ["2018-08-07T16:13:35Z"],
  "git_url": ["git://github.com/isteves/pkgload.git"],
  "ssh_url": ["git@github.com:isteves/pkgload.git"],
  "clone_url": ["https://github.com/isteves/pkgload.git"],
  "svn_url": ["https://github.com/isteves/pkgload"],
  "homepage": [""],
  "size": [992],
  "stargazers_count": [0],
  "watchers_count": [0],
  "language": ["R"],
  "has_issues": [false],
  "has_projects": [true],
  "has_downloads": [true],
  "has_wiki": [false],
  "has_pages": [false],
  "forks_count": [0],
  "mirror_url": {},
  "archived": [false],
  "open_issues_count": [0],
  "license": {},
  "forks": [0],
  "open_issues": [0],
  "watchers": [0],
  "default_branch": ["master"],
  "permissions": {
    "admin": [false],
    "push": [false],
    "pull": [true]
  }
}
