{
  "id": [151976961],
  "node_id": ["MDEwOlJlcG9zaXRvcnkxNTE5NzY5NjE="],
  "name": ["plumbplumb"],
  "full_name": ["isteves/plumbplumb"],
  "private": [false],
  "owner": {
    "login": ["isteves"],
    "id": [25118334],
    "node_id": ["MDQ6VXNlcjI1MTE4MzM0"],
    "avatar_url": ["https://avatars2.githubusercontent.com/u/25118334?v=4"],
    "gravatar_id": [""],
    "url": ["https://api.github.com/users/isteves"],
    "html_url": ["https://github.com/isteves"],
    "followers_url": ["https://api.github.com/users/isteves/followers"],
    "following_url": ["https://api.github.com/users/isteves/following{/other_user}"],
    "gists_url": ["https://api.github.com/users/isteves/gists{/gist_id}"],
    "starred_url": ["https://api.github.com/users/isteves/starred{/owner}{/repo}"],
    "subscriptions_url": ["https://api.github.com/users/isteves/subscriptions"],
    "organizations_url": ["https://api.github.com/users/isteves/orgs"],
    "repos_url": ["https://api.github.com/users/isteves/repos"],
    "events_url": ["https://api.github.com/users/isteves/events{/privacy}"],
    "received_events_url": ["https://api.github.com/users/isteves/received_events"],
    "type": ["User"],
    "site_admin": [false]
  },
  "html_url": ["https://github.com/isteves/plumbplumb"],
  "description": ["Faster iteration with plumber"],
  "fork": [false],
  "url": ["https://api.github.com/repos/isteves/plumbplumb"],
  "forks_url": ["https://api.github.com/repos/isteves/plumbplumb/forks"],
  "keys_url": ["https://api.github.com/repos/isteves/plumbplumb/keys{/key_id}"],
  "collaborators_url": ["https://api.github.com/repos/isteves/plumbplumb/collaborators{/collaborator}"],
  "teams_url": ["https://api.github.com/repos/isteves/plumbplumb/teams"],
  "hooks_url": ["https://api.github.com/repos/isteves/plumbplumb/hooks"],
  "issue_events_url": ["https://api.github.com/repos/isteves/plumbplumb/issues/events{/number}"],
  "events_url": ["https://api.github.com/repos/isteves/plumbplumb/events"],
  "assignees_url": ["https://api.github.com/repos/isteves/plumbplumb/assignees{/user}"],
  "branches_url": ["https://api.github.com/repos/isteves/plumbplumb/branches{/branch}"],
  "tags_url": ["https://api.github.com/repos/isteves/plumbplumb/tags"],
  "blobs_url": ["https://api.github.com/repos/isteves/plumbplumb/git/blobs{/sha}"],
  "git_tags_url": ["https://api.github.com/repos/isteves/plumbplumb/git/tags{/sha}"],
  "git_refs_url": ["https://api.github.com/repos/isteves/plumbplumb/git/refs{/sha}"],
  "trees_url": ["https://api.github.com/repos/isteves/plumbplumb/git/trees{/sha}"],
  "statuses_url": ["https://api.github.com/repos/isteves/plumbplumb/statuses/{sha}"],
  "languages_url": ["https://api.github.com/repos/isteves/plumbplumb/languages"],
  "stargazers_url": ["https://api.github.com/repos/isteves/plumbplumb/stargazers"],
  "contributors_url": ["https://api.github.com/repos/isteves/plumbplumb/contributors"],
  "subscribers_url": ["https://api.github.com/repos/isteves/plumbplumb/subscribers"],
  "subscription_url": ["https://api.github.com/repos/isteves/plumbplumb/subscription"],
  "commits_url": ["https://api.github.com/repos/isteves/plumbplumb/commits{/sha}"],
  "git_commits_url": ["https://api.github.com/repos/isteves/plumbplumb/git/commits{/sha}"],
  "comments_url": ["https://api.github.com/repos/isteves/plumbplumb/comments{/number}"],
  "issue_comment_url": ["https://api.github.com/repos/isteves/plumbplumb/issues/comments{/number}"],
  "contents_url": ["https://api.github.com/repos/isteves/plumbplumb/contents/{+path}"],
  "compare_url": ["https://api.github.com/repos/isteves/plumbplumb/compare/{base}...{head}"],
  "merges_url": ["https://api.github.com/repos/isteves/plumbplumb/merges"],
  "archive_url": ["https://api.github.com/repos/isteves/plumbplumb/{archive_format}{/ref}"],
  "downloads_url": ["https://api.github.com/repos/isteves/plumbplumb/downloads"],
  "issues_url": ["https://api.github.com/repos/isteves/plumbplumb/issues{/number}"],
  "pulls_url": ["https://api.github.com/repos/isteves/plumbplumb/pulls{/number}"],
  "milestones_url": ["https://api.github.com/repos/isteves/plumbplumb/milestones{/number}"],
  "notifications_url": ["https://api.github.com/repos/isteves/plumbplumb/notifications{?since,all,participating}"],
  "labels_url": ["https://api.github.com/repos/isteves/plumbplumb/labels{/name}"],
  "releases_url": ["https://api.github.com/repos/isteves/plumbplumb/releases{/id}"],
  "deployments_url": ["https://api.github.com/repos/isteves/plumbplumb/deployments"],
  "created_at": ["2018-10-07T19:22:53Z"],
  "updated_at": ["2019-02-22T09:51:41Z"],
  "pushed_at": ["2018-12-23T12:34:45Z"],
  "git_url": ["git://github.com/isteves/plumbplumb.git"],
  "ssh_url": ["git@github.com:isteves/plumbplumb.git"],
  "clone_url": ["https://github.com/isteves/plumbplumb.git"],
  "svn_url": ["https://github.com/isteves/plumbplumb"],
  "homepage": {},
  "size": [354],
  "stargazers_count": [4],
  "watchers_count": [4],
  "language": ["R"],
  "has_issues": [true],
  "has_projects": [true],
  "has_downloads": [true],
  "has_wiki": [true],
  "has_pages": [false],
  "forks_count": [0],
  "mirror_url": {},
  "archived": [false],
  "open_issues_count": [0],
  "license": {},
  "forks": [0],
  "open_issues": [0],
  "watchers": [4],
  "default_branch": ["master"],
  "permissions": {
    "admin": [false],
    "push": [false],
    "pull": [true]
  }
}
