{
  "id": [131677244],
  "node_id": ["MDEwOlJlcG9zaXRvcnkxMzE2NzcyNDQ="],
  "name": ["praise"],
  "full_name": ["isteves/praise"],
  "private": [false],
  "owner": {
    "login": ["isteves"],
    "id": [25118334],
    "node_id": ["MDQ6VXNlcjI1MTE4MzM0"],
    "avatar_url": ["https://avatars2.githubusercontent.com/u/25118334?v=4"],
    "gravatar_id": [""],
    "url": ["https://api.github.com/users/isteves"],
    "html_url": ["https://github.com/isteves"],
    "followers_url": ["https://api.github.com/users/isteves/followers"],
    "following_url": ["https://api.github.com/users/isteves/following{/other_user}"],
    "gists_url": ["https://api.github.com/users/isteves/gists{/gist_id}"],
    "starred_url": ["https://api.github.com/users/isteves/starred{/owner}{/repo}"],
    "subscriptions_url": ["https://api.github.com/users/isteves/subscriptions"],
    "organizations_url": ["https://api.github.com/users/isteves/orgs"],
    "repos_url": ["https://api.github.com/users/isteves/repos"],
    "events_url": ["https://api.github.com/users/isteves/events{/privacy}"],
    "received_events_url": ["https://api.github.com/users/isteves/received_events"],
    "type": ["User"],
    "site_admin": [false]
  },
  "html_url": ["https://github.com/isteves/praise"],
  "description": ["Praise useRs when they have done something good, or when they just need it"],
  "fork": [true],
  "url": ["https://api.github.com/repos/isteves/praise"],
  "forks_url": ["https://api.github.com/repos/isteves/praise/forks"],
  "keys_url": ["https://api.github.com/repos/isteves/praise/keys{/key_id}"],
  "collaborators_url": ["https://api.github.com/repos/isteves/praise/collaborators{/collaborator}"],
  "teams_url": ["https://api.github.com/repos/isteves/praise/teams"],
  "hooks_url": ["https://api.github.com/repos/isteves/praise/hooks"],
  "issue_events_url": ["https://api.github.com/repos/isteves/praise/issues/events{/number}"],
  "events_url": ["https://api.github.com/repos/isteves/praise/events"],
  "assignees_url": ["https://api.github.com/repos/isteves/praise/assignees{/user}"],
  "branches_url": ["https://api.github.com/repos/isteves/praise/branches{/branch}"],
  "tags_url": ["https://api.github.com/repos/isteves/praise/tags"],
  "blobs_url": ["https://api.github.com/repos/isteves/praise/git/blobs{/sha}"],
  "git_tags_url": ["https://api.github.com/repos/isteves/praise/git/tags{/sha}"],
  "git_refs_url": ["https://api.github.com/repos/isteves/praise/git/refs{/sha}"],
  "trees_url": ["https://api.github.com/repos/isteves/praise/git/trees{/sha}"],
  "statuses_url": ["https://api.github.com/repos/isteves/praise/statuses/{sha}"],
  "languages_url": ["https://api.github.com/repos/isteves/praise/languages"],
  "stargazers_url": ["https://api.github.com/repos/isteves/praise/stargazers"],
  "contributors_url": ["https://api.github.com/repos/isteves/praise/contributors"],
  "subscribers_url": ["https://api.github.com/repos/isteves/praise/subscribers"],
  "subscription_url": ["https://api.github.com/repos/isteves/praise/subscription"],
  "commits_url": ["https://api.github.com/repos/isteves/praise/commits{/sha}"],
  "git_commits_url": ["https://api.github.com/repos/isteves/praise/git/commits{/sha}"],
  "comments_url": ["https://api.github.com/repos/isteves/praise/comments{/number}"],
  "issue_comment_url": ["https://api.github.com/repos/isteves/praise/issues/comments{/number}"],
  "contents_url": ["https://api.github.com/repos/isteves/praise/contents/{+path}"],
  "compare_url": ["https://api.github.com/repos/isteves/praise/compare/{base}...{head}"],
  "merges_url": ["https://api.github.com/repos/isteves/praise/merges"],
  "archive_url": ["https://api.github.com/repos/isteves/praise/{archive_format}{/ref}"],
  "downloads_url": ["https://api.github.com/repos/isteves/praise/downloads"],
  "issues_url": ["https://api.github.com/repos/isteves/praise/issues{/number}"],
  "pulls_url": ["https://api.github.com/repos/isteves/praise/pulls{/number}"],
  "milestones_url": ["https://api.github.com/repos/isteves/praise/milestones{/number}"],
  "notifications_url": ["https://api.github.com/repos/isteves/praise/notifications{?since,all,participating}"],
  "labels_url": ["https://api.github.com/repos/isteves/praise/labels{/name}"],
  "releases_url": ["https://api.github.com/repos/isteves/praise/releases{/id}"],
  "deployments_url": ["https://api.github.com/repos/isteves/praise/deployments"],
  "created_at": ["2018-05-01T04:45:20Z"],
  "updated_at": ["2018-05-01T04:45:21Z"],
  "pushed_at": ["2017-12-14T19:48:40Z"],
  "git_url": ["git://github.com/isteves/praise.git"],
  "ssh_url": ["git@github.com:isteves/praise.git"],
  "clone_url": ["https://github.com/isteves/praise.git"],
  "svn_url": ["https://github.com/isteves/praise"],
  "homepage": {},
  "size": [57],
  "stargazers_count": [0],
  "watchers_count": [0],
  "language": ["R"],
  "has_issues": [false],
  "has_projects": [true],
  "has_downloads": [true],
  "has_wiki": [true],
  "has_pages": [false],
  "forks_count": [0],
  "mirror_url": {},
  "archived": [false],
  "open_issues_count": [0],
  "license": {
    "key": ["other"],
    "name": ["Other"],
    "spdx_id": ["NOASSERTION"],
    "url": {},
    "node_id": ["MDc6TGljZW5zZTA="]
  },
  "forks": [0],
  "open_issues": [0],
  "watchers": [0],
  "default_branch": ["master"],
  "permissions": {
    "admin": [false],
    "push": [false],
    "pull": [true]
  }
}
