{
  "id": [128827422],
  "node_id": ["MDEwOlJlcG9zaXRvcnkxMjg4Mjc0MjI="],
  "name": ["r-pkg-intro"],
  "full_name": ["isteves/r-pkg-intro"],
  "private": [false],
  "owner": {
    "login": ["isteves"],
    "id": [25118334],
    "node_id": ["MDQ6VXNlcjI1MTE4MzM0"],
    "avatar_url": ["https://avatars2.githubusercontent.com/u/25118334?v=4"],
    "gravatar_id": [""],
    "url": ["https://api.github.com/users/isteves"],
    "html_url": ["https://github.com/isteves"],
    "followers_url": ["https://api.github.com/users/isteves/followers"],
    "following_url": ["https://api.github.com/users/isteves/following{/other_user}"],
    "gists_url": ["https://api.github.com/users/isteves/gists{/gist_id}"],
    "starred_url": ["https://api.github.com/users/isteves/starred{/owner}{/repo}"],
    "subscriptions_url": ["https://api.github.com/users/isteves/subscriptions"],
    "organizations_url": ["https://api.github.com/users/isteves/orgs"],
    "repos_url": ["https://api.github.com/users/isteves/repos"],
    "events_url": ["https://api.github.com/users/isteves/events{/privacy}"],
    "received_events_url": ["https://api.github.com/users/isteves/received_events"],
    "type": ["User"],
    "site_admin": [false]
  },
  "html_url": ["https://github.com/isteves/r-pkg-intro"],
  "description": ["How to create an R package"],
  "fork": [false],
  "url": ["https://api.github.com/repos/isteves/r-pkg-intro"],
  "forks_url": ["https://api.github.com/repos/isteves/r-pkg-intro/forks"],
  "keys_url": ["https://api.github.com/repos/isteves/r-pkg-intro/keys{/key_id}"],
  "collaborators_url": ["https://api.github.com/repos/isteves/r-pkg-intro/collaborators{/collaborator}"],
  "teams_url": ["https://api.github.com/repos/isteves/r-pkg-intro/teams"],
  "hooks_url": ["https://api.github.com/repos/isteves/r-pkg-intro/hooks"],
  "issue_events_url": ["https://api.github.com/repos/isteves/r-pkg-intro/issues/events{/number}"],
  "events_url": ["https://api.github.com/repos/isteves/r-pkg-intro/events"],
  "assignees_url": ["https://api.github.com/repos/isteves/r-pkg-intro/assignees{/user}"],
  "branches_url": ["https://api.github.com/repos/isteves/r-pkg-intro/branches{/branch}"],
  "tags_url": ["https://api.github.com/repos/isteves/r-pkg-intro/tags"],
  "blobs_url": ["https://api.github.com/repos/isteves/r-pkg-intro/git/blobs{/sha}"],
  "git_tags_url": ["https://api.github.com/repos/isteves/r-pkg-intro/git/tags{/sha}"],
  "git_refs_url": ["https://api.github.com/repos/isteves/r-pkg-intro/git/refs{/sha}"],
  "trees_url": ["https://api.github.com/repos/isteves/r-pkg-intro/git/trees{/sha}"],
  "statuses_url": ["https://api.github.com/repos/isteves/r-pkg-intro/statuses/{sha}"],
  "languages_url": ["https://api.github.com/repos/isteves/r-pkg-intro/languages"],
  "stargazers_url": ["https://api.github.com/repos/isteves/r-pkg-intro/stargazers"],
  "contributors_url": ["https://api.github.com/repos/isteves/r-pkg-intro/contributors"],
  "subscribers_url": ["https://api.github.com/repos/isteves/r-pkg-intro/subscribers"],
  "subscription_url": ["https://api.github.com/repos/isteves/r-pkg-intro/subscription"],
  "commits_url": ["https://api.github.com/repos/isteves/r-pkg-intro/commits{/sha}"],
  "git_commits_url": ["https://api.github.com/repos/isteves/r-pkg-intro/git/commits{/sha}"],
  "comments_url": ["https://api.github.com/repos/isteves/r-pkg-intro/comments{/number}"],
  "issue_comment_url": ["https://api.github.com/repos/isteves/r-pkg-intro/issues/comments{/number}"],
  "contents_url": ["https://api.github.com/repos/isteves/r-pkg-intro/contents/{+path}"],
  "compare_url": ["https://api.github.com/repos/isteves/r-pkg-intro/compare/{base}...{head}"],
  "merges_url": ["https://api.github.com/repos/isteves/r-pkg-intro/merges"],
  "archive_url": ["https://api.github.com/repos/isteves/r-pkg-intro/{archive_format}{/ref}"],
  "downloads_url": ["https://api.github.com/repos/isteves/r-pkg-intro/downloads"],
  "issues_url": ["https://api.github.com/repos/isteves/r-pkg-intro/issues{/number}"],
  "pulls_url": ["https://api.github.com/repos/isteves/r-pkg-intro/pulls{/number}"],
  "milestones_url": ["https://api.github.com/repos/isteves/r-pkg-intro/milestones{/number}"],
  "notifications_url": ["https://api.github.com/repos/isteves/r-pkg-intro/notifications{?since,all,participating}"],
  "labels_url": ["https://api.github.com/repos/isteves/r-pkg-intro/labels{/name}"],
  "releases_url": ["https://api.github.com/repos/isteves/r-pkg-intro/releases{/id}"],
  "deployments_url": ["https://api.github.com/repos/isteves/r-pkg-intro/deployments"],
  "created_at": ["2018-04-09T20:05:51Z"],
  "updated_at": ["2018-11-15T05:01:47Z"],
  "pushed_at": ["2018-08-17T06:30:58Z"],
  "git_url": ["git://github.com/isteves/r-pkg-intro.git"],
  "ssh_url": ["git@github.com:isteves/r-pkg-intro.git"],
  "clone_url": ["https://github.com/isteves/r-pkg-intro.git"],
  "svn_url": ["https://github.com/isteves/r-pkg-intro"],
  "homepage": ["https://isteves.github.io/r-pkg-intro/Presentation.html"],
  "size": [3051],
  "stargazers_count": [22],
  "watchers_count": [22],
  "language": ["R"],
  "has_issues": [true],
  "has_projects": [true],
  "has_downloads": [true],
  "has_wiki": [true],
  "has_pages": [true],
  "forks_count": [9],
  "mirror_url": {},
  "archived": [false],
  "open_issues_count": [1],
  "license": {},
  "forks": [9],
  "open_issues": [1],
  "watchers": [22],
  "default_branch": ["master"],
  "permissions": {
    "admin": [false],
    "push": [false],
    "pull": [true]
  }
}
