{
  "id": [141302997],
  "node_id": ["MDEwOlJlcG9zaXRvcnkxNDEzMDI5OTc="],
  "name": ["rcorpora"],
  "full_name": ["isteves/rcorpora"],
  "private": [false],
  "owner": {
    "login": ["isteves"],
    "id": [25118334],
    "node_id": ["MDQ6VXNlcjI1MTE4MzM0"],
    "avatar_url": ["https://avatars2.githubusercontent.com/u/25118334?v=4"],
    "gravatar_id": [""],
    "url": ["https://api.github.com/users/isteves"],
    "html_url": ["https://github.com/isteves"],
    "followers_url": ["https://api.github.com/users/isteves/followers"],
    "following_url": ["https://api.github.com/users/isteves/following{/other_user}"],
    "gists_url": ["https://api.github.com/users/isteves/gists{/gist_id}"],
    "starred_url": ["https://api.github.com/users/isteves/starred{/owner}{/repo}"],
    "subscriptions_url": ["https://api.github.com/users/isteves/subscriptions"],
    "organizations_url": ["https://api.github.com/users/isteves/orgs"],
    "repos_url": ["https://api.github.com/users/isteves/repos"],
    "events_url": ["https://api.github.com/users/isteves/events{/privacy}"],
    "received_events_url": ["https://api.github.com/users/isteves/received_events"],
    "type": ["User"],
    "site_admin": [false]
  },
  "html_url": ["https://github.com/isteves/rcorpora"],
  "description": ["R package with a collection of small corpuses of interesting data, from https://github.com/dariusk/corpora"],
  "fork": [true],
  "url": ["https://api.github.com/repos/isteves/rcorpora"],
  "forks_url": ["https://api.github.com/repos/isteves/rcorpora/forks"],
  "keys_url": ["https://api.github.com/repos/isteves/rcorpora/keys{/key_id}"],
  "collaborators_url": ["https://api.github.com/repos/isteves/rcorpora/collaborators{/collaborator}"],
  "teams_url": ["https://api.github.com/repos/isteves/rcorpora/teams"],
  "hooks_url": ["https://api.github.com/repos/isteves/rcorpora/hooks"],
  "issue_events_url": ["https://api.github.com/repos/isteves/rcorpora/issues/events{/number}"],
  "events_url": ["https://api.github.com/repos/isteves/rcorpora/events"],
  "assignees_url": ["https://api.github.com/repos/isteves/rcorpora/assignees{/user}"],
  "branches_url": ["https://api.github.com/repos/isteves/rcorpora/branches{/branch}"],
  "tags_url": ["https://api.github.com/repos/isteves/rcorpora/tags"],
  "blobs_url": ["https://api.github.com/repos/isteves/rcorpora/git/blobs{/sha}"],
  "git_tags_url": ["https://api.github.com/repos/isteves/rcorpora/git/tags{/sha}"],
  "git_refs_url": ["https://api.github.com/repos/isteves/rcorpora/git/refs{/sha}"],
  "trees_url": ["https://api.github.com/repos/isteves/rcorpora/git/trees{/sha}"],
  "statuses_url": ["https://api.github.com/repos/isteves/rcorpora/statuses/{sha}"],
  "languages_url": ["https://api.github.com/repos/isteves/rcorpora/languages"],
  "stargazers_url": ["https://api.github.com/repos/isteves/rcorpora/stargazers"],
  "contributors_url": ["https://api.github.com/repos/isteves/rcorpora/contributors"],
  "subscribers_url": ["https://api.github.com/repos/isteves/rcorpora/subscribers"],
  "subscription_url": ["https://api.github.com/repos/isteves/rcorpora/subscription"],
  "commits_url": ["https://api.github.com/repos/isteves/rcorpora/commits{/sha}"],
  "git_commits_url": ["https://api.github.com/repos/isteves/rcorpora/git/commits{/sha}"],
  "comments_url": ["https://api.github.com/repos/isteves/rcorpora/comments{/number}"],
  "issue_comment_url": ["https://api.github.com/repos/isteves/rcorpora/issues/comments{/number}"],
  "contents_url": ["https://api.github.com/repos/isteves/rcorpora/contents/{+path}"],
  "compare_url": ["https://api.github.com/repos/isteves/rcorpora/compare/{base}...{head}"],
  "merges_url": ["https://api.github.com/repos/isteves/rcorpora/merges"],
  "archive_url": ["https://api.github.com/repos/isteves/rcorpora/{archive_format}{/ref}"],
  "downloads_url": ["https://api.github.com/repos/isteves/rcorpora/downloads"],
  "issues_url": ["https://api.github.com/repos/isteves/rcorpora/issues{/number}"],
  "pulls_url": ["https://api.github.com/repos/isteves/rcorpora/pulls{/number}"],
  "milestones_url": ["https://api.github.com/repos/isteves/rcorpora/milestones{/number}"],
  "notifications_url": ["https://api.github.com/repos/isteves/rcorpora/notifications{?since,all,participating}"],
  "labels_url": ["https://api.github.com/repos/isteves/rcorpora/labels{/name}"],
  "releases_url": ["https://api.github.com/repos/isteves/rcorpora/releases{/id}"],
  "deployments_url": ["https://api.github.com/repos/isteves/rcorpora/deployments"],
  "created_at": ["2018-07-17T14:41:53Z"],
  "updated_at": ["2018-07-17T14:47:16Z"],
  "pushed_at": ["2018-07-17T14:47:14Z"],
  "git_url": ["git://github.com/isteves/rcorpora.git"],
  "ssh_url": ["git@github.com:isteves/rcorpora.git"],
  "clone_url": ["https://github.com/isteves/rcorpora.git"],
  "svn_url": ["https://github.com/isteves/rcorpora"],
  "homepage": {},
  "size": [1168],
  "stargazers_count": [0],
  "watchers_count": [0],
  "language": ["R"],
  "has_issues": [false],
  "has_projects": [true],
  "has_downloads": [true],
  "has_wiki": [true],
  "has_pages": [false],
  "forks_count": [0],
  "mirror_url": {},
  "archived": [false],
  "open_issues_count": [0],
  "license": {},
  "forks": [0],
  "open_issues": [0],
  "watchers": [0],
  "default_branch": ["master"],
  "permissions": {
    "admin": [false],
    "push": [false],
    "pull": [true]
  }
}
