{
  "id": [132929518],
  "node_id": ["MDEwOlJlcG9zaXRvcnkxMzI5Mjk1MTg="],
  "name": ["rdataone"],
  "full_name": ["isteves/rdataone"],
  "private": [false],
  "owner": {
    "login": ["isteves"],
    "id": [25118334],
    "node_id": ["MDQ6VXNlcjI1MTE4MzM0"],
    "avatar_url": ["https://avatars2.githubusercontent.com/u/25118334?v=4"],
    "gravatar_id": [""],
    "url": ["https://api.github.com/users/isteves"],
    "html_url": ["https://github.com/isteves"],
    "followers_url": ["https://api.github.com/users/isteves/followers"],
    "following_url": ["https://api.github.com/users/isteves/following{/other_user}"],
    "gists_url": ["https://api.github.com/users/isteves/gists{/gist_id}"],
    "starred_url": ["https://api.github.com/users/isteves/starred{/owner}{/repo}"],
    "subscriptions_url": ["https://api.github.com/users/isteves/subscriptions"],
    "organizations_url": ["https://api.github.com/users/isteves/orgs"],
    "repos_url": ["https://api.github.com/users/isteves/repos"],
    "events_url": ["https://api.github.com/users/isteves/events{/privacy}"],
    "received_events_url": ["https://api.github.com/users/isteves/received_events"],
    "type": ["User"],
    "site_admin": [false]
  },
  "html_url": ["https://github.com/isteves/rdataone"],
  "description": ["R package for reading and writing data at DataONE data repositories"],
  "fork": [true],
  "url": ["https://api.github.com/repos/isteves/rdataone"],
  "forks_url": ["https://api.github.com/repos/isteves/rdataone/forks"],
  "keys_url": ["https://api.github.com/repos/isteves/rdataone/keys{/key_id}"],
  "collaborators_url": ["https://api.github.com/repos/isteves/rdataone/collaborators{/collaborator}"],
  "teams_url": ["https://api.github.com/repos/isteves/rdataone/teams"],
  "hooks_url": ["https://api.github.com/repos/isteves/rdataone/hooks"],
  "issue_events_url": ["https://api.github.com/repos/isteves/rdataone/issues/events{/number}"],
  "events_url": ["https://api.github.com/repos/isteves/rdataone/events"],
  "assignees_url": ["https://api.github.com/repos/isteves/rdataone/assignees{/user}"],
  "branches_url": ["https://api.github.com/repos/isteves/rdataone/branches{/branch}"],
  "tags_url": ["https://api.github.com/repos/isteves/rdataone/tags"],
  "blobs_url": ["https://api.github.com/repos/isteves/rdataone/git/blobs{/sha}"],
  "git_tags_url": ["https://api.github.com/repos/isteves/rdataone/git/tags{/sha}"],
  "git_refs_url": ["https://api.github.com/repos/isteves/rdataone/git/refs{/sha}"],
  "trees_url": ["https://api.github.com/repos/isteves/rdataone/git/trees{/sha}"],
  "statuses_url": ["https://api.github.com/repos/isteves/rdataone/statuses/{sha}"],
  "languages_url": ["https://api.github.com/repos/isteves/rdataone/languages"],
  "stargazers_url": ["https://api.github.com/repos/isteves/rdataone/stargazers"],
  "contributors_url": ["https://api.github.com/repos/isteves/rdataone/contributors"],
  "subscribers_url": ["https://api.github.com/repos/isteves/rdataone/subscribers"],
  "subscription_url": ["https://api.github.com/repos/isteves/rdataone/subscription"],
  "commits_url": ["https://api.github.com/repos/isteves/rdataone/commits{/sha}"],
  "git_commits_url": ["https://api.github.com/repos/isteves/rdataone/git/commits{/sha}"],
  "comments_url": ["https://api.github.com/repos/isteves/rdataone/comments{/number}"],
  "issue_comment_url": ["https://api.github.com/repos/isteves/rdataone/issues/comments{/number}"],
  "contents_url": ["https://api.github.com/repos/isteves/rdataone/contents/{+path}"],
  "compare_url": ["https://api.github.com/repos/isteves/rdataone/compare/{base}...{head}"],
  "merges_url": ["https://api.github.com/repos/isteves/rdataone/merges"],
  "archive_url": ["https://api.github.com/repos/isteves/rdataone/{archive_format}{/ref}"],
  "downloads_url": ["https://api.github.com/repos/isteves/rdataone/downloads"],
  "issues_url": ["https://api.github.com/repos/isteves/rdataone/issues{/number}"],
  "pulls_url": ["https://api.github.com/repos/isteves/rdataone/pulls{/number}"],
  "milestones_url": ["https://api.github.com/repos/isteves/rdataone/milestones{/number}"],
  "notifications_url": ["https://api.github.com/repos/isteves/rdataone/notifications{?since,all,participating}"],
  "labels_url": ["https://api.github.com/repos/isteves/rdataone/labels{/name}"],
  "releases_url": ["https://api.github.com/repos/isteves/rdataone/releases{/id}"],
  "deployments_url": ["https://api.github.com/repos/isteves/rdataone/deployments"],
  "created_at": ["2018-05-10T16:53:36Z"],
  "updated_at": ["2018-06-22T23:49:55Z"],
  "pushed_at": ["2018-06-22T23:49:52Z"],
  "git_url": ["git://github.com/isteves/rdataone.git"],
  "ssh_url": ["git@github.com:isteves/rdataone.git"],
  "clone_url": ["https://github.com/isteves/rdataone.git"],
  "svn_url": ["https://github.com/isteves/rdataone"],
  "homepage": ["http://releases.dataone.org/online/dataone_r/"],
  "size": [19325],
  "stargazers_count": [0],
  "watchers_count": [0],
  "language": ["R"],
  "has_issues": [false],
  "has_projects": [true],
  "has_downloads": [true],
  "has_wiki": [false],
  "has_pages": [false],
  "forks_count": [0],
  "mirror_url": {},
  "archived": [false],
  "open_issues_count": [0],
  "license": {},
  "forks": [0],
  "open_issues": [0],
  "watchers": [0],
  "default_branch": ["master"],
  "permissions": {
    "admin": [false],
    "push": [false],
    "pull": [true]
  }
}
