{
  "id": [154517845],
  "node_id": ["MDEwOlJlcG9zaXRvcnkxNTQ1MTc4NDU="],
  "name": ["reprex-data"],
  "full_name": ["isteves/reprex-data"],
  "private": [false],
  "owner": {
    "login": ["isteves"],
    "id": [25118334],
    "node_id": ["MDQ6VXNlcjI1MTE4MzM0"],
    "avatar_url": ["https://avatars2.githubusercontent.com/u/25118334?v=4"],
    "gravatar_id": [""],
    "url": ["https://api.github.com/users/isteves"],
    "html_url": ["https://github.com/isteves"],
    "followers_url": ["https://api.github.com/users/isteves/followers"],
    "following_url": ["https://api.github.com/users/isteves/following{/other_user}"],
    "gists_url": ["https://api.github.com/users/isteves/gists{/gist_id}"],
    "starred_url": ["https://api.github.com/users/isteves/starred{/owner}{/repo}"],
    "subscriptions_url": ["https://api.github.com/users/isteves/subscriptions"],
    "organizations_url": ["https://api.github.com/users/isteves/orgs"],
    "repos_url": ["https://api.github.com/users/isteves/repos"],
    "events_url": ["https://api.github.com/users/isteves/events{/privacy}"],
    "received_events_url": ["https://api.github.com/users/isteves/received_events"],
    "type": ["User"],
    "site_admin": [false]
  },
  "html_url": ["https://github.com/isteves/reprex-data"],
  "description": {},
  "fork": [false],
  "url": ["https://api.github.com/repos/isteves/reprex-data"],
  "forks_url": ["https://api.github.com/repos/isteves/reprex-data/forks"],
  "keys_url": ["https://api.github.com/repos/isteves/reprex-data/keys{/key_id}"],
  "collaborators_url": ["https://api.github.com/repos/isteves/reprex-data/collaborators{/collaborator}"],
  "teams_url": ["https://api.github.com/repos/isteves/reprex-data/teams"],
  "hooks_url": ["https://api.github.com/repos/isteves/reprex-data/hooks"],
  "issue_events_url": ["https://api.github.com/repos/isteves/reprex-data/issues/events{/number}"],
  "events_url": ["https://api.github.com/repos/isteves/reprex-data/events"],
  "assignees_url": ["https://api.github.com/repos/isteves/reprex-data/assignees{/user}"],
  "branches_url": ["https://api.github.com/repos/isteves/reprex-data/branches{/branch}"],
  "tags_url": ["https://api.github.com/repos/isteves/reprex-data/tags"],
  "blobs_url": ["https://api.github.com/repos/isteves/reprex-data/git/blobs{/sha}"],
  "git_tags_url": ["https://api.github.com/repos/isteves/reprex-data/git/tags{/sha}"],
  "git_refs_url": ["https://api.github.com/repos/isteves/reprex-data/git/refs{/sha}"],
  "trees_url": ["https://api.github.com/repos/isteves/reprex-data/git/trees{/sha}"],
  "statuses_url": ["https://api.github.com/repos/isteves/reprex-data/statuses/{sha}"],
  "languages_url": ["https://api.github.com/repos/isteves/reprex-data/languages"],
  "stargazers_url": ["https://api.github.com/repos/isteves/reprex-data/stargazers"],
  "contributors_url": ["https://api.github.com/repos/isteves/reprex-data/contributors"],
  "subscribers_url": ["https://api.github.com/repos/isteves/reprex-data/subscribers"],
  "subscription_url": ["https://api.github.com/repos/isteves/reprex-data/subscription"],
  "commits_url": ["https://api.github.com/repos/isteves/reprex-data/commits{/sha}"],
  "git_commits_url": ["https://api.github.com/repos/isteves/reprex-data/git/commits{/sha}"],
  "comments_url": ["https://api.github.com/repos/isteves/reprex-data/comments{/number}"],
  "issue_comment_url": ["https://api.github.com/repos/isteves/reprex-data/issues/comments{/number}"],
  "contents_url": ["https://api.github.com/repos/isteves/reprex-data/contents/{+path}"],
  "compare_url": ["https://api.github.com/repos/isteves/reprex-data/compare/{base}...{head}"],
  "merges_url": ["https://api.github.com/repos/isteves/reprex-data/merges"],
  "archive_url": ["https://api.github.com/repos/isteves/reprex-data/{archive_format}{/ref}"],
  "downloads_url": ["https://api.github.com/repos/isteves/reprex-data/downloads"],
  "issues_url": ["https://api.github.com/repos/isteves/reprex-data/issues{/number}"],
  "pulls_url": ["https://api.github.com/repos/isteves/reprex-data/pulls{/number}"],
  "milestones_url": ["https://api.github.com/repos/isteves/reprex-data/milestones{/number}"],
  "notifications_url": ["https://api.github.com/repos/isteves/reprex-data/notifications{?since,all,participating}"],
  "labels_url": ["https://api.github.com/repos/isteves/reprex-data/labels{/name}"],
  "releases_url": ["https://api.github.com/repos/isteves/reprex-data/releases{/id}"],
  "deployments_url": ["https://api.github.com/repos/isteves/reprex-data/deployments"],
  "created_at": ["2018-10-24T14:42:30Z"],
  "updated_at": ["2018-10-24T14:53:59Z"],
  "pushed_at": ["2018-10-24T14:53:57Z"],
  "git_url": ["git://github.com/isteves/reprex-data.git"],
  "ssh_url": ["git@github.com:isteves/reprex-data.git"],
  "clone_url": ["https://github.com/isteves/reprex-data.git"],
  "svn_url": ["https://github.com/isteves/reprex-data"],
  "homepage": {},
  "size": [0],
  "stargazers_count": [0],
  "watchers_count": [0],
  "language": {},
  "has_issues": [true],
  "has_projects": [true],
  "has_downloads": [true],
  "has_wiki": [true],
  "has_pages": [false],
  "forks_count": [0],
  "mirror_url": {},
  "archived": [false],
  "open_issues_count": [0],
  "license": {},
  "forks": [0],
  "open_issues": [0],
  "watchers": [0],
  "default_branch": ["master"],
  "permissions": {
    "admin": [false],
    "push": [false],
    "pull": [true]
  }
}
