{
  "id": [127234474],
  "node_id": ["MDEwOlJlcG9zaXRvcnkxMjcyMzQ0NzQ="],
  "name": ["resume"],
  "full_name": ["isteves/resume"],
  "private": [false],
  "owner": {
    "login": ["isteves"],
    "id": [25118334],
    "node_id": ["MDQ6VXNlcjI1MTE4MzM0"],
    "avatar_url": ["https://avatars2.githubusercontent.com/u/25118334?v=4"],
    "gravatar_id": [""],
    "url": ["https://api.github.com/users/isteves"],
    "html_url": ["https://github.com/isteves"],
    "followers_url": ["https://api.github.com/users/isteves/followers"],
    "following_url": ["https://api.github.com/users/isteves/following{/other_user}"],
    "gists_url": ["https://api.github.com/users/isteves/gists{/gist_id}"],
    "starred_url": ["https://api.github.com/users/isteves/starred{/owner}{/repo}"],
    "subscriptions_url": ["https://api.github.com/users/isteves/subscriptions"],
    "organizations_url": ["https://api.github.com/users/isteves/orgs"],
    "repos_url": ["https://api.github.com/users/isteves/repos"],
    "events_url": ["https://api.github.com/users/isteves/events{/privacy}"],
    "received_events_url": ["https://api.github.com/users/isteves/received_events"],
    "type": ["User"],
    "site_admin": [false]
  },
  "html_url": ["https://github.com/isteves/resume"],
  "description": ["Resume/CV template using RMarkdown and LaTeX"],
  "fork": [false],
  "url": ["https://api.github.com/repos/isteves/resume"],
  "forks_url": ["https://api.github.com/repos/isteves/resume/forks"],
  "keys_url": ["https://api.github.com/repos/isteves/resume/keys{/key_id}"],
  "collaborators_url": ["https://api.github.com/repos/isteves/resume/collaborators{/collaborator}"],
  "teams_url": ["https://api.github.com/repos/isteves/resume/teams"],
  "hooks_url": ["https://api.github.com/repos/isteves/resume/hooks"],
  "issue_events_url": ["https://api.github.com/repos/isteves/resume/issues/events{/number}"],
  "events_url": ["https://api.github.com/repos/isteves/resume/events"],
  "assignees_url": ["https://api.github.com/repos/isteves/resume/assignees{/user}"],
  "branches_url": ["https://api.github.com/repos/isteves/resume/branches{/branch}"],
  "tags_url": ["https://api.github.com/repos/isteves/resume/tags"],
  "blobs_url": ["https://api.github.com/repos/isteves/resume/git/blobs{/sha}"],
  "git_tags_url": ["https://api.github.com/repos/isteves/resume/git/tags{/sha}"],
  "git_refs_url": ["https://api.github.com/repos/isteves/resume/git/refs{/sha}"],
  "trees_url": ["https://api.github.com/repos/isteves/resume/git/trees{/sha}"],
  "statuses_url": ["https://api.github.com/repos/isteves/resume/statuses/{sha}"],
  "languages_url": ["https://api.github.com/repos/isteves/resume/languages"],
  "stargazers_url": ["https://api.github.com/repos/isteves/resume/stargazers"],
  "contributors_url": ["https://api.github.com/repos/isteves/resume/contributors"],
  "subscribers_url": ["https://api.github.com/repos/isteves/resume/subscribers"],
  "subscription_url": ["https://api.github.com/repos/isteves/resume/subscription"],
  "commits_url": ["https://api.github.com/repos/isteves/resume/commits{/sha}"],
  "git_commits_url": ["https://api.github.com/repos/isteves/resume/git/commits{/sha}"],
  "comments_url": ["https://api.github.com/repos/isteves/resume/comments{/number}"],
  "issue_comment_url": ["https://api.github.com/repos/isteves/resume/issues/comments{/number}"],
  "contents_url": ["https://api.github.com/repos/isteves/resume/contents/{+path}"],
  "compare_url": ["https://api.github.com/repos/isteves/resume/compare/{base}...{head}"],
  "merges_url": ["https://api.github.com/repos/isteves/resume/merges"],
  "archive_url": ["https://api.github.com/repos/isteves/resume/{archive_format}{/ref}"],
  "downloads_url": ["https://api.github.com/repos/isteves/resume/downloads"],
  "issues_url": ["https://api.github.com/repos/isteves/resume/issues{/number}"],
  "pulls_url": ["https://api.github.com/repos/isteves/resume/pulls{/number}"],
  "milestones_url": ["https://api.github.com/repos/isteves/resume/milestones{/number}"],
  "notifications_url": ["https://api.github.com/repos/isteves/resume/notifications{?since,all,participating}"],
  "labels_url": ["https://api.github.com/repos/isteves/resume/labels{/name}"],
  "releases_url": ["https://api.github.com/repos/isteves/resume/releases{/id}"],
  "deployments_url": ["https://api.github.com/repos/isteves/resume/deployments"],
  "created_at": ["2018-03-29T03:56:54Z"],
  "updated_at": ["2018-12-03T15:18:35Z"],
  "pushed_at": ["2018-03-29T04:10:00Z"],
  "git_url": ["git://github.com/isteves/resume.git"],
  "ssh_url": ["git@github.com:isteves/resume.git"],
  "clone_url": ["https://github.com/isteves/resume.git"],
  "svn_url": ["https://github.com/isteves/resume"],
  "homepage": [""],
  "size": [128],
  "stargazers_count": [9],
  "watchers_count": [9],
  "language": ["TeX"],
  "has_issues": [true],
  "has_projects": [true],
  "has_downloads": [true],
  "has_wiki": [true],
  "has_pages": [false],
  "forks_count": [13],
  "mirror_url": {},
  "archived": [false],
  "open_issues_count": [1],
  "license": {},
  "forks": [13],
  "open_issues": [1],
  "watchers": [9],
  "default_branch": ["master"],
  "permissions": {
    "admin": [false],
    "push": [false],
    "pull": [true]
  }
}
