{
  "id": [144774308],
  "node_id": ["MDEwOlJlcG9zaXRvcnkxNDQ3NzQzMDg="],
  "name": ["rmarkdown-book"],
  "full_name": ["isteves/rmarkdown-book"],
  "private": [false],
  "owner": {
    "login": ["isteves"],
    "id": [25118334],
    "node_id": ["MDQ6VXNlcjI1MTE4MzM0"],
    "avatar_url": ["https://avatars2.githubusercontent.com/u/25118334?v=4"],
    "gravatar_id": [""],
    "url": ["https://api.github.com/users/isteves"],
    "html_url": ["https://github.com/isteves"],
    "followers_url": ["https://api.github.com/users/isteves/followers"],
    "following_url": ["https://api.github.com/users/isteves/following{/other_user}"],
    "gists_url": ["https://api.github.com/users/isteves/gists{/gist_id}"],
    "starred_url": ["https://api.github.com/users/isteves/starred{/owner}{/repo}"],
    "subscriptions_url": ["https://api.github.com/users/isteves/subscriptions"],
    "organizations_url": ["https://api.github.com/users/isteves/orgs"],
    "repos_url": ["https://api.github.com/users/isteves/repos"],
    "events_url": ["https://api.github.com/users/isteves/events{/privacy}"],
    "received_events_url": ["https://api.github.com/users/isteves/received_events"],
    "type": ["User"],
    "site_admin": [false]
  },
  "html_url": ["https://github.com/isteves/rmarkdown-book"],
  "description": ["R Markdown: The Definitive Guide (to be published soon)"],
  "fork": [true],
  "url": ["https://api.github.com/repos/isteves/rmarkdown-book"],
  "forks_url": ["https://api.github.com/repos/isteves/rmarkdown-book/forks"],
  "keys_url": ["https://api.github.com/repos/isteves/rmarkdown-book/keys{/key_id}"],
  "collaborators_url": ["https://api.github.com/repos/isteves/rmarkdown-book/collaborators{/collaborator}"],
  "teams_url": ["https://api.github.com/repos/isteves/rmarkdown-book/teams"],
  "hooks_url": ["https://api.github.com/repos/isteves/rmarkdown-book/hooks"],
  "issue_events_url": ["https://api.github.com/repos/isteves/rmarkdown-book/issues/events{/number}"],
  "events_url": ["https://api.github.com/repos/isteves/rmarkdown-book/events"],
  "assignees_url": ["https://api.github.com/repos/isteves/rmarkdown-book/assignees{/user}"],
  "branches_url": ["https://api.github.com/repos/isteves/rmarkdown-book/branches{/branch}"],
  "tags_url": ["https://api.github.com/repos/isteves/rmarkdown-book/tags"],
  "blobs_url": ["https://api.github.com/repos/isteves/rmarkdown-book/git/blobs{/sha}"],
  "git_tags_url": ["https://api.github.com/repos/isteves/rmarkdown-book/git/tags{/sha}"],
  "git_refs_url": ["https://api.github.com/repos/isteves/rmarkdown-book/git/refs{/sha}"],
  "trees_url": ["https://api.github.com/repos/isteves/rmarkdown-book/git/trees{/sha}"],
  "statuses_url": ["https://api.github.com/repos/isteves/rmarkdown-book/statuses/{sha}"],
  "languages_url": ["https://api.github.com/repos/isteves/rmarkdown-book/languages"],
  "stargazers_url": ["https://api.github.com/repos/isteves/rmarkdown-book/stargazers"],
  "contributors_url": ["https://api.github.com/repos/isteves/rmarkdown-book/contributors"],
  "subscribers_url": ["https://api.github.com/repos/isteves/rmarkdown-book/subscribers"],
  "subscription_url": ["https://api.github.com/repos/isteves/rmarkdown-book/subscription"],
  "commits_url": ["https://api.github.com/repos/isteves/rmarkdown-book/commits{/sha}"],
  "git_commits_url": ["https://api.github.com/repos/isteves/rmarkdown-book/git/commits{/sha}"],
  "comments_url": ["https://api.github.com/repos/isteves/rmarkdown-book/comments{/number}"],
  "issue_comment_url": ["https://api.github.com/repos/isteves/rmarkdown-book/issues/comments{/number}"],
  "contents_url": ["https://api.github.com/repos/isteves/rmarkdown-book/contents/{+path}"],
  "compare_url": ["https://api.github.com/repos/isteves/rmarkdown-book/compare/{base}...{head}"],
  "merges_url": ["https://api.github.com/repos/isteves/rmarkdown-book/merges"],
  "archive_url": ["https://api.github.com/repos/isteves/rmarkdown-book/{archive_format}{/ref}"],
  "downloads_url": ["https://api.github.com/repos/isteves/rmarkdown-book/downloads"],
  "issues_url": ["https://api.github.com/repos/isteves/rmarkdown-book/issues{/number}"],
  "pulls_url": ["https://api.github.com/repos/isteves/rmarkdown-book/pulls{/number}"],
  "milestones_url": ["https://api.github.com/repos/isteves/rmarkdown-book/milestones{/number}"],
  "notifications_url": ["https://api.github.com/repos/isteves/rmarkdown-book/notifications{?since,all,participating}"],
  "labels_url": ["https://api.github.com/repos/isteves/rmarkdown-book/labels{/name}"],
  "releases_url": ["https://api.github.com/repos/isteves/rmarkdown-book/releases{/id}"],
  "deployments_url": ["https://api.github.com/repos/isteves/rmarkdown-book/deployments"],
  "created_at": ["2018-08-14T21:33:28Z"],
  "updated_at": ["2018-08-14T22:03:26Z"],
  "pushed_at": ["2018-08-14T22:03:25Z"],
  "git_url": ["git://github.com/isteves/rmarkdown-book.git"],
  "ssh_url": ["git@github.com:isteves/rmarkdown-book.git"],
  "clone_url": ["https://github.com/isteves/rmarkdown-book.git"],
  "svn_url": ["https://github.com/isteves/rmarkdown-book"],
  "homepage": ["https://bookdown.org/yihui/rmarkdown"],
  "size": [2009],
  "stargazers_count": [0],
  "watchers_count": [0],
  "language": ["TeX"],
  "has_issues": [false],
  "has_projects": [true],
  "has_downloads": [true],
  "has_wiki": [false],
  "has_pages": [false],
  "forks_count": [0],
  "mirror_url": {},
  "archived": [false],
  "open_issues_count": [0],
  "license": {},
  "forks": [0],
  "open_issues": [0],
  "watchers": [0],
  "default_branch": ["master"],
  "permissions": {
    "admin": [false],
    "push": [false],
    "pull": [true]
  }
}
