{
  "id": [167992553],
  "node_id": ["MDEwOlJlcG9zaXRvcnkxNjc5OTI1NTM="],
  "name": ["RStudioConf2019Slides"],
  "full_name": ["isteves/RStudioConf2019Slides"],
  "private": [false],
  "owner": {
    "login": ["isteves"],
    "id": [25118334],
    "node_id": ["MDQ6VXNlcjI1MTE4MzM0"],
    "avatar_url": ["https://avatars2.githubusercontent.com/u/25118334?v=4"],
    "gravatar_id": [""],
    "url": ["https://api.github.com/users/isteves"],
    "html_url": ["https://github.com/isteves"],
    "followers_url": ["https://api.github.com/users/isteves/followers"],
    "following_url": ["https://api.github.com/users/isteves/following{/other_user}"],
    "gists_url": ["https://api.github.com/users/isteves/gists{/gist_id}"],
    "starred_url": ["https://api.github.com/users/isteves/starred{/owner}{/repo}"],
    "subscriptions_url": ["https://api.github.com/users/isteves/subscriptions"],
    "organizations_url": ["https://api.github.com/users/isteves/orgs"],
    "repos_url": ["https://api.github.com/users/isteves/repos"],
    "events_url": ["https://api.github.com/users/isteves/events{/privacy}"],
    "received_events_url": ["https://api.github.com/users/isteves/received_events"],
    "type": ["User"],
    "site_admin": [false]
  },
  "html_url": ["https://github.com/isteves/RStudioConf2019Slides"],
  "description": ["Links to slides for rstudio::conf 2019"],
  "fork": [true],
  "url": ["https://api.github.com/repos/isteves/RStudioConf2019Slides"],
  "forks_url": ["https://api.github.com/repos/isteves/RStudioConf2019Slides/forks"],
  "keys_url": ["https://api.github.com/repos/isteves/RStudioConf2019Slides/keys{/key_id}"],
  "collaborators_url": ["https://api.github.com/repos/isteves/RStudioConf2019Slides/collaborators{/collaborator}"],
  "teams_url": ["https://api.github.com/repos/isteves/RStudioConf2019Slides/teams"],
  "hooks_url": ["https://api.github.com/repos/isteves/RStudioConf2019Slides/hooks"],
  "issue_events_url": ["https://api.github.com/repos/isteves/RStudioConf2019Slides/issues/events{/number}"],
  "events_url": ["https://api.github.com/repos/isteves/RStudioConf2019Slides/events"],
  "assignees_url": ["https://api.github.com/repos/isteves/RStudioConf2019Slides/assignees{/user}"],
  "branches_url": ["https://api.github.com/repos/isteves/RStudioConf2019Slides/branches{/branch}"],
  "tags_url": ["https://api.github.com/repos/isteves/RStudioConf2019Slides/tags"],
  "blobs_url": ["https://api.github.com/repos/isteves/RStudioConf2019Slides/git/blobs{/sha}"],
  "git_tags_url": ["https://api.github.com/repos/isteves/RStudioConf2019Slides/git/tags{/sha}"],
  "git_refs_url": ["https://api.github.com/repos/isteves/RStudioConf2019Slides/git/refs{/sha}"],
  "trees_url": ["https://api.github.com/repos/isteves/RStudioConf2019Slides/git/trees{/sha}"],
  "statuses_url": ["https://api.github.com/repos/isteves/RStudioConf2019Slides/statuses/{sha}"],
  "languages_url": ["https://api.github.com/repos/isteves/RStudioConf2019Slides/languages"],
  "stargazers_url": ["https://api.github.com/repos/isteves/RStudioConf2019Slides/stargazers"],
  "contributors_url": ["https://api.github.com/repos/isteves/RStudioConf2019Slides/contributors"],
  "subscribers_url": ["https://api.github.com/repos/isteves/RStudioConf2019Slides/subscribers"],
  "subscription_url": ["https://api.github.com/repos/isteves/RStudioConf2019Slides/subscription"],
  "commits_url": ["https://api.github.com/repos/isteves/RStudioConf2019Slides/commits{/sha}"],
  "git_commits_url": ["https://api.github.com/repos/isteves/RStudioConf2019Slides/git/commits{/sha}"],
  "comments_url": ["https://api.github.com/repos/isteves/RStudioConf2019Slides/comments{/number}"],
  "issue_comment_url": ["https://api.github.com/repos/isteves/RStudioConf2019Slides/issues/comments{/number}"],
  "contents_url": ["https://api.github.com/repos/isteves/RStudioConf2019Slides/contents/{+path}"],
  "compare_url": ["https://api.github.com/repos/isteves/RStudioConf2019Slides/compare/{base}...{head}"],
  "merges_url": ["https://api.github.com/repos/isteves/RStudioConf2019Slides/merges"],
  "archive_url": ["https://api.github.com/repos/isteves/RStudioConf2019Slides/{archive_format}{/ref}"],
  "downloads_url": ["https://api.github.com/repos/isteves/RStudioConf2019Slides/downloads"],
  "issues_url": ["https://api.github.com/repos/isteves/RStudioConf2019Slides/issues{/number}"],
  "pulls_url": ["https://api.github.com/repos/isteves/RStudioConf2019Slides/pulls{/number}"],
  "milestones_url": ["https://api.github.com/repos/isteves/RStudioConf2019Slides/milestones{/number}"],
  "notifications_url": ["https://api.github.com/repos/isteves/RStudioConf2019Slides/notifications{?since,all,participating}"],
  "labels_url": ["https://api.github.com/repos/isteves/RStudioConf2019Slides/labels{/name}"],
  "releases_url": ["https://api.github.com/repos/isteves/RStudioConf2019Slides/releases{/id}"],
  "deployments_url": ["https://api.github.com/repos/isteves/RStudioConf2019Slides/deployments"],
  "created_at": ["2019-01-28T16:14:37Z"],
  "updated_at": ["2019-01-28T16:14:39Z"],
  "pushed_at": ["2019-01-28T16:17:04Z"],
  "git_url": ["git://github.com/isteves/RStudioConf2019Slides.git"],
  "ssh_url": ["git@github.com:isteves/RStudioConf2019Slides.git"],
  "clone_url": ["https://github.com/isteves/RStudioConf2019Slides.git"],
  "svn_url": ["https://github.com/isteves/RStudioConf2019Slides"],
  "homepage": {},
  "size": [4786],
  "stargazers_count": [0],
  "watchers_count": [0],
  "language": {},
  "has_issues": [false],
  "has_projects": [true],
  "has_downloads": [true],
  "has_wiki": [true],
  "has_pages": [false],
  "forks_count": [0],
  "mirror_url": {},
  "archived": [false],
  "open_issues_count": [0],
  "license": {},
  "forks": [0],
  "open_issues": [0],
  "watchers": [0],
  "default_branch": ["master"],
  "permissions": {
    "admin": [false],
    "push": [false],
    "pull": [true]
  }
}
