{
  "id": [127497929],
  "node_id": ["MDEwOlJlcG9zaXRvcnkxMjc0OTc5Mjk="],
  "name": ["rt-amoeba"],
  "full_name": ["isteves/rt-amoeba"],
  "private": [false],
  "owner": {
    "login": ["isteves"],
    "id": [25118334],
    "node_id": ["MDQ6VXNlcjI1MTE4MzM0"],
    "avatar_url": ["https://avatars2.githubusercontent.com/u/25118334?v=4"],
    "gravatar_id": [""],
    "url": ["https://api.github.com/users/isteves"],
    "html_url": ["https://github.com/isteves"],
    "followers_url": ["https://api.github.com/users/isteves/followers"],
    "following_url": ["https://api.github.com/users/isteves/following{/other_user}"],
    "gists_url": ["https://api.github.com/users/isteves/gists{/gist_id}"],
    "starred_url": ["https://api.github.com/users/isteves/starred{/owner}{/repo}"],
    "subscriptions_url": ["https://api.github.com/users/isteves/subscriptions"],
    "organizations_url": ["https://api.github.com/users/isteves/orgs"],
    "repos_url": ["https://api.github.com/users/isteves/repos"],
    "events_url": ["https://api.github.com/users/isteves/events{/privacy}"],
    "received_events_url": ["https://api.github.com/users/isteves/received_events"],
    "type": ["User"],
    "site_admin": [false]
  },
  "html_url": ["https://github.com/isteves/rt-amoeba"],
  "description": ["RT package for R"],
  "fork": [false],
  "url": ["https://api.github.com/repos/isteves/rt-amoeba"],
  "forks_url": ["https://api.github.com/repos/isteves/rt-amoeba/forks"],
  "keys_url": ["https://api.github.com/repos/isteves/rt-amoeba/keys{/key_id}"],
  "collaborators_url": ["https://api.github.com/repos/isteves/rt-amoeba/collaborators{/collaborator}"],
  "teams_url": ["https://api.github.com/repos/isteves/rt-amoeba/teams"],
  "hooks_url": ["https://api.github.com/repos/isteves/rt-amoeba/hooks"],
  "issue_events_url": ["https://api.github.com/repos/isteves/rt-amoeba/issues/events{/number}"],
  "events_url": ["https://api.github.com/repos/isteves/rt-amoeba/events"],
  "assignees_url": ["https://api.github.com/repos/isteves/rt-amoeba/assignees{/user}"],
  "branches_url": ["https://api.github.com/repos/isteves/rt-amoeba/branches{/branch}"],
  "tags_url": ["https://api.github.com/repos/isteves/rt-amoeba/tags"],
  "blobs_url": ["https://api.github.com/repos/isteves/rt-amoeba/git/blobs{/sha}"],
  "git_tags_url": ["https://api.github.com/repos/isteves/rt-amoeba/git/tags{/sha}"],
  "git_refs_url": ["https://api.github.com/repos/isteves/rt-amoeba/git/refs{/sha}"],
  "trees_url": ["https://api.github.com/repos/isteves/rt-amoeba/git/trees{/sha}"],
  "statuses_url": ["https://api.github.com/repos/isteves/rt-amoeba/statuses/{sha}"],
  "languages_url": ["https://api.github.com/repos/isteves/rt-amoeba/languages"],
  "stargazers_url": ["https://api.github.com/repos/isteves/rt-amoeba/stargazers"],
  "contributors_url": ["https://api.github.com/repos/isteves/rt-amoeba/contributors"],
  "subscribers_url": ["https://api.github.com/repos/isteves/rt-amoeba/subscribers"],
  "subscription_url": ["https://api.github.com/repos/isteves/rt-amoeba/subscription"],
  "commits_url": ["https://api.github.com/repos/isteves/rt-amoeba/commits{/sha}"],
  "git_commits_url": ["https://api.github.com/repos/isteves/rt-amoeba/git/commits{/sha}"],
  "comments_url": ["https://api.github.com/repos/isteves/rt-amoeba/comments{/number}"],
  "issue_comment_url": ["https://api.github.com/repos/isteves/rt-amoeba/issues/comments{/number}"],
  "contents_url": ["https://api.github.com/repos/isteves/rt-amoeba/contents/{+path}"],
  "compare_url": ["https://api.github.com/repos/isteves/rt-amoeba/compare/{base}...{head}"],
  "merges_url": ["https://api.github.com/repos/isteves/rt-amoeba/merges"],
  "archive_url": ["https://api.github.com/repos/isteves/rt-amoeba/{archive_format}{/ref}"],
  "downloads_url": ["https://api.github.com/repos/isteves/rt-amoeba/downloads"],
  "issues_url": ["https://api.github.com/repos/isteves/rt-amoeba/issues{/number}"],
  "pulls_url": ["https://api.github.com/repos/isteves/rt-amoeba/pulls{/number}"],
  "milestones_url": ["https://api.github.com/repos/isteves/rt-amoeba/milestones{/number}"],
  "notifications_url": ["https://api.github.com/repos/isteves/rt-amoeba/notifications{?since,all,participating}"],
  "labels_url": ["https://api.github.com/repos/isteves/rt-amoeba/labels{/name}"],
  "releases_url": ["https://api.github.com/repos/isteves/rt-amoeba/releases{/id}"],
  "deployments_url": ["https://api.github.com/repos/isteves/rt-amoeba/deployments"],
  "created_at": ["2018-03-31T04:11:42Z"],
  "updated_at": ["2018-08-10T05:37:05Z"],
  "pushed_at": ["2018-04-10T20:52:47Z"],
  "git_url": ["git://github.com/isteves/rt-amoeba.git"],
  "ssh_url": ["git@github.com:isteves/rt-amoeba.git"],
  "clone_url": ["https://github.com/isteves/rt-amoeba.git"],
  "svn_url": ["https://github.com/isteves/rt-amoeba"],
  "homepage": {},
  "size": [6],
  "stargazers_count": [0],
  "watchers_count": [0],
  "language": ["R"],
  "has_issues": [false],
  "has_projects": [true],
  "has_downloads": [true],
  "has_wiki": [true],
  "has_pages": [false],
  "forks_count": [0],
  "mirror_url": {},
  "archived": [false],
  "open_issues_count": [0],
  "license": {},
  "forks": [0],
  "open_issues": [0],
  "watchers": [0],
  "default_branch": ["master"],
  "permissions": {
    "admin": [false],
    "push": [false],
    "pull": [true]
  }
}
