{
  "id": [128964650],
  "node_id": ["MDEwOlJlcG9zaXRvcnkxMjg5NjQ2NTA="],
  "name": ["rt"],
  "full_name": ["isteves/rt"],
  "private": [false],
  "owner": {
    "login": ["isteves"],
    "id": [25118334],
    "node_id": ["MDQ6VXNlcjI1MTE4MzM0"],
    "avatar_url": ["https://avatars2.githubusercontent.com/u/25118334?v=4"],
    "gravatar_id": [""],
    "url": ["https://api.github.com/users/isteves"],
    "html_url": ["https://github.com/isteves"],
    "followers_url": ["https://api.github.com/users/isteves/followers"],
    "following_url": ["https://api.github.com/users/isteves/following{/other_user}"],
    "gists_url": ["https://api.github.com/users/isteves/gists{/gist_id}"],
    "starred_url": ["https://api.github.com/users/isteves/starred{/owner}{/repo}"],
    "subscriptions_url": ["https://api.github.com/users/isteves/subscriptions"],
    "organizations_url": ["https://api.github.com/users/isteves/orgs"],
    "repos_url": ["https://api.github.com/users/isteves/repos"],
    "events_url": ["https://api.github.com/users/isteves/events{/privacy}"],
    "received_events_url": ["https://api.github.com/users/isteves/received_events"],
    "type": ["User"],
    "site_admin": [false]
  },
  "html_url": ["https://github.com/isteves/rt"],
  "description": ["An R package for the RT API"],
  "fork": [true],
  "url": ["https://api.github.com/repos/isteves/rt"],
  "forks_url": ["https://api.github.com/repos/isteves/rt/forks"],
  "keys_url": ["https://api.github.com/repos/isteves/rt/keys{/key_id}"],
  "collaborators_url": ["https://api.github.com/repos/isteves/rt/collaborators{/collaborator}"],
  "teams_url": ["https://api.github.com/repos/isteves/rt/teams"],
  "hooks_url": ["https://api.github.com/repos/isteves/rt/hooks"],
  "issue_events_url": ["https://api.github.com/repos/isteves/rt/issues/events{/number}"],
  "events_url": ["https://api.github.com/repos/isteves/rt/events"],
  "assignees_url": ["https://api.github.com/repos/isteves/rt/assignees{/user}"],
  "branches_url": ["https://api.github.com/repos/isteves/rt/branches{/branch}"],
  "tags_url": ["https://api.github.com/repos/isteves/rt/tags"],
  "blobs_url": ["https://api.github.com/repos/isteves/rt/git/blobs{/sha}"],
  "git_tags_url": ["https://api.github.com/repos/isteves/rt/git/tags{/sha}"],
  "git_refs_url": ["https://api.github.com/repos/isteves/rt/git/refs{/sha}"],
  "trees_url": ["https://api.github.com/repos/isteves/rt/git/trees{/sha}"],
  "statuses_url": ["https://api.github.com/repos/isteves/rt/statuses/{sha}"],
  "languages_url": ["https://api.github.com/repos/isteves/rt/languages"],
  "stargazers_url": ["https://api.github.com/repos/isteves/rt/stargazers"],
  "contributors_url": ["https://api.github.com/repos/isteves/rt/contributors"],
  "subscribers_url": ["https://api.github.com/repos/isteves/rt/subscribers"],
  "subscription_url": ["https://api.github.com/repos/isteves/rt/subscription"],
  "commits_url": ["https://api.github.com/repos/isteves/rt/commits{/sha}"],
  "git_commits_url": ["https://api.github.com/repos/isteves/rt/git/commits{/sha}"],
  "comments_url": ["https://api.github.com/repos/isteves/rt/comments{/number}"],
  "issue_comment_url": ["https://api.github.com/repos/isteves/rt/issues/comments{/number}"],
  "contents_url": ["https://api.github.com/repos/isteves/rt/contents/{+path}"],
  "compare_url": ["https://api.github.com/repos/isteves/rt/compare/{base}...{head}"],
  "merges_url": ["https://api.github.com/repos/isteves/rt/merges"],
  "archive_url": ["https://api.github.com/repos/isteves/rt/{archive_format}{/ref}"],
  "downloads_url": ["https://api.github.com/repos/isteves/rt/downloads"],
  "issues_url": ["https://api.github.com/repos/isteves/rt/issues{/number}"],
  "pulls_url": ["https://api.github.com/repos/isteves/rt/pulls{/number}"],
  "milestones_url": ["https://api.github.com/repos/isteves/rt/milestones{/number}"],
  "notifications_url": ["https://api.github.com/repos/isteves/rt/notifications{?since,all,participating}"],
  "labels_url": ["https://api.github.com/repos/isteves/rt/labels{/name}"],
  "releases_url": ["https://api.github.com/repos/isteves/rt/releases{/id}"],
  "deployments_url": ["https://api.github.com/repos/isteves/rt/deployments"],
  "created_at": ["2018-04-10T16:36:31Z"],
  "updated_at": ["2018-11-03T10:55:40Z"],
  "pushed_at": ["2018-11-03T10:55:51Z"],
  "git_url": ["git://github.com/isteves/rt.git"],
  "ssh_url": ["git@github.com:isteves/rt.git"],
  "clone_url": ["https://github.com/isteves/rt.git"],
  "svn_url": ["https://github.com/isteves/rt"],
  "homepage": [""],
  "size": [102],
  "stargazers_count": [0],
  "watchers_count": [0],
  "language": ["R"],
  "has_issues": [false],
  "has_projects": [true],
  "has_downloads": [true],
  "has_wiki": [true],
  "has_pages": [false],
  "forks_count": [0],
  "mirror_url": {},
  "archived": [false],
  "open_issues_count": [0],
  "license": {
    "key": ["other"],
    "name": ["Other"],
    "spdx_id": ["NOASSERTION"],
    "url": {},
    "node_id": ["MDc6TGljZW5zZTA="]
  },
  "forks": [0],
  "open_issues": [0],
  "watchers": [0],
  "default_branch": ["master"],
  "permissions": {
    "admin": [false],
    "push": [false],
    "pull": [true]
  }
}
