{
  "id": [94634040],
  "node_id": ["MDEwOlJlcG9zaXRvcnk5NDYzNDA0MA=="],
  "name": ["SB-Open-Source"],
  "full_name": ["isteves/SB-Open-Source"],
  "private": [false],
  "owner": {
    "login": ["isteves"],
    "id": [25118334],
    "node_id": ["MDQ6VXNlcjI1MTE4MzM0"],
    "avatar_url": ["https://avatars2.githubusercontent.com/u/25118334?v=4"],
    "gravatar_id": [""],
    "url": ["https://api.github.com/users/isteves"],
    "html_url": ["https://github.com/isteves"],
    "followers_url": ["https://api.github.com/users/isteves/followers"],
    "following_url": ["https://api.github.com/users/isteves/following{/other_user}"],
    "gists_url": ["https://api.github.com/users/isteves/gists{/gist_id}"],
    "starred_url": ["https://api.github.com/users/isteves/starred{/owner}{/repo}"],
    "subscriptions_url": ["https://api.github.com/users/isteves/subscriptions"],
    "organizations_url": ["https://api.github.com/users/isteves/orgs"],
    "repos_url": ["https://api.github.com/users/isteves/repos"],
    "events_url": ["https://api.github.com/users/isteves/events{/privacy}"],
    "received_events_url": ["https://api.github.com/users/isteves/received_events"],
    "type": ["User"],
    "site_admin": [false]
  },
  "html_url": ["https://github.com/isteves/SB-Open-Source"],
  "description": ["Files for Sde Boker Open Source meetings"],
  "fork": [false],
  "url": ["https://api.github.com/repos/isteves/SB-Open-Source"],
  "forks_url": ["https://api.github.com/repos/isteves/SB-Open-Source/forks"],
  "keys_url": ["https://api.github.com/repos/isteves/SB-Open-Source/keys{/key_id}"],
  "collaborators_url": ["https://api.github.com/repos/isteves/SB-Open-Source/collaborators{/collaborator}"],
  "teams_url": ["https://api.github.com/repos/isteves/SB-Open-Source/teams"],
  "hooks_url": ["https://api.github.com/repos/isteves/SB-Open-Source/hooks"],
  "issue_events_url": ["https://api.github.com/repos/isteves/SB-Open-Source/issues/events{/number}"],
  "events_url": ["https://api.github.com/repos/isteves/SB-Open-Source/events"],
  "assignees_url": ["https://api.github.com/repos/isteves/SB-Open-Source/assignees{/user}"],
  "branches_url": ["https://api.github.com/repos/isteves/SB-Open-Source/branches{/branch}"],
  "tags_url": ["https://api.github.com/repos/isteves/SB-Open-Source/tags"],
  "blobs_url": ["https://api.github.com/repos/isteves/SB-Open-Source/git/blobs{/sha}"],
  "git_tags_url": ["https://api.github.com/repos/isteves/SB-Open-Source/git/tags{/sha}"],
  "git_refs_url": ["https://api.github.com/repos/isteves/SB-Open-Source/git/refs{/sha}"],
  "trees_url": ["https://api.github.com/repos/isteves/SB-Open-Source/git/trees{/sha}"],
  "statuses_url": ["https://api.github.com/repos/isteves/SB-Open-Source/statuses/{sha}"],
  "languages_url": ["https://api.github.com/repos/isteves/SB-Open-Source/languages"],
  "stargazers_url": ["https://api.github.com/repos/isteves/SB-Open-Source/stargazers"],
  "contributors_url": ["https://api.github.com/repos/isteves/SB-Open-Source/contributors"],
  "subscribers_url": ["https://api.github.com/repos/isteves/SB-Open-Source/subscribers"],
  "subscription_url": ["https://api.github.com/repos/isteves/SB-Open-Source/subscription"],
  "commits_url": ["https://api.github.com/repos/isteves/SB-Open-Source/commits{/sha}"],
  "git_commits_url": ["https://api.github.com/repos/isteves/SB-Open-Source/git/commits{/sha}"],
  "comments_url": ["https://api.github.com/repos/isteves/SB-Open-Source/comments{/number}"],
  "issue_comment_url": ["https://api.github.com/repos/isteves/SB-Open-Source/issues/comments{/number}"],
  "contents_url": ["https://api.github.com/repos/isteves/SB-Open-Source/contents/{+path}"],
  "compare_url": ["https://api.github.com/repos/isteves/SB-Open-Source/compare/{base}...{head}"],
  "merges_url": ["https://api.github.com/repos/isteves/SB-Open-Source/merges"],
  "archive_url": ["https://api.github.com/repos/isteves/SB-Open-Source/{archive_format}{/ref}"],
  "downloads_url": ["https://api.github.com/repos/isteves/SB-Open-Source/downloads"],
  "issues_url": ["https://api.github.com/repos/isteves/SB-Open-Source/issues{/number}"],
  "pulls_url": ["https://api.github.com/repos/isteves/SB-Open-Source/pulls{/number}"],
  "milestones_url": ["https://api.github.com/repos/isteves/SB-Open-Source/milestones{/number}"],
  "notifications_url": ["https://api.github.com/repos/isteves/SB-Open-Source/notifications{?since,all,participating}"],
  "labels_url": ["https://api.github.com/repos/isteves/SB-Open-Source/labels{/name}"],
  "releases_url": ["https://api.github.com/repos/isteves/SB-Open-Source/releases{/id}"],
  "deployments_url": ["https://api.github.com/repos/isteves/SB-Open-Source/deployments"],
  "created_at": ["2017-06-17T15:59:01Z"],
  "updated_at": ["2017-06-17T16:00:09Z"],
  "pushed_at": ["2017-06-22T06:47:09Z"],
  "git_url": ["git://github.com/isteves/SB-Open-Source.git"],
  "ssh_url": ["git@github.com:isteves/SB-Open-Source.git"],
  "clone_url": ["https://github.com/isteves/SB-Open-Source.git"],
  "svn_url": ["https://github.com/isteves/SB-Open-Source"],
  "homepage": {},
  "size": [2],
  "stargazers_count": [0],
  "watchers_count": [0],
  "language": ["R"],
  "has_issues": [true],
  "has_projects": [true],
  "has_downloads": [true],
  "has_wiki": [true],
  "has_pages": [false],
  "forks_count": [1],
  "mirror_url": {},
  "archived": [false],
  "open_issues_count": [0],
  "license": {},
  "forks": [1],
  "open_issues": [0],
  "watchers": [0],
  "default_branch": ["master"],
  "permissions": {
    "admin": [false],
    "push": [false],
    "pull": [true]
  }
}
