{
  "id": [128279723],
  "node_id": ["MDEwOlJlcG9zaXRvcnkxMjgyNzk3MjM="],
  "name": ["seinfeld"],
  "full_name": ["isteves/seinfeld"],
  "private": [false],
  "owner": {
    "login": ["isteves"],
    "id": [25118334],
    "node_id": ["MDQ6VXNlcjI1MTE4MzM0"],
    "avatar_url": ["https://avatars2.githubusercontent.com/u/25118334?v=4"],
    "gravatar_id": [""],
    "url": ["https://api.github.com/users/isteves"],
    "html_url": ["https://github.com/isteves"],
    "followers_url": ["https://api.github.com/users/isteves/followers"],
    "following_url": ["https://api.github.com/users/isteves/following{/other_user}"],
    "gists_url": ["https://api.github.com/users/isteves/gists{/gist_id}"],
    "starred_url": ["https://api.github.com/users/isteves/starred{/owner}{/repo}"],
    "subscriptions_url": ["https://api.github.com/users/isteves/subscriptions"],
    "organizations_url": ["https://api.github.com/users/isteves/orgs"],
    "repos_url": ["https://api.github.com/users/isteves/repos"],
    "events_url": ["https://api.github.com/users/isteves/events{/privacy}"],
    "received_events_url": ["https://api.github.com/users/isteves/received_events"],
    "type": ["User"],
    "site_admin": [false]
  },
  "html_url": ["https://github.com/isteves/seinfeld"],
  "description": ["A Shiny app looking how the average # lines per Seinfeld episode changes over the season"],
  "fork": [false],
  "url": ["https://api.github.com/repos/isteves/seinfeld"],
  "forks_url": ["https://api.github.com/repos/isteves/seinfeld/forks"],
  "keys_url": ["https://api.github.com/repos/isteves/seinfeld/keys{/key_id}"],
  "collaborators_url": ["https://api.github.com/repos/isteves/seinfeld/collaborators{/collaborator}"],
  "teams_url": ["https://api.github.com/repos/isteves/seinfeld/teams"],
  "hooks_url": ["https://api.github.com/repos/isteves/seinfeld/hooks"],
  "issue_events_url": ["https://api.github.com/repos/isteves/seinfeld/issues/events{/number}"],
  "events_url": ["https://api.github.com/repos/isteves/seinfeld/events"],
  "assignees_url": ["https://api.github.com/repos/isteves/seinfeld/assignees{/user}"],
  "branches_url": ["https://api.github.com/repos/isteves/seinfeld/branches{/branch}"],
  "tags_url": ["https://api.github.com/repos/isteves/seinfeld/tags"],
  "blobs_url": ["https://api.github.com/repos/isteves/seinfeld/git/blobs{/sha}"],
  "git_tags_url": ["https://api.github.com/repos/isteves/seinfeld/git/tags{/sha}"],
  "git_refs_url": ["https://api.github.com/repos/isteves/seinfeld/git/refs{/sha}"],
  "trees_url": ["https://api.github.com/repos/isteves/seinfeld/git/trees{/sha}"],
  "statuses_url": ["https://api.github.com/repos/isteves/seinfeld/statuses/{sha}"],
  "languages_url": ["https://api.github.com/repos/isteves/seinfeld/languages"],
  "stargazers_url": ["https://api.github.com/repos/isteves/seinfeld/stargazers"],
  "contributors_url": ["https://api.github.com/repos/isteves/seinfeld/contributors"],
  "subscribers_url": ["https://api.github.com/repos/isteves/seinfeld/subscribers"],
  "subscription_url": ["https://api.github.com/repos/isteves/seinfeld/subscription"],
  "commits_url": ["https://api.github.com/repos/isteves/seinfeld/commits{/sha}"],
  "git_commits_url": ["https://api.github.com/repos/isteves/seinfeld/git/commits{/sha}"],
  "comments_url": ["https://api.github.com/repos/isteves/seinfeld/comments{/number}"],
  "issue_comment_url": ["https://api.github.com/repos/isteves/seinfeld/issues/comments{/number}"],
  "contents_url": ["https://api.github.com/repos/isteves/seinfeld/contents/{+path}"],
  "compare_url": ["https://api.github.com/repos/isteves/seinfeld/compare/{base}...{head}"],
  "merges_url": ["https://api.github.com/repos/isteves/seinfeld/merges"],
  "archive_url": ["https://api.github.com/repos/isteves/seinfeld/{archive_format}{/ref}"],
  "downloads_url": ["https://api.github.com/repos/isteves/seinfeld/downloads"],
  "issues_url": ["https://api.github.com/repos/isteves/seinfeld/issues{/number}"],
  "pulls_url": ["https://api.github.com/repos/isteves/seinfeld/pulls{/number}"],
  "milestones_url": ["https://api.github.com/repos/isteves/seinfeld/milestones{/number}"],
  "notifications_url": ["https://api.github.com/repos/isteves/seinfeld/notifications{?since,all,participating}"],
  "labels_url": ["https://api.github.com/repos/isteves/seinfeld/labels{/name}"],
  "releases_url": ["https://api.github.com/repos/isteves/seinfeld/releases{/id}"],
  "deployments_url": ["https://api.github.com/repos/isteves/seinfeld/deployments"],
  "created_at": ["2018-04-06T00:30:28Z"],
  "updated_at": ["2018-04-20T00:32:17Z"],
  "pushed_at": ["2018-04-20T00:29:51Z"],
  "git_url": ["git://github.com/isteves/seinfeld.git"],
  "ssh_url": ["git@github.com:isteves/seinfeld.git"],
  "clone_url": ["https://github.com/isteves/seinfeld.git"],
  "svn_url": ["https://github.com/isteves/seinfeld"],
  "homepage": ["https://isteves.github.io/seinfeld/"],
  "size": [3043],
  "stargazers_count": [0],
  "watchers_count": [0],
  "language": ["HTML"],
  "has_issues": [true],
  "has_projects": [true],
  "has_downloads": [true],
  "has_wiki": [true],
  "has_pages": [true],
  "forks_count": [0],
  "mirror_url": {},
  "archived": [false],
  "open_issues_count": [0],
  "license": {},
  "forks": [0],
  "open_issues": [0],
  "watchers": [0],
  "default_branch": ["master"],
  "permissions": {
    "admin": [false],
    "push": [false],
    "pull": [true]
  }
}
