{
  "id": [128104784],
  "node_id": ["MDEwOlJlcG9zaXRvcnkxMjgxMDQ3ODQ="],
  "name": ["shiny-intro"],
  "full_name": ["isteves/shiny-intro"],
  "private": [false],
  "owner": {
    "login": ["isteves"],
    "id": [25118334],
    "node_id": ["MDQ6VXNlcjI1MTE4MzM0"],
    "avatar_url": ["https://avatars2.githubusercontent.com/u/25118334?v=4"],
    "gravatar_id": [""],
    "url": ["https://api.github.com/users/isteves"],
    "html_url": ["https://github.com/isteves"],
    "followers_url": ["https://api.github.com/users/isteves/followers"],
    "following_url": ["https://api.github.com/users/isteves/following{/other_user}"],
    "gists_url": ["https://api.github.com/users/isteves/gists{/gist_id}"],
    "starred_url": ["https://api.github.com/users/isteves/starred{/owner}{/repo}"],
    "subscriptions_url": ["https://api.github.com/users/isteves/subscriptions"],
    "organizations_url": ["https://api.github.com/users/isteves/orgs"],
    "repos_url": ["https://api.github.com/users/isteves/repos"],
    "events_url": ["https://api.github.com/users/isteves/events{/privacy}"],
    "received_events_url": ["https://api.github.com/users/isteves/received_events"],
    "type": ["User"],
    "site_admin": [false]
  },
  "html_url": ["https://github.com/isteves/shiny-intro"],
  "description": ["introduction to Shiny interactive application framework using R"],
  "fork": [true],
  "url": ["https://api.github.com/repos/isteves/shiny-intro"],
  "forks_url": ["https://api.github.com/repos/isteves/shiny-intro/forks"],
  "keys_url": ["https://api.github.com/repos/isteves/shiny-intro/keys{/key_id}"],
  "collaborators_url": ["https://api.github.com/repos/isteves/shiny-intro/collaborators{/collaborator}"],
  "teams_url": ["https://api.github.com/repos/isteves/shiny-intro/teams"],
  "hooks_url": ["https://api.github.com/repos/isteves/shiny-intro/hooks"],
  "issue_events_url": ["https://api.github.com/repos/isteves/shiny-intro/issues/events{/number}"],
  "events_url": ["https://api.github.com/repos/isteves/shiny-intro/events"],
  "assignees_url": ["https://api.github.com/repos/isteves/shiny-intro/assignees{/user}"],
  "branches_url": ["https://api.github.com/repos/isteves/shiny-intro/branches{/branch}"],
  "tags_url": ["https://api.github.com/repos/isteves/shiny-intro/tags"],
  "blobs_url": ["https://api.github.com/repos/isteves/shiny-intro/git/blobs{/sha}"],
  "git_tags_url": ["https://api.github.com/repos/isteves/shiny-intro/git/tags{/sha}"],
  "git_refs_url": ["https://api.github.com/repos/isteves/shiny-intro/git/refs{/sha}"],
  "trees_url": ["https://api.github.com/repos/isteves/shiny-intro/git/trees{/sha}"],
  "statuses_url": ["https://api.github.com/repos/isteves/shiny-intro/statuses/{sha}"],
  "languages_url": ["https://api.github.com/repos/isteves/shiny-intro/languages"],
  "stargazers_url": ["https://api.github.com/repos/isteves/shiny-intro/stargazers"],
  "contributors_url": ["https://api.github.com/repos/isteves/shiny-intro/contributors"],
  "subscribers_url": ["https://api.github.com/repos/isteves/shiny-intro/subscribers"],
  "subscription_url": ["https://api.github.com/repos/isteves/shiny-intro/subscription"],
  "commits_url": ["https://api.github.com/repos/isteves/shiny-intro/commits{/sha}"],
  "git_commits_url": ["https://api.github.com/repos/isteves/shiny-intro/git/commits{/sha}"],
  "comments_url": ["https://api.github.com/repos/isteves/shiny-intro/comments{/number}"],
  "issue_comment_url": ["https://api.github.com/repos/isteves/shiny-intro/issues/comments{/number}"],
  "contents_url": ["https://api.github.com/repos/isteves/shiny-intro/contents/{+path}"],
  "compare_url": ["https://api.github.com/repos/isteves/shiny-intro/compare/{base}...{head}"],
  "merges_url": ["https://api.github.com/repos/isteves/shiny-intro/merges"],
  "archive_url": ["https://api.github.com/repos/isteves/shiny-intro/{archive_format}{/ref}"],
  "downloads_url": ["https://api.github.com/repos/isteves/shiny-intro/downloads"],
  "issues_url": ["https://api.github.com/repos/isteves/shiny-intro/issues{/number}"],
  "pulls_url": ["https://api.github.com/repos/isteves/shiny-intro/pulls{/number}"],
  "milestones_url": ["https://api.github.com/repos/isteves/shiny-intro/milestones{/number}"],
  "notifications_url": ["https://api.github.com/repos/isteves/shiny-intro/notifications{?since,all,participating}"],
  "labels_url": ["https://api.github.com/repos/isteves/shiny-intro/labels{/name}"],
  "releases_url": ["https://api.github.com/repos/isteves/shiny-intro/releases{/id}"],
  "deployments_url": ["https://api.github.com/repos/isteves/shiny-intro/deployments"],
  "created_at": ["2018-04-04T18:35:21Z"],
  "updated_at": ["2018-04-04T18:35:23Z"],
  "pushed_at": ["2018-04-04T04:31:29Z"],
  "git_url": ["git://github.com/isteves/shiny-intro.git"],
  "ssh_url": ["git@github.com:isteves/shiny-intro.git"],
  "clone_url": ["https://github.com/isteves/shiny-intro.git"],
  "svn_url": ["https://github.com/isteves/shiny-intro"],
  "homepage": ["https://bbest.github.io/shiny-intro"],
  "size": [3358],
  "stargazers_count": [0],
  "watchers_count": [0],
  "language": ["R"],
  "has_issues": [false],
  "has_projects": [true],
  "has_downloads": [true],
  "has_wiki": [true],
  "has_pages": [false],
  "forks_count": [0],
  "mirror_url": {},
  "archived": [false],
  "open_issues_count": [0],
  "license": {},
  "forks": [0],
  "open_issues": [0],
  "watchers": [0],
  "default_branch": ["master"],
  "permissions": {
    "admin": [false],
    "push": [false],
    "pull": [true]
  }
}
