{
  "id": [176710174],
  "node_id": ["MDEwOlJlcG9zaXRvcnkxNzY3MTAxNzQ="],
  "name": ["shiny-tutorial"],
  "full_name": ["isteves/shiny-tutorial"],
  "private": [false],
  "owner": {
    "login": ["isteves"],
    "id": [25118334],
    "node_id": ["MDQ6VXNlcjI1MTE4MzM0"],
    "avatar_url": ["https://avatars2.githubusercontent.com/u/25118334?v=4"],
    "gravatar_id": [""],
    "url": ["https://api.github.com/users/isteves"],
    "html_url": ["https://github.com/isteves"],
    "followers_url": ["https://api.github.com/users/isteves/followers"],
    "following_url": ["https://api.github.com/users/isteves/following{/other_user}"],
    "gists_url": ["https://api.github.com/users/isteves/gists{/gist_id}"],
    "starred_url": ["https://api.github.com/users/isteves/starred{/owner}{/repo}"],
    "subscriptions_url": ["https://api.github.com/users/isteves/subscriptions"],
    "organizations_url": ["https://api.github.com/users/isteves/orgs"],
    "repos_url": ["https://api.github.com/users/isteves/repos"],
    "events_url": ["https://api.github.com/users/isteves/events{/privacy}"],
    "received_events_url": ["https://api.github.com/users/isteves/received_events"],
    "type": ["User"],
    "site_admin": [false]
  },
  "html_url": ["https://github.com/isteves/shiny-tutorial"],
  "description": {},
  "fork": [true],
  "url": ["https://api.github.com/repos/isteves/shiny-tutorial"],
  "forks_url": ["https://api.github.com/repos/isteves/shiny-tutorial/forks"],
  "keys_url": ["https://api.github.com/repos/isteves/shiny-tutorial/keys{/key_id}"],
  "collaborators_url": ["https://api.github.com/repos/isteves/shiny-tutorial/collaborators{/collaborator}"],
  "teams_url": ["https://api.github.com/repos/isteves/shiny-tutorial/teams"],
  "hooks_url": ["https://api.github.com/repos/isteves/shiny-tutorial/hooks"],
  "issue_events_url": ["https://api.github.com/repos/isteves/shiny-tutorial/issues/events{/number}"],
  "events_url": ["https://api.github.com/repos/isteves/shiny-tutorial/events"],
  "assignees_url": ["https://api.github.com/repos/isteves/shiny-tutorial/assignees{/user}"],
  "branches_url": ["https://api.github.com/repos/isteves/shiny-tutorial/branches{/branch}"],
  "tags_url": ["https://api.github.com/repos/isteves/shiny-tutorial/tags"],
  "blobs_url": ["https://api.github.com/repos/isteves/shiny-tutorial/git/blobs{/sha}"],
  "git_tags_url": ["https://api.github.com/repos/isteves/shiny-tutorial/git/tags{/sha}"],
  "git_refs_url": ["https://api.github.com/repos/isteves/shiny-tutorial/git/refs{/sha}"],
  "trees_url": ["https://api.github.com/repos/isteves/shiny-tutorial/git/trees{/sha}"],
  "statuses_url": ["https://api.github.com/repos/isteves/shiny-tutorial/statuses/{sha}"],
  "languages_url": ["https://api.github.com/repos/isteves/shiny-tutorial/languages"],
  "stargazers_url": ["https://api.github.com/repos/isteves/shiny-tutorial/stargazers"],
  "contributors_url": ["https://api.github.com/repos/isteves/shiny-tutorial/contributors"],
  "subscribers_url": ["https://api.github.com/repos/isteves/shiny-tutorial/subscribers"],
  "subscription_url": ["https://api.github.com/repos/isteves/shiny-tutorial/subscription"],
  "commits_url": ["https://api.github.com/repos/isteves/shiny-tutorial/commits{/sha}"],
  "git_commits_url": ["https://api.github.com/repos/isteves/shiny-tutorial/git/commits{/sha}"],
  "comments_url": ["https://api.github.com/repos/isteves/shiny-tutorial/comments{/number}"],
  "issue_comment_url": ["https://api.github.com/repos/isteves/shiny-tutorial/issues/comments{/number}"],
  "contents_url": ["https://api.github.com/repos/isteves/shiny-tutorial/contents/{+path}"],
  "compare_url": ["https://api.github.com/repos/isteves/shiny-tutorial/compare/{base}...{head}"],
  "merges_url": ["https://api.github.com/repos/isteves/shiny-tutorial/merges"],
  "archive_url": ["https://api.github.com/repos/isteves/shiny-tutorial/{archive_format}{/ref}"],
  "downloads_url": ["https://api.github.com/repos/isteves/shiny-tutorial/downloads"],
  "issues_url": ["https://api.github.com/repos/isteves/shiny-tutorial/issues{/number}"],
  "pulls_url": ["https://api.github.com/repos/isteves/shiny-tutorial/pulls{/number}"],
  "milestones_url": ["https://api.github.com/repos/isteves/shiny-tutorial/milestones{/number}"],
  "notifications_url": ["https://api.github.com/repos/isteves/shiny-tutorial/notifications{?since,all,participating}"],
  "labels_url": ["https://api.github.com/repos/isteves/shiny-tutorial/labels{/name}"],
  "releases_url": ["https://api.github.com/repos/isteves/shiny-tutorial/releases{/id}"],
  "deployments_url": ["https://api.github.com/repos/isteves/shiny-tutorial/deployments"],
  "created_at": ["2019-03-20T10:33:38Z"],
  "updated_at": ["2019-03-20T10:33:40Z"],
  "pushed_at": ["2019-03-26T19:20:44Z"],
  "git_url": ["git://github.com/isteves/shiny-tutorial.git"],
  "ssh_url": ["git@github.com:isteves/shiny-tutorial.git"],
  "clone_url": ["https://github.com/isteves/shiny-tutorial.git"],
  "svn_url": ["https://github.com/isteves/shiny-tutorial"],
  "homepage": {},
  "size": [1022],
  "stargazers_count": [0],
  "watchers_count": [0],
  "language": ["R"],
  "has_issues": [false],
  "has_projects": [true],
  "has_downloads": [true],
  "has_wiki": [true],
  "has_pages": [false],
  "forks_count": [0],
  "mirror_url": {},
  "archived": [false],
  "open_issues_count": [0],
  "license": {},
  "forks": [0],
  "open_issues": [0],
  "watchers": [0],
  "default_branch": ["master"],
  "permissions": {
    "admin": [false],
    "push": [false],
    "pull": [true]
  }
}
