{
  "id": [174983022],
  "node_id": ["MDEwOlJlcG9zaXRvcnkxNzQ5ODMwMjI="],
  "name": ["studyGroup"],
  "full_name": ["isteves/studyGroup"],
  "private": [false],
  "owner": {
    "login": ["isteves"],
    "id": [25118334],
    "node_id": ["MDQ6VXNlcjI1MTE4MzM0"],
    "avatar_url": ["https://avatars2.githubusercontent.com/u/25118334?v=4"],
    "gravatar_id": [""],
    "url": ["https://api.github.com/users/isteves"],
    "html_url": ["https://github.com/isteves"],
    "followers_url": ["https://api.github.com/users/isteves/followers"],
    "following_url": ["https://api.github.com/users/isteves/following{/other_user}"],
    "gists_url": ["https://api.github.com/users/isteves/gists{/gist_id}"],
    "starred_url": ["https://api.github.com/users/isteves/starred{/owner}{/repo}"],
    "subscriptions_url": ["https://api.github.com/users/isteves/subscriptions"],
    "organizations_url": ["https://api.github.com/users/isteves/orgs"],
    "repos_url": ["https://api.github.com/users/isteves/repos"],
    "events_url": ["https://api.github.com/users/isteves/events{/privacy}"],
    "received_events_url": ["https://api.github.com/users/isteves/received_events"],
    "type": ["User"],
    "site_admin": [false]
  },
  "html_url": ["https://github.com/isteves/studyGroup"],
  "description": ["Welcome to the University of Toronto Coders!"],
  "fork": [true],
  "url": ["https://api.github.com/repos/isteves/studyGroup"],
  "forks_url": ["https://api.github.com/repos/isteves/studyGroup/forks"],
  "keys_url": ["https://api.github.com/repos/isteves/studyGroup/keys{/key_id}"],
  "collaborators_url": ["https://api.github.com/repos/isteves/studyGroup/collaborators{/collaborator}"],
  "teams_url": ["https://api.github.com/repos/isteves/studyGroup/teams"],
  "hooks_url": ["https://api.github.com/repos/isteves/studyGroup/hooks"],
  "issue_events_url": ["https://api.github.com/repos/isteves/studyGroup/issues/events{/number}"],
  "events_url": ["https://api.github.com/repos/isteves/studyGroup/events"],
  "assignees_url": ["https://api.github.com/repos/isteves/studyGroup/assignees{/user}"],
  "branches_url": ["https://api.github.com/repos/isteves/studyGroup/branches{/branch}"],
  "tags_url": ["https://api.github.com/repos/isteves/studyGroup/tags"],
  "blobs_url": ["https://api.github.com/repos/isteves/studyGroup/git/blobs{/sha}"],
  "git_tags_url": ["https://api.github.com/repos/isteves/studyGroup/git/tags{/sha}"],
  "git_refs_url": ["https://api.github.com/repos/isteves/studyGroup/git/refs{/sha}"],
  "trees_url": ["https://api.github.com/repos/isteves/studyGroup/git/trees{/sha}"],
  "statuses_url": ["https://api.github.com/repos/isteves/studyGroup/statuses/{sha}"],
  "languages_url": ["https://api.github.com/repos/isteves/studyGroup/languages"],
  "stargazers_url": ["https://api.github.com/repos/isteves/studyGroup/stargazers"],
  "contributors_url": ["https://api.github.com/repos/isteves/studyGroup/contributors"],
  "subscribers_url": ["https://api.github.com/repos/isteves/studyGroup/subscribers"],
  "subscription_url": ["https://api.github.com/repos/isteves/studyGroup/subscription"],
  "commits_url": ["https://api.github.com/repos/isteves/studyGroup/commits{/sha}"],
  "git_commits_url": ["https://api.github.com/repos/isteves/studyGroup/git/commits{/sha}"],
  "comments_url": ["https://api.github.com/repos/isteves/studyGroup/comments{/number}"],
  "issue_comment_url": ["https://api.github.com/repos/isteves/studyGroup/issues/comments{/number}"],
  "contents_url": ["https://api.github.com/repos/isteves/studyGroup/contents/{+path}"],
  "compare_url": ["https://api.github.com/repos/isteves/studyGroup/compare/{base}...{head}"],
  "merges_url": ["https://api.github.com/repos/isteves/studyGroup/merges"],
  "archive_url": ["https://api.github.com/repos/isteves/studyGroup/{archive_format}{/ref}"],
  "downloads_url": ["https://api.github.com/repos/isteves/studyGroup/downloads"],
  "issues_url": ["https://api.github.com/repos/isteves/studyGroup/issues{/number}"],
  "pulls_url": ["https://api.github.com/repos/isteves/studyGroup/pulls{/number}"],
  "milestones_url": ["https://api.github.com/repos/isteves/studyGroup/milestones{/number}"],
  "notifications_url": ["https://api.github.com/repos/isteves/studyGroup/notifications{?since,all,participating}"],
  "labels_url": ["https://api.github.com/repos/isteves/studyGroup/labels{/name}"],
  "releases_url": ["https://api.github.com/repos/isteves/studyGroup/releases{/id}"],
  "deployments_url": ["https://api.github.com/repos/isteves/studyGroup/deployments"],
  "created_at": ["2019-03-11T11:06:58Z"],
  "updated_at": ["2019-03-11T11:07:04Z"],
  "pushed_at": ["2019-03-08T05:16:00Z"],
  "git_url": ["git://github.com/isteves/studyGroup.git"],
  "ssh_url": ["git@github.com:isteves/studyGroup.git"],
  "clone_url": ["https://github.com/isteves/studyGroup.git"],
  "svn_url": ["https://github.com/isteves/studyGroup"],
  "homepage": ["https://uoftcoders.github.io/"],
  "size": [77020],
  "stargazers_count": [0],
  "watchers_count": [0],
  "language": ["Jupyter Notebook"],
  "has_issues": [false],
  "has_projects": [true],
  "has_downloads": [true],
  "has_wiki": [false],
  "has_pages": [false],
  "forks_count": [0],
  "mirror_url": {},
  "archived": [false],
  "open_issues_count": [0],
  "license": {
    "key": ["apache-2.0"],
    "name": ["Apache License 2.0"],
    "spdx_id": ["Apache-2.0"],
    "url": ["https://api.github.com/licenses/apache-2.0"],
    "node_id": ["MDc6TGljZW5zZTI="]
  },
  "forks": [0],
  "open_issues": [0],
  "watchers": [0],
  "default_branch": ["gh-pages"],
  "permissions": {
    "admin": [false],
    "push": [false],
    "pull": [true]
  }
}
