{
  "id": [130078969],
  "node_id": ["MDEwOlJlcG9zaXRvcnkxMzAwNzg5Njk="],
  "name": ["text_workshop"],
  "full_name": ["isteves/text_workshop"],
  "private": [false],
  "owner": {
    "login": ["isteves"],
    "id": [25118334],
    "node_id": ["MDQ6VXNlcjI1MTE4MzM0"],
    "avatar_url": ["https://avatars2.githubusercontent.com/u/25118334?v=4"],
    "gravatar_id": [""],
    "url": ["https://api.github.com/users/isteves"],
    "html_url": ["https://github.com/isteves"],
    "followers_url": ["https://api.github.com/users/isteves/followers"],
    "following_url": ["https://api.github.com/users/isteves/following{/other_user}"],
    "gists_url": ["https://api.github.com/users/isteves/gists{/gist_id}"],
    "starred_url": ["https://api.github.com/users/isteves/starred{/owner}{/repo}"],
    "subscriptions_url": ["https://api.github.com/users/isteves/subscriptions"],
    "organizations_url": ["https://api.github.com/users/isteves/orgs"],
    "repos_url": ["https://api.github.com/users/isteves/repos"],
    "events_url": ["https://api.github.com/users/isteves/events{/privacy}"],
    "received_events_url": ["https://api.github.com/users/isteves/received_events"],
    "type": ["User"],
    "site_admin": [false]
  },
  "html_url": ["https://github.com/isteves/text_workshop"],
  "description": {},
  "fork": [true],
  "url": ["https://api.github.com/repos/isteves/text_workshop"],
  "forks_url": ["https://api.github.com/repos/isteves/text_workshop/forks"],
  "keys_url": ["https://api.github.com/repos/isteves/text_workshop/keys{/key_id}"],
  "collaborators_url": ["https://api.github.com/repos/isteves/text_workshop/collaborators{/collaborator}"],
  "teams_url": ["https://api.github.com/repos/isteves/text_workshop/teams"],
  "hooks_url": ["https://api.github.com/repos/isteves/text_workshop/hooks"],
  "issue_events_url": ["https://api.github.com/repos/isteves/text_workshop/issues/events{/number}"],
  "events_url": ["https://api.github.com/repos/isteves/text_workshop/events"],
  "assignees_url": ["https://api.github.com/repos/isteves/text_workshop/assignees{/user}"],
  "branches_url": ["https://api.github.com/repos/isteves/text_workshop/branches{/branch}"],
  "tags_url": ["https://api.github.com/repos/isteves/text_workshop/tags"],
  "blobs_url": ["https://api.github.com/repos/isteves/text_workshop/git/blobs{/sha}"],
  "git_tags_url": ["https://api.github.com/repos/isteves/text_workshop/git/tags{/sha}"],
  "git_refs_url": ["https://api.github.com/repos/isteves/text_workshop/git/refs{/sha}"],
  "trees_url": ["https://api.github.com/repos/isteves/text_workshop/git/trees{/sha}"],
  "statuses_url": ["https://api.github.com/repos/isteves/text_workshop/statuses/{sha}"],
  "languages_url": ["https://api.github.com/repos/isteves/text_workshop/languages"],
  "stargazers_url": ["https://api.github.com/repos/isteves/text_workshop/stargazers"],
  "contributors_url": ["https://api.github.com/repos/isteves/text_workshop/contributors"],
  "subscribers_url": ["https://api.github.com/repos/isteves/text_workshop/subscribers"],
  "subscription_url": ["https://api.github.com/repos/isteves/text_workshop/subscription"],
  "commits_url": ["https://api.github.com/repos/isteves/text_workshop/commits{/sha}"],
  "git_commits_url": ["https://api.github.com/repos/isteves/text_workshop/git/commits{/sha}"],
  "comments_url": ["https://api.github.com/repos/isteves/text_workshop/comments{/number}"],
  "issue_comment_url": ["https://api.github.com/repos/isteves/text_workshop/issues/comments{/number}"],
  "contents_url": ["https://api.github.com/repos/isteves/text_workshop/contents/{+path}"],
  "compare_url": ["https://api.github.com/repos/isteves/text_workshop/compare/{base}...{head}"],
  "merges_url": ["https://api.github.com/repos/isteves/text_workshop/merges"],
  "archive_url": ["https://api.github.com/repos/isteves/text_workshop/{archive_format}{/ref}"],
  "downloads_url": ["https://api.github.com/repos/isteves/text_workshop/downloads"],
  "issues_url": ["https://api.github.com/repos/isteves/text_workshop/issues{/number}"],
  "pulls_url": ["https://api.github.com/repos/isteves/text_workshop/pulls{/number}"],
  "milestones_url": ["https://api.github.com/repos/isteves/text_workshop/milestones{/number}"],
  "notifications_url": ["https://api.github.com/repos/isteves/text_workshop/notifications{?since,all,participating}"],
  "labels_url": ["https://api.github.com/repos/isteves/text_workshop/labels{/name}"],
  "releases_url": ["https://api.github.com/repos/isteves/text_workshop/releases{/id}"],
  "deployments_url": ["https://api.github.com/repos/isteves/text_workshop/deployments"],
  "created_at": ["2018-04-18T14:56:21Z"],
  "updated_at": ["2018-04-18T14:56:23Z"],
  "pushed_at": ["2018-04-17T21:54:18Z"],
  "git_url": ["git://github.com/isteves/text_workshop.git"],
  "ssh_url": ["git@github.com:isteves/text_workshop.git"],
  "clone_url": ["https://github.com/isteves/text_workshop.git"],
  "svn_url": ["https://github.com/isteves/text_workshop"],
  "homepage": {},
  "size": [16484],
  "stargazers_count": [0],
  "watchers_count": [0],
  "language": ["HTML"],
  "has_issues": [false],
  "has_projects": [true],
  "has_downloads": [true],
  "has_wiki": [true],
  "has_pages": [false],
  "forks_count": [0],
  "mirror_url": {},
  "archived": [false],
  "open_issues_count": [0],
  "license": {},
  "forks": [0],
  "open_issues": [0],
  "watchers": [0],
  "default_branch": ["master"],
  "permissions": {
    "admin": [false],
    "push": [false],
    "pull": [true]
  }
}
