{
  "id": [89279778],
  "node_id": ["MDEwOlJlcG9zaXRvcnk4OTI3OTc3OA=="],
  "name": ["titanic"],
  "full_name": ["isteves/titanic"],
  "private": [false],
  "owner": {
    "login": ["isteves"],
    "id": [25118334],
    "node_id": ["MDQ6VXNlcjI1MTE4MzM0"],
    "avatar_url": ["https://avatars2.githubusercontent.com/u/25118334?v=4"],
    "gravatar_id": [""],
    "url": ["https://api.github.com/users/isteves"],
    "html_url": ["https://github.com/isteves"],
    "followers_url": ["https://api.github.com/users/isteves/followers"],
    "following_url": ["https://api.github.com/users/isteves/following{/other_user}"],
    "gists_url": ["https://api.github.com/users/isteves/gists{/gist_id}"],
    "starred_url": ["https://api.github.com/users/isteves/starred{/owner}{/repo}"],
    "subscriptions_url": ["https://api.github.com/users/isteves/subscriptions"],
    "organizations_url": ["https://api.github.com/users/isteves/orgs"],
    "repos_url": ["https://api.github.com/users/isteves/repos"],
    "events_url": ["https://api.github.com/users/isteves/events{/privacy}"],
    "received_events_url": ["https://api.github.com/users/isteves/received_events"],
    "type": ["User"],
    "site_admin": [false]
  },
  "html_url": ["https://github.com/isteves/titanic"],
  "description": ["code for the \"titanic\" prediction competition on kaggle"],
  "fork": [true],
  "url": ["https://api.github.com/repos/isteves/titanic"],
  "forks_url": ["https://api.github.com/repos/isteves/titanic/forks"],
  "keys_url": ["https://api.github.com/repos/isteves/titanic/keys{/key_id}"],
  "collaborators_url": ["https://api.github.com/repos/isteves/titanic/collaborators{/collaborator}"],
  "teams_url": ["https://api.github.com/repos/isteves/titanic/teams"],
  "hooks_url": ["https://api.github.com/repos/isteves/titanic/hooks"],
  "issue_events_url": ["https://api.github.com/repos/isteves/titanic/issues/events{/number}"],
  "events_url": ["https://api.github.com/repos/isteves/titanic/events"],
  "assignees_url": ["https://api.github.com/repos/isteves/titanic/assignees{/user}"],
  "branches_url": ["https://api.github.com/repos/isteves/titanic/branches{/branch}"],
  "tags_url": ["https://api.github.com/repos/isteves/titanic/tags"],
  "blobs_url": ["https://api.github.com/repos/isteves/titanic/git/blobs{/sha}"],
  "git_tags_url": ["https://api.github.com/repos/isteves/titanic/git/tags{/sha}"],
  "git_refs_url": ["https://api.github.com/repos/isteves/titanic/git/refs{/sha}"],
  "trees_url": ["https://api.github.com/repos/isteves/titanic/git/trees{/sha}"],
  "statuses_url": ["https://api.github.com/repos/isteves/titanic/statuses/{sha}"],
  "languages_url": ["https://api.github.com/repos/isteves/titanic/languages"],
  "stargazers_url": ["https://api.github.com/repos/isteves/titanic/stargazers"],
  "contributors_url": ["https://api.github.com/repos/isteves/titanic/contributors"],
  "subscribers_url": ["https://api.github.com/repos/isteves/titanic/subscribers"],
  "subscription_url": ["https://api.github.com/repos/isteves/titanic/subscription"],
  "commits_url": ["https://api.github.com/repos/isteves/titanic/commits{/sha}"],
  "git_commits_url": ["https://api.github.com/repos/isteves/titanic/git/commits{/sha}"],
  "comments_url": ["https://api.github.com/repos/isteves/titanic/comments{/number}"],
  "issue_comment_url": ["https://api.github.com/repos/isteves/titanic/issues/comments{/number}"],
  "contents_url": ["https://api.github.com/repos/isteves/titanic/contents/{+path}"],
  "compare_url": ["https://api.github.com/repos/isteves/titanic/compare/{base}...{head}"],
  "merges_url": ["https://api.github.com/repos/isteves/titanic/merges"],
  "archive_url": ["https://api.github.com/repos/isteves/titanic/{archive_format}{/ref}"],
  "downloads_url": ["https://api.github.com/repos/isteves/titanic/downloads"],
  "issues_url": ["https://api.github.com/repos/isteves/titanic/issues{/number}"],
  "pulls_url": ["https://api.github.com/repos/isteves/titanic/pulls{/number}"],
  "milestones_url": ["https://api.github.com/repos/isteves/titanic/milestones{/number}"],
  "notifications_url": ["https://api.github.com/repos/isteves/titanic/notifications{?since,all,participating}"],
  "labels_url": ["https://api.github.com/repos/isteves/titanic/labels{/name}"],
  "releases_url": ["https://api.github.com/repos/isteves/titanic/releases{/id}"],
  "deployments_url": ["https://api.github.com/repos/isteves/titanic/deployments"],
  "created_at": ["2017-04-24T19:35:21Z"],
  "updated_at": ["2018-12-21T09:20:53Z"],
  "pushed_at": ["2018-12-21T09:20:51Z"],
  "git_url": ["git://github.com/isteves/titanic.git"],
  "ssh_url": ["git@github.com:isteves/titanic.git"],
  "clone_url": ["https://github.com/isteves/titanic.git"],
  "svn_url": ["https://github.com/isteves/titanic"],
  "homepage": {},
  "size": [5],
  "stargazers_count": [0],
  "watchers_count": [0],
  "language": ["R"],
  "has_issues": [false],
  "has_projects": [true],
  "has_downloads": [true],
  "has_wiki": [true],
  "has_pages": [false],
  "forks_count": [0],
  "mirror_url": {},
  "archived": [false],
  "open_issues_count": [0],
  "license": {},
  "forks": [0],
  "open_issues": [0],
  "watchers": [0],
  "default_branch": ["master"],
  "permissions": {
    "admin": [false],
    "push": [false],
    "pull": [true]
  }
}
