{
  "id": [119649372],
  "node_id": ["MDEwOlJlcG9zaXRvcnkxMTk2NDkzNzI="],
  "name": ["tutorials"],
  "full_name": ["isteves/tutorials"],
  "private": [false],
  "owner": {
    "login": ["isteves"],
    "id": [25118334],
    "node_id": ["MDQ6VXNlcjI1MTE4MzM0"],
    "avatar_url": ["https://avatars2.githubusercontent.com/u/25118334?v=4"],
    "gravatar_id": [""],
    "url": ["https://api.github.com/users/isteves"],
    "html_url": ["https://github.com/isteves"],
    "followers_url": ["https://api.github.com/users/isteves/followers"],
    "following_url": ["https://api.github.com/users/isteves/following{/other_user}"],
    "gists_url": ["https://api.github.com/users/isteves/gists{/gist_id}"],
    "starred_url": ["https://api.github.com/users/isteves/starred{/owner}{/repo}"],
    "subscriptions_url": ["https://api.github.com/users/isteves/subscriptions"],
    "organizations_url": ["https://api.github.com/users/isteves/orgs"],
    "repos_url": ["https://api.github.com/users/isteves/repos"],
    "events_url": ["https://api.github.com/users/isteves/events{/privacy}"],
    "received_events_url": ["https://api.github.com/users/isteves/received_events"],
    "type": ["User"],
    "site_admin": [false]
  },
  "html_url": ["https://github.com/isteves/tutorials"],
  "description": ["Miscellaneous short guides on using the command line, git, Python, etc. (from the perspective of an R-user)"],
  "fork": [false],
  "url": ["https://api.github.com/repos/isteves/tutorials"],
  "forks_url": ["https://api.github.com/repos/isteves/tutorials/forks"],
  "keys_url": ["https://api.github.com/repos/isteves/tutorials/keys{/key_id}"],
  "collaborators_url": ["https://api.github.com/repos/isteves/tutorials/collaborators{/collaborator}"],
  "teams_url": ["https://api.github.com/repos/isteves/tutorials/teams"],
  "hooks_url": ["https://api.github.com/repos/isteves/tutorials/hooks"],
  "issue_events_url": ["https://api.github.com/repos/isteves/tutorials/issues/events{/number}"],
  "events_url": ["https://api.github.com/repos/isteves/tutorials/events"],
  "assignees_url": ["https://api.github.com/repos/isteves/tutorials/assignees{/user}"],
  "branches_url": ["https://api.github.com/repos/isteves/tutorials/branches{/branch}"],
  "tags_url": ["https://api.github.com/repos/isteves/tutorials/tags"],
  "blobs_url": ["https://api.github.com/repos/isteves/tutorials/git/blobs{/sha}"],
  "git_tags_url": ["https://api.github.com/repos/isteves/tutorials/git/tags{/sha}"],
  "git_refs_url": ["https://api.github.com/repos/isteves/tutorials/git/refs{/sha}"],
  "trees_url": ["https://api.github.com/repos/isteves/tutorials/git/trees{/sha}"],
  "statuses_url": ["https://api.github.com/repos/isteves/tutorials/statuses/{sha}"],
  "languages_url": ["https://api.github.com/repos/isteves/tutorials/languages"],
  "stargazers_url": ["https://api.github.com/repos/isteves/tutorials/stargazers"],
  "contributors_url": ["https://api.github.com/repos/isteves/tutorials/contributors"],
  "subscribers_url": ["https://api.github.com/repos/isteves/tutorials/subscribers"],
  "subscription_url": ["https://api.github.com/repos/isteves/tutorials/subscription"],
  "commits_url": ["https://api.github.com/repos/isteves/tutorials/commits{/sha}"],
  "git_commits_url": ["https://api.github.com/repos/isteves/tutorials/git/commits{/sha}"],
  "comments_url": ["https://api.github.com/repos/isteves/tutorials/comments{/number}"],
  "issue_comment_url": ["https://api.github.com/repos/isteves/tutorials/issues/comments{/number}"],
  "contents_url": ["https://api.github.com/repos/isteves/tutorials/contents/{+path}"],
  "compare_url": ["https://api.github.com/repos/isteves/tutorials/compare/{base}...{head}"],
  "merges_url": ["https://api.github.com/repos/isteves/tutorials/merges"],
  "archive_url": ["https://api.github.com/repos/isteves/tutorials/{archive_format}{/ref}"],
  "downloads_url": ["https://api.github.com/repos/isteves/tutorials/downloads"],
  "issues_url": ["https://api.github.com/repos/isteves/tutorials/issues{/number}"],
  "pulls_url": ["https://api.github.com/repos/isteves/tutorials/pulls{/number}"],
  "milestones_url": ["https://api.github.com/repos/isteves/tutorials/milestones{/number}"],
  "notifications_url": ["https://api.github.com/repos/isteves/tutorials/notifications{?since,all,participating}"],
  "labels_url": ["https://api.github.com/repos/isteves/tutorials/labels{/name}"],
  "releases_url": ["https://api.github.com/repos/isteves/tutorials/releases{/id}"],
  "deployments_url": ["https://api.github.com/repos/isteves/tutorials/deployments"],
  "created_at": ["2018-01-31T07:12:51Z"],
  "updated_at": ["2018-06-03T19:09:36Z"],
  "pushed_at": ["2018-06-03T19:09:35Z"],
  "git_url": ["git://github.com/isteves/tutorials.git"],
  "ssh_url": ["git@github.com:isteves/tutorials.git"],
  "clone_url": ["https://github.com/isteves/tutorials.git"],
  "svn_url": ["https://github.com/isteves/tutorials"],
  "homepage": ["https://isteves.github.io/tutorials"],
  "size": [2198],
  "stargazers_count": [0],
  "watchers_count": [0],
  "language": ["HTML"],
  "has_issues": [true],
  "has_projects": [true],
  "has_downloads": [true],
  "has_wiki": [true],
  "has_pages": [true],
  "forks_count": [1],
  "mirror_url": {},
  "archived": [false],
  "open_issues_count": [1],
  "license": {},
  "forks": [1],
  "open_issues": [1],
  "watchers": [0],
  "default_branch": ["master"],
  "permissions": {
    "admin": [false],
    "push": [false],
    "pull": [true]
  }
}
