{
  "id": [129846242],
  "node_id": ["MDEwOlJlcG9zaXRvcnkxMjk4NDYyNDI="],
  "name": ["twittertext"],
  "full_name": ["isteves/twittertext"],
  "private": [false],
  "owner": {
    "login": ["isteves"],
    "id": [25118334],
    "node_id": ["MDQ6VXNlcjI1MTE4MzM0"],
    "avatar_url": ["https://avatars2.githubusercontent.com/u/25118334?v=4"],
    "gravatar_id": [""],
    "url": ["https://api.github.com/users/isteves"],
    "html_url": ["https://github.com/isteves"],
    "followers_url": ["https://api.github.com/users/isteves/followers"],
    "following_url": ["https://api.github.com/users/isteves/following{/other_user}"],
    "gists_url": ["https://api.github.com/users/isteves/gists{/gist_id}"],
    "starred_url": ["https://api.github.com/users/isteves/starred{/owner}{/repo}"],
    "subscriptions_url": ["https://api.github.com/users/isteves/subscriptions"],
    "organizations_url": ["https://api.github.com/users/isteves/orgs"],
    "repos_url": ["https://api.github.com/users/isteves/repos"],
    "events_url": ["https://api.github.com/users/isteves/events{/privacy}"],
    "received_events_url": ["https://api.github.com/users/isteves/received_events"],
    "type": ["User"],
    "site_admin": [false]
  },
  "html_url": ["https://github.com/isteves/twittertext"],
  "description": {},
  "fork": [false],
  "url": ["https://api.github.com/repos/isteves/twittertext"],
  "forks_url": ["https://api.github.com/repos/isteves/twittertext/forks"],
  "keys_url": ["https://api.github.com/repos/isteves/twittertext/keys{/key_id}"],
  "collaborators_url": ["https://api.github.com/repos/isteves/twittertext/collaborators{/collaborator}"],
  "teams_url": ["https://api.github.com/repos/isteves/twittertext/teams"],
  "hooks_url": ["https://api.github.com/repos/isteves/twittertext/hooks"],
  "issue_events_url": ["https://api.github.com/repos/isteves/twittertext/issues/events{/number}"],
  "events_url": ["https://api.github.com/repos/isteves/twittertext/events"],
  "assignees_url": ["https://api.github.com/repos/isteves/twittertext/assignees{/user}"],
  "branches_url": ["https://api.github.com/repos/isteves/twittertext/branches{/branch}"],
  "tags_url": ["https://api.github.com/repos/isteves/twittertext/tags"],
  "blobs_url": ["https://api.github.com/repos/isteves/twittertext/git/blobs{/sha}"],
  "git_tags_url": ["https://api.github.com/repos/isteves/twittertext/git/tags{/sha}"],
  "git_refs_url": ["https://api.github.com/repos/isteves/twittertext/git/refs{/sha}"],
  "trees_url": ["https://api.github.com/repos/isteves/twittertext/git/trees{/sha}"],
  "statuses_url": ["https://api.github.com/repos/isteves/twittertext/statuses/{sha}"],
  "languages_url": ["https://api.github.com/repos/isteves/twittertext/languages"],
  "stargazers_url": ["https://api.github.com/repos/isteves/twittertext/stargazers"],
  "contributors_url": ["https://api.github.com/repos/isteves/twittertext/contributors"],
  "subscribers_url": ["https://api.github.com/repos/isteves/twittertext/subscribers"],
  "subscription_url": ["https://api.github.com/repos/isteves/twittertext/subscription"],
  "commits_url": ["https://api.github.com/repos/isteves/twittertext/commits{/sha}"],
  "git_commits_url": ["https://api.github.com/repos/isteves/twittertext/git/commits{/sha}"],
  "comments_url": ["https://api.github.com/repos/isteves/twittertext/comments{/number}"],
  "issue_comment_url": ["https://api.github.com/repos/isteves/twittertext/issues/comments{/number}"],
  "contents_url": ["https://api.github.com/repos/isteves/twittertext/contents/{+path}"],
  "compare_url": ["https://api.github.com/repos/isteves/twittertext/compare/{base}...{head}"],
  "merges_url": ["https://api.github.com/repos/isteves/twittertext/merges"],
  "archive_url": ["https://api.github.com/repos/isteves/twittertext/{archive_format}{/ref}"],
  "downloads_url": ["https://api.github.com/repos/isteves/twittertext/downloads"],
  "issues_url": ["https://api.github.com/repos/isteves/twittertext/issues{/number}"],
  "pulls_url": ["https://api.github.com/repos/isteves/twittertext/pulls{/number}"],
  "milestones_url": ["https://api.github.com/repos/isteves/twittertext/milestones{/number}"],
  "notifications_url": ["https://api.github.com/repos/isteves/twittertext/notifications{?since,all,participating}"],
  "labels_url": ["https://api.github.com/repos/isteves/twittertext/labels{/name}"],
  "releases_url": ["https://api.github.com/repos/isteves/twittertext/releases{/id}"],
  "deployments_url": ["https://api.github.com/repos/isteves/twittertext/deployments"],
  "created_at": ["2018-04-17T04:31:41Z"],
  "updated_at": ["2018-04-17T04:46:57Z"],
  "pushed_at": ["2018-04-17T04:46:56Z"],
  "git_url": ["git://github.com/isteves/twittertext.git"],
  "ssh_url": ["git@github.com:isteves/twittertext.git"],
  "clone_url": ["https://github.com/isteves/twittertext.git"],
  "svn_url": ["https://github.com/isteves/twittertext"],
  "homepage": {},
  "size": [1],
  "stargazers_count": [0],
  "watchers_count": [0],
  "language": ["R"],
  "has_issues": [true],
  "has_projects": [true],
  "has_downloads": [true],
  "has_wiki": [true],
  "has_pages": [false],
  "forks_count": [0],
  "mirror_url": {},
  "archived": [false],
  "open_issues_count": [0],
  "license": {},
  "forks": [0],
  "open_issues": [0],
  "watchers": [0],
  "default_branch": ["master"],
  "permissions": {
    "admin": [false],
    "push": [false],
    "pull": [true]
  }
}
