{
  "id": [124146821],
  "node_id": ["MDEwOlJlcG9zaXRvcnkxMjQxNDY4MjE="],
  "name": ["two-bookdowns-example"],
  "full_name": ["isteves/two-bookdowns-example"],
  "private": [false],
  "owner": {
    "login": ["isteves"],
    "id": [25118334],
    "node_id": ["MDQ6VXNlcjI1MTE4MzM0"],
    "avatar_url": ["https://avatars2.githubusercontent.com/u/25118334?v=4"],
    "gravatar_id": [""],
    "url": ["https://api.github.com/users/isteves"],
    "html_url": ["https://github.com/isteves"],
    "followers_url": ["https://api.github.com/users/isteves/followers"],
    "following_url": ["https://api.github.com/users/isteves/following{/other_user}"],
    "gists_url": ["https://api.github.com/users/isteves/gists{/gist_id}"],
    "starred_url": ["https://api.github.com/users/isteves/starred{/owner}{/repo}"],
    "subscriptions_url": ["https://api.github.com/users/isteves/subscriptions"],
    "organizations_url": ["https://api.github.com/users/isteves/orgs"],
    "repos_url": ["https://api.github.com/users/isteves/repos"],
    "events_url": ["https://api.github.com/users/isteves/events{/privacy}"],
    "received_events_url": ["https://api.github.com/users/isteves/received_events"],
    "type": ["User"],
    "site_admin": [false]
  },
  "html_url": ["https://github.com/isteves/two-bookdowns-example"],
  "description": ["Example of how to create two bookdowns from one repo (and integrate it with Travis!)"],
  "fork": [false],
  "url": ["https://api.github.com/repos/isteves/two-bookdowns-example"],
  "forks_url": ["https://api.github.com/repos/isteves/two-bookdowns-example/forks"],
  "keys_url": ["https://api.github.com/repos/isteves/two-bookdowns-example/keys{/key_id}"],
  "collaborators_url": ["https://api.github.com/repos/isteves/two-bookdowns-example/collaborators{/collaborator}"],
  "teams_url": ["https://api.github.com/repos/isteves/two-bookdowns-example/teams"],
  "hooks_url": ["https://api.github.com/repos/isteves/two-bookdowns-example/hooks"],
  "issue_events_url": ["https://api.github.com/repos/isteves/two-bookdowns-example/issues/events{/number}"],
  "events_url": ["https://api.github.com/repos/isteves/two-bookdowns-example/events"],
  "assignees_url": ["https://api.github.com/repos/isteves/two-bookdowns-example/assignees{/user}"],
  "branches_url": ["https://api.github.com/repos/isteves/two-bookdowns-example/branches{/branch}"],
  "tags_url": ["https://api.github.com/repos/isteves/two-bookdowns-example/tags"],
  "blobs_url": ["https://api.github.com/repos/isteves/two-bookdowns-example/git/blobs{/sha}"],
  "git_tags_url": ["https://api.github.com/repos/isteves/two-bookdowns-example/git/tags{/sha}"],
  "git_refs_url": ["https://api.github.com/repos/isteves/two-bookdowns-example/git/refs{/sha}"],
  "trees_url": ["https://api.github.com/repos/isteves/two-bookdowns-example/git/trees{/sha}"],
  "statuses_url": ["https://api.github.com/repos/isteves/two-bookdowns-example/statuses/{sha}"],
  "languages_url": ["https://api.github.com/repos/isteves/two-bookdowns-example/languages"],
  "stargazers_url": ["https://api.github.com/repos/isteves/two-bookdowns-example/stargazers"],
  "contributors_url": ["https://api.github.com/repos/isteves/two-bookdowns-example/contributors"],
  "subscribers_url": ["https://api.github.com/repos/isteves/two-bookdowns-example/subscribers"],
  "subscription_url": ["https://api.github.com/repos/isteves/two-bookdowns-example/subscription"],
  "commits_url": ["https://api.github.com/repos/isteves/two-bookdowns-example/commits{/sha}"],
  "git_commits_url": ["https://api.github.com/repos/isteves/two-bookdowns-example/git/commits{/sha}"],
  "comments_url": ["https://api.github.com/repos/isteves/two-bookdowns-example/comments{/number}"],
  "issue_comment_url": ["https://api.github.com/repos/isteves/two-bookdowns-example/issues/comments{/number}"],
  "contents_url": ["https://api.github.com/repos/isteves/two-bookdowns-example/contents/{+path}"],
  "compare_url": ["https://api.github.com/repos/isteves/two-bookdowns-example/compare/{base}...{head}"],
  "merges_url": ["https://api.github.com/repos/isteves/two-bookdowns-example/merges"],
  "archive_url": ["https://api.github.com/repos/isteves/two-bookdowns-example/{archive_format}{/ref}"],
  "downloads_url": ["https://api.github.com/repos/isteves/two-bookdowns-example/downloads"],
  "issues_url": ["https://api.github.com/repos/isteves/two-bookdowns-example/issues{/number}"],
  "pulls_url": ["https://api.github.com/repos/isteves/two-bookdowns-example/pulls{/number}"],
  "milestones_url": ["https://api.github.com/repos/isteves/two-bookdowns-example/milestones{/number}"],
  "notifications_url": ["https://api.github.com/repos/isteves/two-bookdowns-example/notifications{?since,all,participating}"],
  "labels_url": ["https://api.github.com/repos/isteves/two-bookdowns-example/labels{/name}"],
  "releases_url": ["https://api.github.com/repos/isteves/two-bookdowns-example/releases{/id}"],
  "deployments_url": ["https://api.github.com/repos/isteves/two-bookdowns-example/deployments"],
  "created_at": ["2018-03-06T22:30:51Z"],
  "updated_at": ["2019-03-25T17:35:51Z"],
  "pushed_at": ["2018-03-21T17:36:51Z"],
  "git_url": ["git://github.com/isteves/two-bookdowns-example.git"],
  "ssh_url": ["git@github.com:isteves/two-bookdowns-example.git"],
  "clone_url": ["https://github.com/isteves/two-bookdowns-example.git"],
  "svn_url": ["https://github.com/isteves/two-bookdowns-example"],
  "homepage": [""],
  "size": [2005],
  "stargazers_count": [2],
  "watchers_count": [2],
  "language": ["TeX"],
  "has_issues": [true],
  "has_projects": [true],
  "has_downloads": [true],
  "has_wiki": [true],
  "has_pages": [true],
  "forks_count": [3],
  "mirror_url": {},
  "archived": [false],
  "open_issues_count": [1],
  "license": {},
  "forks": [3],
  "open_issues": [1],
  "watchers": [2],
  "default_branch": ["master"],
  "permissions": {
    "admin": [false],
    "push": [false],
    "pull": [true]
  }
}
