{
  "id": [177380546],
  "node_id": ["MDEwOlJlcG9zaXRvcnkxNzczODA1NDY="],
  "name": ["typos"],
  "full_name": ["isteves/typos"],
  "private": [false],
  "owner": {
    "login": ["isteves"],
    "id": [25118334],
    "node_id": ["MDQ6VXNlcjI1MTE4MzM0"],
    "avatar_url": ["https://avatars2.githubusercontent.com/u/25118334?v=4"],
    "gravatar_id": [""],
    "url": ["https://api.github.com/users/isteves"],
    "html_url": ["https://github.com/isteves"],
    "followers_url": ["https://api.github.com/users/isteves/followers"],
    "following_url": ["https://api.github.com/users/isteves/following{/other_user}"],
    "gists_url": ["https://api.github.com/users/isteves/gists{/gist_id}"],
    "starred_url": ["https://api.github.com/users/isteves/starred{/owner}{/repo}"],
    "subscriptions_url": ["https://api.github.com/users/isteves/subscriptions"],
    "organizations_url": ["https://api.github.com/users/isteves/orgs"],
    "repos_url": ["https://api.github.com/users/isteves/repos"],
    "events_url": ["https://api.github.com/users/isteves/events{/privacy}"],
    "received_events_url": ["https://api.github.com/users/isteves/received_events"],
    "type": ["User"],
    "site_admin": [false]
  },
  "html_url": ["https://github.com/isteves/typos"],
  "description": ["Repository with a lot of typos to practice PRs"],
  "fork": [false],
  "url": ["https://api.github.com/repos/isteves/typos"],
  "forks_url": ["https://api.github.com/repos/isteves/typos/forks"],
  "keys_url": ["https://api.github.com/repos/isteves/typos/keys{/key_id}"],
  "collaborators_url": ["https://api.github.com/repos/isteves/typos/collaborators{/collaborator}"],
  "teams_url": ["https://api.github.com/repos/isteves/typos/teams"],
  "hooks_url": ["https://api.github.com/repos/isteves/typos/hooks"],
  "issue_events_url": ["https://api.github.com/repos/isteves/typos/issues/events{/number}"],
  "events_url": ["https://api.github.com/repos/isteves/typos/events"],
  "assignees_url": ["https://api.github.com/repos/isteves/typos/assignees{/user}"],
  "branches_url": ["https://api.github.com/repos/isteves/typos/branches{/branch}"],
  "tags_url": ["https://api.github.com/repos/isteves/typos/tags"],
  "blobs_url": ["https://api.github.com/repos/isteves/typos/git/blobs{/sha}"],
  "git_tags_url": ["https://api.github.com/repos/isteves/typos/git/tags{/sha}"],
  "git_refs_url": ["https://api.github.com/repos/isteves/typos/git/refs{/sha}"],
  "trees_url": ["https://api.github.com/repos/isteves/typos/git/trees{/sha}"],
  "statuses_url": ["https://api.github.com/repos/isteves/typos/statuses/{sha}"],
  "languages_url": ["https://api.github.com/repos/isteves/typos/languages"],
  "stargazers_url": ["https://api.github.com/repos/isteves/typos/stargazers"],
  "contributors_url": ["https://api.github.com/repos/isteves/typos/contributors"],
  "subscribers_url": ["https://api.github.com/repos/isteves/typos/subscribers"],
  "subscription_url": ["https://api.github.com/repos/isteves/typos/subscription"],
  "commits_url": ["https://api.github.com/repos/isteves/typos/commits{/sha}"],
  "git_commits_url": ["https://api.github.com/repos/isteves/typos/git/commits{/sha}"],
  "comments_url": ["https://api.github.com/repos/isteves/typos/comments{/number}"],
  "issue_comment_url": ["https://api.github.com/repos/isteves/typos/issues/comments{/number}"],
  "contents_url": ["https://api.github.com/repos/isteves/typos/contents/{+path}"],
  "compare_url": ["https://api.github.com/repos/isteves/typos/compare/{base}...{head}"],
  "merges_url": ["https://api.github.com/repos/isteves/typos/merges"],
  "archive_url": ["https://api.github.com/repos/isteves/typos/{archive_format}{/ref}"],
  "downloads_url": ["https://api.github.com/repos/isteves/typos/downloads"],
  "issues_url": ["https://api.github.com/repos/isteves/typos/issues{/number}"],
  "pulls_url": ["https://api.github.com/repos/isteves/typos/pulls{/number}"],
  "milestones_url": ["https://api.github.com/repos/isteves/typos/milestones{/number}"],
  "notifications_url": ["https://api.github.com/repos/isteves/typos/notifications{?since,all,participating}"],
  "labels_url": ["https://api.github.com/repos/isteves/typos/labels{/name}"],
  "releases_url": ["https://api.github.com/repos/isteves/typos/releases{/id}"],
  "deployments_url": ["https://api.github.com/repos/isteves/typos/deployments"],
  "created_at": ["2019-03-24T06:49:01Z"],
  "updated_at": ["2019-03-24T15:20:40Z"],
  "pushed_at": ["2019-03-24T15:20:39Z"],
  "git_url": ["git://github.com/isteves/typos.git"],
  "ssh_url": ["git@github.com:isteves/typos.git"],
  "clone_url": ["https://github.com/isteves/typos.git"],
  "svn_url": ["https://github.com/isteves/typos"],
  "homepage": {},
  "size": [10],
  "stargazers_count": [0],
  "watchers_count": [0],
  "language": {},
  "has_issues": [true],
  "has_projects": [true],
  "has_downloads": [true],
  "has_wiki": [true],
  "has_pages": [false],
  "forks_count": [7],
  "mirror_url": {},
  "archived": [false],
  "open_issues_count": [5],
  "license": {},
  "forks": [7],
  "open_issues": [5],
  "watchers": [0],
  "default_branch": ["master"],
  "permissions": {
    "admin": [false],
    "push": [false],
    "pull": [true]
  }
}
