{
  "id": [144412455],
  "node_id": ["MDEwOlJlcG9zaXRvcnkxNDQ0MTI0NTU="],
  "name": ["wakefield"],
  "full_name": ["isteves/wakefield"],
  "private": [false],
  "owner": {
    "login": ["isteves"],
    "id": [25118334],
    "node_id": ["MDQ6VXNlcjI1MTE4MzM0"],
    "avatar_url": ["https://avatars2.githubusercontent.com/u/25118334?v=4"],
    "gravatar_id": [""],
    "url": ["https://api.github.com/users/isteves"],
    "html_url": ["https://github.com/isteves"],
    "followers_url": ["https://api.github.com/users/isteves/followers"],
    "following_url": ["https://api.github.com/users/isteves/following{/other_user}"],
    "gists_url": ["https://api.github.com/users/isteves/gists{/gist_id}"],
    "starred_url": ["https://api.github.com/users/isteves/starred{/owner}{/repo}"],
    "subscriptions_url": ["https://api.github.com/users/isteves/subscriptions"],
    "organizations_url": ["https://api.github.com/users/isteves/orgs"],
    "repos_url": ["https://api.github.com/users/isteves/repos"],
    "events_url": ["https://api.github.com/users/isteves/events{/privacy}"],
    "received_events_url": ["https://api.github.com/users/isteves/received_events"],
    "type": ["User"],
    "site_admin": [false]
  },
  "html_url": ["https://github.com/isteves/wakefield"],
  "description": ["Generate random data sets"],
  "fork": [true],
  "url": ["https://api.github.com/repos/isteves/wakefield"],
  "forks_url": ["https://api.github.com/repos/isteves/wakefield/forks"],
  "keys_url": ["https://api.github.com/repos/isteves/wakefield/keys{/key_id}"],
  "collaborators_url": ["https://api.github.com/repos/isteves/wakefield/collaborators{/collaborator}"],
  "teams_url": ["https://api.github.com/repos/isteves/wakefield/teams"],
  "hooks_url": ["https://api.github.com/repos/isteves/wakefield/hooks"],
  "issue_events_url": ["https://api.github.com/repos/isteves/wakefield/issues/events{/number}"],
  "events_url": ["https://api.github.com/repos/isteves/wakefield/events"],
  "assignees_url": ["https://api.github.com/repos/isteves/wakefield/assignees{/user}"],
  "branches_url": ["https://api.github.com/repos/isteves/wakefield/branches{/branch}"],
  "tags_url": ["https://api.github.com/repos/isteves/wakefield/tags"],
  "blobs_url": ["https://api.github.com/repos/isteves/wakefield/git/blobs{/sha}"],
  "git_tags_url": ["https://api.github.com/repos/isteves/wakefield/git/tags{/sha}"],
  "git_refs_url": ["https://api.github.com/repos/isteves/wakefield/git/refs{/sha}"],
  "trees_url": ["https://api.github.com/repos/isteves/wakefield/git/trees{/sha}"],
  "statuses_url": ["https://api.github.com/repos/isteves/wakefield/statuses/{sha}"],
  "languages_url": ["https://api.github.com/repos/isteves/wakefield/languages"],
  "stargazers_url": ["https://api.github.com/repos/isteves/wakefield/stargazers"],
  "contributors_url": ["https://api.github.com/repos/isteves/wakefield/contributors"],
  "subscribers_url": ["https://api.github.com/repos/isteves/wakefield/subscribers"],
  "subscription_url": ["https://api.github.com/repos/isteves/wakefield/subscription"],
  "commits_url": ["https://api.github.com/repos/isteves/wakefield/commits{/sha}"],
  "git_commits_url": ["https://api.github.com/repos/isteves/wakefield/git/commits{/sha}"],
  "comments_url": ["https://api.github.com/repos/isteves/wakefield/comments{/number}"],
  "issue_comment_url": ["https://api.github.com/repos/isteves/wakefield/issues/comments{/number}"],
  "contents_url": ["https://api.github.com/repos/isteves/wakefield/contents/{+path}"],
  "compare_url": ["https://api.github.com/repos/isteves/wakefield/compare/{base}...{head}"],
  "merges_url": ["https://api.github.com/repos/isteves/wakefield/merges"],
  "archive_url": ["https://api.github.com/repos/isteves/wakefield/{archive_format}{/ref}"],
  "downloads_url": ["https://api.github.com/repos/isteves/wakefield/downloads"],
  "issues_url": ["https://api.github.com/repos/isteves/wakefield/issues{/number}"],
  "pulls_url": ["https://api.github.com/repos/isteves/wakefield/pulls{/number}"],
  "milestones_url": ["https://api.github.com/repos/isteves/wakefield/milestones{/number}"],
  "notifications_url": ["https://api.github.com/repos/isteves/wakefield/notifications{?since,all,participating}"],
  "labels_url": ["https://api.github.com/repos/isteves/wakefield/labels{/name}"],
  "releases_url": ["https://api.github.com/repos/isteves/wakefield/releases{/id}"],
  "deployments_url": ["https://api.github.com/repos/isteves/wakefield/deployments"],
  "created_at": ["2018-08-11T19:21:46Z"],
  "updated_at": ["2018-08-11T19:22:53Z"],
  "pushed_at": ["2018-08-11T19:22:52Z"],
  "git_url": ["git://github.com/isteves/wakefield.git"],
  "ssh_url": ["git@github.com:isteves/wakefield.git"],
  "clone_url": ["https://github.com/isteves/wakefield.git"],
  "svn_url": ["https://github.com/isteves/wakefield"],
  "homepage": {},
  "size": [3299],
  "stargazers_count": [0],
  "watchers_count": [0],
  "language": ["R"],
  "has_issues": [false],
  "has_projects": [true],
  "has_downloads": [true],
  "has_wiki": [true],
  "has_pages": [false],
  "forks_count": [0],
  "mirror_url": {},
  "archived": [false],
  "open_issues_count": [0],
  "license": {},
  "forks": [0],
  "open_issues": [0],
  "watchers": [0],
  "default_branch": ["master"],
  "permissions": {
    "admin": [false],
    "push": [false],
    "pull": [true]
  }
}
