{
  "id": [131682558],
  "node_id": ["MDEwOlJlcG9zaXRvcnkxMzE2ODI1NTg="],
  "name": ["watsoncamp"],
  "full_name": ["isteves/watsoncamp"],
  "private": [false],
  "owner": {
    "login": ["isteves"],
    "id": [25118334],
    "node_id": ["MDQ6VXNlcjI1MTE4MzM0"],
    "avatar_url": ["https://avatars2.githubusercontent.com/u/25118334?v=4"],
    "gravatar_id": [""],
    "url": ["https://api.github.com/users/isteves"],
    "html_url": ["https://github.com/isteves"],
    "followers_url": ["https://api.github.com/users/isteves/followers"],
    "following_url": ["https://api.github.com/users/isteves/following{/other_user}"],
    "gists_url": ["https://api.github.com/users/isteves/gists{/gist_id}"],
    "starred_url": ["https://api.github.com/users/isteves/starred{/owner}{/repo}"],
    "subscriptions_url": ["https://api.github.com/users/isteves/subscriptions"],
    "organizations_url": ["https://api.github.com/users/isteves/orgs"],
    "repos_url": ["https://api.github.com/users/isteves/repos"],
    "events_url": ["https://api.github.com/users/isteves/events{/privacy}"],
    "received_events_url": ["https://api.github.com/users/isteves/received_events"],
    "type": ["User"],
    "site_admin": [false]
  },
  "html_url": ["https://github.com/isteves/watsoncamp"],
  "description": ["Exploring data from watsonswander.com"],
  "fork": [false],
  "url": ["https://api.github.com/repos/isteves/watsoncamp"],
  "forks_url": ["https://api.github.com/repos/isteves/watsoncamp/forks"],
  "keys_url": ["https://api.github.com/repos/isteves/watsoncamp/keys{/key_id}"],
  "collaborators_url": ["https://api.github.com/repos/isteves/watsoncamp/collaborators{/collaborator}"],
  "teams_url": ["https://api.github.com/repos/isteves/watsoncamp/teams"],
  "hooks_url": ["https://api.github.com/repos/isteves/watsoncamp/hooks"],
  "issue_events_url": ["https://api.github.com/repos/isteves/watsoncamp/issues/events{/number}"],
  "events_url": ["https://api.github.com/repos/isteves/watsoncamp/events"],
  "assignees_url": ["https://api.github.com/repos/isteves/watsoncamp/assignees{/user}"],
  "branches_url": ["https://api.github.com/repos/isteves/watsoncamp/branches{/branch}"],
  "tags_url": ["https://api.github.com/repos/isteves/watsoncamp/tags"],
  "blobs_url": ["https://api.github.com/repos/isteves/watsoncamp/git/blobs{/sha}"],
  "git_tags_url": ["https://api.github.com/repos/isteves/watsoncamp/git/tags{/sha}"],
  "git_refs_url": ["https://api.github.com/repos/isteves/watsoncamp/git/refs{/sha}"],
  "trees_url": ["https://api.github.com/repos/isteves/watsoncamp/git/trees{/sha}"],
  "statuses_url": ["https://api.github.com/repos/isteves/watsoncamp/statuses/{sha}"],
  "languages_url": ["https://api.github.com/repos/isteves/watsoncamp/languages"],
  "stargazers_url": ["https://api.github.com/repos/isteves/watsoncamp/stargazers"],
  "contributors_url": ["https://api.github.com/repos/isteves/watsoncamp/contributors"],
  "subscribers_url": ["https://api.github.com/repos/isteves/watsoncamp/subscribers"],
  "subscription_url": ["https://api.github.com/repos/isteves/watsoncamp/subscription"],
  "commits_url": ["https://api.github.com/repos/isteves/watsoncamp/commits{/sha}"],
  "git_commits_url": ["https://api.github.com/repos/isteves/watsoncamp/git/commits{/sha}"],
  "comments_url": ["https://api.github.com/repos/isteves/watsoncamp/comments{/number}"],
  "issue_comment_url": ["https://api.github.com/repos/isteves/watsoncamp/issues/comments{/number}"],
  "contents_url": ["https://api.github.com/repos/isteves/watsoncamp/contents/{+path}"],
  "compare_url": ["https://api.github.com/repos/isteves/watsoncamp/compare/{base}...{head}"],
  "merges_url": ["https://api.github.com/repos/isteves/watsoncamp/merges"],
  "archive_url": ["https://api.github.com/repos/isteves/watsoncamp/{archive_format}{/ref}"],
  "downloads_url": ["https://api.github.com/repos/isteves/watsoncamp/downloads"],
  "issues_url": ["https://api.github.com/repos/isteves/watsoncamp/issues{/number}"],
  "pulls_url": ["https://api.github.com/repos/isteves/watsoncamp/pulls{/number}"],
  "milestones_url": ["https://api.github.com/repos/isteves/watsoncamp/milestones{/number}"],
  "notifications_url": ["https://api.github.com/repos/isteves/watsoncamp/notifications{?since,all,participating}"],
  "labels_url": ["https://api.github.com/repos/isteves/watsoncamp/labels{/name}"],
  "releases_url": ["https://api.github.com/repos/isteves/watsoncamp/releases{/id}"],
  "deployments_url": ["https://api.github.com/repos/isteves/watsoncamp/deployments"],
  "created_at": ["2018-05-01T06:14:57Z"],
  "updated_at": ["2018-07-10T00:54:32Z"],
  "pushed_at": ["2018-07-10T00:54:30Z"],
  "git_url": ["git://github.com/isteves/watsoncamp.git"],
  "ssh_url": ["git@github.com:isteves/watsoncamp.git"],
  "clone_url": ["https://github.com/isteves/watsoncamp.git"],
  "svn_url": ["https://github.com/isteves/watsoncamp"],
  "homepage": ["https://isteves.github.io/watsoncamp/"],
  "size": [4849],
  "stargazers_count": [0],
  "watchers_count": [0],
  "language": ["HTML"],
  "has_issues": [true],
  "has_projects": [true],
  "has_downloads": [true],
  "has_wiki": [true],
  "has_pages": [true],
  "forks_count": [0],
  "mirror_url": {},
  "archived": [false],
  "open_issues_count": [0],
  "license": {},
  "forks": [0],
  "open_issues": [0],
  "watchers": [0],
  "default_branch": ["master"],
  "permissions": {
    "admin": [false],
    "push": [false],
    "pull": [true]
  }
}
