{
  "id": [140190611],
  "node_id": ["MDEwOlJlcG9zaXRvcnkxNDAxOTA2MTE="],
  "name": ["website"],
  "full_name": ["isteves/website"],
  "private": [false],
  "owner": {
    "login": ["isteves"],
    "id": [25118334],
    "node_id": ["MDQ6VXNlcjI1MTE4MzM0"],
    "avatar_url": ["https://avatars2.githubusercontent.com/u/25118334?v=4"],
    "gravatar_id": [""],
    "url": ["https://api.github.com/users/isteves"],
    "html_url": ["https://github.com/isteves"],
    "followers_url": ["https://api.github.com/users/isteves/followers"],
    "following_url": ["https://api.github.com/users/isteves/following{/other_user}"],
    "gists_url": ["https://api.github.com/users/isteves/gists{/gist_id}"],
    "starred_url": ["https://api.github.com/users/isteves/starred{/owner}{/repo}"],
    "subscriptions_url": ["https://api.github.com/users/isteves/subscriptions"],
    "organizations_url": ["https://api.github.com/users/isteves/orgs"],
    "repos_url": ["https://api.github.com/users/isteves/repos"],
    "events_url": ["https://api.github.com/users/isteves/events{/privacy}"],
    "received_events_url": ["https://api.github.com/users/isteves/received_events"],
    "type": ["User"],
    "site_admin": [false]
  },
  "html_url": ["https://github.com/isteves/website"],
  "description": {},
  "fork": [false],
  "url": ["https://api.github.com/repos/isteves/website"],
  "forks_url": ["https://api.github.com/repos/isteves/website/forks"],
  "keys_url": ["https://api.github.com/repos/isteves/website/keys{/key_id}"],
  "collaborators_url": ["https://api.github.com/repos/isteves/website/collaborators{/collaborator}"],
  "teams_url": ["https://api.github.com/repos/isteves/website/teams"],
  "hooks_url": ["https://api.github.com/repos/isteves/website/hooks"],
  "issue_events_url": ["https://api.github.com/repos/isteves/website/issues/events{/number}"],
  "events_url": ["https://api.github.com/repos/isteves/website/events"],
  "assignees_url": ["https://api.github.com/repos/isteves/website/assignees{/user}"],
  "branches_url": ["https://api.github.com/repos/isteves/website/branches{/branch}"],
  "tags_url": ["https://api.github.com/repos/isteves/website/tags"],
  "blobs_url": ["https://api.github.com/repos/isteves/website/git/blobs{/sha}"],
  "git_tags_url": ["https://api.github.com/repos/isteves/website/git/tags{/sha}"],
  "git_refs_url": ["https://api.github.com/repos/isteves/website/git/refs{/sha}"],
  "trees_url": ["https://api.github.com/repos/isteves/website/git/trees{/sha}"],
  "statuses_url": ["https://api.github.com/repos/isteves/website/statuses/{sha}"],
  "languages_url": ["https://api.github.com/repos/isteves/website/languages"],
  "stargazers_url": ["https://api.github.com/repos/isteves/website/stargazers"],
  "contributors_url": ["https://api.github.com/repos/isteves/website/contributors"],
  "subscribers_url": ["https://api.github.com/repos/isteves/website/subscribers"],
  "subscription_url": ["https://api.github.com/repos/isteves/website/subscription"],
  "commits_url": ["https://api.github.com/repos/isteves/website/commits{/sha}"],
  "git_commits_url": ["https://api.github.com/repos/isteves/website/git/commits{/sha}"],
  "comments_url": ["https://api.github.com/repos/isteves/website/comments{/number}"],
  "issue_comment_url": ["https://api.github.com/repos/isteves/website/issues/comments{/number}"],
  "contents_url": ["https://api.github.com/repos/isteves/website/contents/{+path}"],
  "compare_url": ["https://api.github.com/repos/isteves/website/compare/{base}...{head}"],
  "merges_url": ["https://api.github.com/repos/isteves/website/merges"],
  "archive_url": ["https://api.github.com/repos/isteves/website/{archive_format}{/ref}"],
  "downloads_url": ["https://api.github.com/repos/isteves/website/downloads"],
  "issues_url": ["https://api.github.com/repos/isteves/website/issues{/number}"],
  "pulls_url": ["https://api.github.com/repos/isteves/website/pulls{/number}"],
  "milestones_url": ["https://api.github.com/repos/isteves/website/milestones{/number}"],
  "notifications_url": ["https://api.github.com/repos/isteves/website/notifications{?since,all,participating}"],
  "labels_url": ["https://api.github.com/repos/isteves/website/labels{/name}"],
  "releases_url": ["https://api.github.com/repos/isteves/website/releases{/id}"],
  "deployments_url": ["https://api.github.com/repos/isteves/website/deployments"],
  "created_at": ["2018-07-08T18:01:20Z"],
  "updated_at": ["2019-03-16T20:13:14Z"],
  "pushed_at": ["2019-03-16T20:13:12Z"],
  "git_url": ["git://github.com/isteves/website.git"],
  "ssh_url": ["git@github.com:isteves/website.git"],
  "clone_url": ["https://github.com/isteves/website.git"],
  "svn_url": ["https://github.com/isteves/website"],
  "homepage": {},
  "size": [8347],
  "stargazers_count": [0],
  "watchers_count": [0],
  "language": ["HTML"],
  "has_issues": [true],
  "has_projects": [true],
  "has_downloads": [true],
  "has_wiki": [true],
  "has_pages": [false],
  "forks_count": [0],
  "mirror_url": {},
  "archived": [false],
  "open_issues_count": [0],
  "license": {
    "key": ["mit"],
    "name": ["MIT License"],
    "spdx_id": ["MIT"],
    "url": ["https://api.github.com/licenses/mit"],
    "node_id": ["MDc6TGljZW5zZTEz"]
  },
  "forks": [0],
  "open_issues": [0],
  "watchers": [0],
  "default_branch": ["master"],
  "permissions": {
    "admin": [false],
    "push": [false],
    "pull": [true]
  }
}
